i,t,tau,x,y,z
0,0,0,-5,-5,0
1,0.01,0.010685969583946239,-4.989426534838531,-4.999130089966553,0.0009950371513358634
2,0.02,0.0213730958037104,-4.978852164181893,-4.998259388588411,0.001990074121051147
3,0.03,0.032061383957489704,-4.968276884496753,-4.997387891325787,0.002985110751163992
4,0.04,0.04275083936929721,-4.957700692235942,-4.996515593605232,0.003980146880567032
5,0.05,0.053441467390572775,-4.947123583840146,-4.995642490831105,0.00497518233348252
6,0.060000000000000005,0.06413327339882352,-4.93654555573181,-4.994768578378664,0.00597021694314769
7,0.07,0.07482626279850173,-4.925966604323364,-4.993893851591281,0.006965250555064414
8,0.08,0.08552044102152466,-4.915386726016137,-4.993018305785061,0.007960283000156308
9,0.09,0.09621581352664542,-4.904805917199366,-4.992141936242887,0.00895531408080006
10,0.09999999999999999,0.10691238580055233,-4.894224174252259,-4.991264738220569,0.009950343628349031
11,0.10999999999999999,0.11761016335621563,-4.883641493529856,-4.990386706946551,0.010945371462578396
12,0.11999999999999998,0.1283091517346471,-4.873057871378784,-4.989507837618545,0.011940397395728091
13,0.12999999999999998,0.13900935650536186,-4.8624733041386206,-4.988628125404847,0.012935421196627927
14,0.13999999999999999,0.14971078326548035,-4.851887788131339,-4.987747565446409,0.013930442716995109
15,0.15,0.16041343763889757,-4.841301319664657,-4.98686615284452,0.014925461776979712
16,0.16,0.17111732527867662,-4.830713895035155,-4.985983882677298,0.015920478174448416
17,0.17,0.18182245186523271,-4.820125510521108,-4.98510074999008,0.01691549169551779
18,0.18000000000000002,0.19252882310853517,-4.809536162395229,-4.984216749799223,0.017910502143123872
19,0.19000000000000003,0.20323644474596486,-4.798945846912776,-4.9833318770850425,0.018905509315360523
20,0.20000000000000004,0.21394532254347087,-4.788354560314574,-4.982446126797222,0.019900513019736388
21,0.21000000000000005,0.22465546229603803,-4.777762298833963,-4.981559493849863,0.02089551305774885
22,0.22000000000000006,0.23536686982776903,-4.76716905868781,-4.980671973130827,0.02189050921297709
23,0.23000000000000007,0.24607955099154802,-4.756574836078772,-4.979783559494705,0.02288550127868712
24,0.24000000000000007,0.2567935116693363,-4.745979627196157,-4.9788942477630185,0.023880489059077685
25,0.25000000000000006,0.2675087577725673,-4.735383428217966,-4.978004032724162,0.024875472337006904
26,0.26000000000000006,0.2782252952423346,-4.724786235304806,-4.9771129091403115,0.025870450877762182
27,0.2700000000000001,0.288943130049337,-4.714188044608986,-4.976220871735207,0.026865424478307285
28,0.2800000000000001,0.2996622681937535,-4.703588852268326,-4.975327915198885,0.027860392895445008
29,0.2900000000000001,0.31038271570638387,-4.692988654408534,-4.974434034193188,0.028855355901133285
30,0.3000000000000001,0.32110447864751945,-4.6823874471393685,-4.973539223344627,0.02985031330132825
31,0.3100000000000001,0.3318275631073334,-4.671785226561092,-4.972643477239713,0.030845264864245672
32,0.3200000000000001,0.34255197520656905,-4.661181988758864,-4.971746790435476,0.031840210345163544
33,0.3300000000000001,0.353277721096725,-4.6505777298017845,-4.970849157460133,0.03283514955107876
34,0.34000000000000014,0.36400480695877324,-4.639972445745857,-4.969950572798285,0.03383008222477575
35,0.35000000000000014,0.374733239004642,-4.629366132633274,-4.9690510309025475,0.034825008107123474
36,0.36000000000000015,0.3854630234778547,-4.618758786497012,-4.968150526192446,0.03581992695177912
37,0.37000000000000016,0.3961941666533469,-4.608150403360144,-4.967249053052146,0.03681483852513169
38,0.38000000000000017,0.40692667483657885,-4.597540979223166,-4.966346605835096,0.03780974260744274
39,0.3900000000000002,0.41766055436371774,-4.5869305100754305,-4.965443178852097,0.03880463896103941
40,0.4000000000000002,0.4283958116034955,-4.576318991902072,-4.964538766378213,0.039799527323446424
41,0.4100000000000002,0.43913245295575276,-4.565706420669131,-4.963633362654937,0.04079440741798882
42,0.4200000000000002,0.44987048485190456,-4.555092792326639,-4.962726961888909,0.04178927900333518
43,0.4300000000000002,0.4606099137555216,-4.5444781028114765,-4.961819558252663,0.04278414182752
44,0.4400000000000002,0.4713507461618836,-4.533862348050535,-4.96091114587603,0.043778995635031515
45,0.45000000000000023,0.4820929885979769,-4.523245523952819,-4.960001718853233,0.04477384015518375
46,0.46000000000000024,0.492836647624201,-4.512627626422899,-4.959091271241155,0.04576867512239193
47,0.47000000000000025,0.503581729833726,-4.502008651348362,-4.958179797065983,0.046763500260376005
48,0.48000000000000026,0.514328241849884,-4.491388594594949,-4.957267290305531,0.04775831526433695
49,0.49000000000000027,0.5250761903298753,-4.480767452017755,-4.956353744906103,0.04875311985103443
50,0.5000000000000002,0.535825581964853,-4.4701452194638,-4.955439154779065,0.04974791375047257
51,0.5100000000000002,0.5465764234788464,-4.459521892767564,-4.954523513795394,0.05074269668940722
52,0.5200000000000002,0.557328721629557,-4.448897467755722,-4.95360681578546,0.05173746842285277
53,0.5300000000000002,0.5680824832068314,-4.438271940231876,-4.952689054542095,0.05273222864362465
54,0.5400000000000003,0.5788377150336184,-4.427645305986404,-4.951770223815942,0.0537269770503867
55,0.5500000000000003,0.5895944239669543,-4.417017560798913,-4.950850317319616,0.054721713337349195
56,0.5600000000000003,0.6003526168987204,-4.406388700440529,-4.94992932872963,0.05571643722403815
57,0.5700000000000003,0.6111123007536838,-4.395758720664124,-4.949007251679506,0.05671114843096956
58,0.5800000000000003,0.6218734824910319,-4.385127617207516,-4.948084079767935,0.05770584663823956
59,0.5900000000000003,0.6326361691036271,-4.374495385797885,-4.947159806546199,0.05870053153260943
60,0.6000000000000003,0.6434003676191903,-4.363862022147745,-4.946234425530771,0.05969520277985823
61,0.6100000000000003,0.6541660851011168,-4.353227521964774,-4.945307930197208,0.06068986010653997
62,0.6200000000000003,0.6649333286459872,-4.342591880931462,-4.944380313980572,0.06168450322973457
63,0.6300000000000003,0.6757021053861322,-4.331955094727296,-4.943451570272252,0.0626791318197244
64,0.6400000000000003,0.6864724224884092,-4.32131715901355,-4.942521692423799,0.0636737455438963
65,0.6500000000000004,0.6972442871547712,-4.310678069438553,-4.941590673744514,0.0646683440740974
66,0.6600000000000004,0.7080177066225247,-4.300037821638025,-4.940658507501829,0.06566292707837079
67,0.6700000000000004,0.7187926881651162,-4.289396411239657,-4.939725186921573,0.06665749421100259
68,0.6800000000000004,0.7295692390910472,-4.2787538338545135,-4.938790705186398,0.06765204513533679
69,0.6900000000000004,0.7403473667440691,-4.268110085080442,-4.937855055432498,0.06864657951859
70,0.7000000000000004,0.7511270785046146,-4.257465160499221,-4.936918230762256,0.0696410970324945
71,0.7100000000000004,0.7619083817885599,-4.246819055682112,-4.935980224228078,0.07063559731641413
72,0.7200000000000004,0.7726912840484764,-4.236171766193555,-4.9350410288364825,0.07163008001614093
73,0.7300000000000004,0.7834757927734479,-4.2255232875796125,-4.93410063755657,0.07262454480106464
74,0.7400000000000004,0.7942619154892273,-4.2148736153749,-4.933159043313543,0.07361899131761773
75,0.7500000000000004,0.805049659758349,-4.204222745102518,-4.932216238987862,0.07461341921331625
76,0.7600000000000005,0.815839033179296,-4.193570672272374,-4.931272217409575,0.07560782810714889
77,0.7700000000000005,0.8266300433883098,-4.182917392380367,-4.930326971370868,0.07660221763881878
78,0.7800000000000005,0.8374226980578117,-4.172262900910987,-4.929380493610687,0.07759658742249347
79,0.7900000000000005,0.8482170048990437,-4.161607193338005,-4.928432776832145,0.07859093709216677
80,0.8000000000000005,0.8590129716600184,-4.150950265121421,-4.927483813688957,0.07958526626912968
81,0.8100000000000005,0.8698106061263996,-4.14029211170988,-4.9265335967882775,0.08057957456722911
82,0.8200000000000005,0.8806099161210085,-4.129632728538713,-4.925582118687682,0.08157386158405794
83,0.8300000000000005,0.8914109095050996,-4.118972111028463,-4.924629371904412,0.08256812692713256
84,0.8400000000000005,0.902213594178416,-4.1083102545925705,-4.923675348906869,0.08356237021156447
85,0.8500000000000005,0.9130179780772771,-4.097647154624697,-4.922720042111063,0.08455659106646447
86,0.8600000000000005,0.9238240691774839,-4.086982806507998,-4.921763443893074,0.08555078907957692
87,0.8700000000000006,0.9346318754940587,-4.076317205613835,-4.920805546586042,0.0865449638454242
88,0.8800000000000006,0.9454414050810753,-4.065650347314186,-4.919846342465746,0.08753911494864086
89,0.8900000000000006,0.956252666029573,-4.054982226955534,-4.918885823758632,0.0885332419836069
90,0.9000000000000006,0.9670656664709237,-4.044312839876524,-4.917923982649222,0.08952734451402065
91,0.9100000000000006,0.977880414575581,-4.033642181409127,-4.916960811267171,0.09052142213025785
92,0.9200000000000006,0.9886969185530392,-4.022970246863347,-4.915996301701184,0.09151547440556028
93,0.9300000000000006,0.9995151866522466,-4.012297031540178,-4.915030445987875,0.09250950091202469
94,0.9400000000000006,1.0103352271625574,-4.001622530737225,-4.91406323611245,0.09350350120252712
95,0.9500000000000006,1.0211570484126402,-3.990946739735948,-4.913094664010907,0.0944974748408626
96,0.9600000000000006,1.0319806587697697,-3.9802696538022606,-4.912124721562952,0.09549142139781629
97,0.9700000000000006,1.0428060666434853,-3.969591268194841,-4.911153400610127,0.09648534042400063
98,0.9800000000000006,1.0536332804822435,-3.958911578154441,-4.9101806929399325,0.09747923145665296
99,0.9900000000000007,1.0644623087751253,-3.9482305789172214,-4.9092065902837305,0.09847309404718423
100,1.0000000000000007,1.0752931600525126,-3.9375482657043985,-4.908231084330018,0.0994669277651834
101,1.0100000000000007,1.0861258428856047,-3.9268646337315687,-4.907254166712506,0.10046073211634803
102,1.0200000000000007,1.0969603658854354,-3.916179678196229,-4.906275829011737,0.10145450662244938
103,1.0300000000000007,1.1077967377043834,-3.9054933942903487,-4.905296062753828,0.10244825077720023
104,1.0400000000000007,1.1186349670358924,-3.8948057771994096,-4.904314859406837,0.10344196410130739
105,1.0500000000000007,1.1294750626153054,-3.8841168220914315,-4.903332210396244,0.10443564611720711
106,1.0600000000000007,1.140317033218178,-3.873426524118381,-4.902348107090182,0.10542929634794887
107,1.0700000000000007,1.1511608876625337,-3.86273487842897,-4.901362540802703,0.10642291430182377
108,1.0800000000000007,1.1620066348095641,-3.8520418801674645,-4.900375502797964,0.10741649949931897
109,1.0900000000000007,1.1728542835620357,-3.8413475244628943,-4.89938698428848,0.10841005143246474
110,1.1000000000000008,1.1837038428637492,-3.8306518064263253,-4.898396976432307,0.10940356957357089
111,1.1100000000000008,1.1945553216998854,-3.8199547211594473,-4.89740547032559,0.1103970534052988
112,1.1200000000000008,1.2054087290994917,-3.809256263763149,-4.896412457010325,0.11139050244701618
113,1.1300000000000008,1.2162640741337571,-3.798556429320449,-4.8954179274788165,0.11238391616186053
114,1.1400000000000008,1.2271213659160647,-3.7878552129039185,-4.894421872664629,0.1133772940115126
115,1.1500000000000008,1.2379806136025289,-3.777152609576712,-4.89342428344375,0.11437063547300542
116,1.1600000000000008,1.2488418263937342,-3.766448614398055,-4.892425150640846,0.11536394002257269
117,1.1700000000000008,1.2597050135329244,-3.755743222412799,-4.891424465025472,0.11635720711089435
118,1.1800000000000008,1.2705701843061241,-3.7450364286539624,-4.890422217308921,0.11735043618015568
119,1.1900000000000008,1.281437348042739,-3.734328228152681,-4.889418398137714,0.11834362668244379
120,1.2000000000000008,1.292306514116375,-3.7236186159279296,-4.888412998107388,0.11933677807627059
121,1.2100000000000009,1.3031776919443558,-3.712907586993781,-4.887406007752525,0.12032988978303442
122,1.2200000000000009,1.3140508909888178,-3.7021951363567123,-4.886397417554699,0.12132296121761374
123,1.2300000000000009,1.3249261207543206,-3.6914812590051156,-4.885387217934363,0.1223159917829435
124,1.2400000000000009,1.33580339079097,-3.6807659499206404,-4.884375399259629,0.12330898091644323
125,1.2500000000000009,1.346682710691749,-3.6700492040733015,-4.8833619518323514,0.12430192804457316
126,1.260000000000001,1.3575640900934378,-3.659331016425432,-4.882346865890345,0.1252948325611425
127,1.270000000000001,1.368447538679781,-3.6486113819337267,-4.881330131624486,0.12628769387985428
128,1.280000000000001,1.379333066178213,-3.637890295549991,-4.880311739155758,0.12728051139208296
129,1.290000000000001,1.3902206823623275,-3.627167752219685,-4.87929167855184,0.1282732844770369
130,1.300000000000001,1.4011103970501504,-3.6164437468738946,-4.878269939819833,0.12926601255367803
131,1.310000000000001,1.4120022201034719,-3.605718274434447,-4.877246512898318,0.13025869500209253
132,1.320000000000001,1.4228961614313616,-3.594991329819246,-4.876221387674786,0.13125133117738508
133,1.330000000000001,1.4337922309875633,-3.58426290794288,-4.875194553965291,0.132243920451671
134,1.340000000000001,1.4446904387713049,-3.5735330037051214,-4.87416600152942,0.13323646219162877
135,1.350000000000001,1.4555907948273914,-3.562801611995567,-4.873135720066144,0.1342289557432166
136,1.360000000000001,1.4664933092461894,-3.552068727704776,-4.872103699201653,0.13522140047590564
137,1.370000000000001,1.4773979921648521,-3.541334345712219,-4.871069928508484,0.1362137957270212
138,1.380000000000001,1.488304853768272,-3.5305984609002783,-4.870034397498074,0.13720614081886728
139,1.390000000000001,1.4992139042865575,-3.5198610681348024,-4.868997095619565,0.13819843506520865
140,1.400000000000001,1.5101251539967673,-3.509122162278672,-4.867958012257144,0.13919067781381278
141,1.410000000000001,1.521038613221058,-3.4983817381832685,-4.866917136725764,0.14018286839267388
142,1.420000000000001,1.5319542923294702,-3.4876397906986676,-4.865874458279306,0.1411750061205674
143,1.430000000000001,1.542872201738529,-3.476896314674081,-4.864829966099844,0.14216709031294242
144,1.440000000000001,1.553792351911694,-3.4661513049426373,-4.863783649313329,0.1431591202548222
145,1.450000000000001,1.56471475336011,-3.4554047563372374,-4.862735496977568,0.1441510952759495
146,1.460000000000001,1.5756394166433885,-3.444656663697556,-4.861685498083224,0.14514301465964582
147,1.470000000000001,1.5865663523662066,-3.433907021838267,-4.860633641557302,0.14613487765430266
148,1.480000000000001,1.5974955711808951,-3.4231558255764734,-4.859579916253347,0.14712668354775985
149,1.490000000000001,1.6084270837876489,-3.412403069718965,-4.858524310965169,0.14811843158531576
150,1.500000000000001,1.6193609009358036,-3.401648749075644,-4.857466814419856,0.14911012105896548
151,1.5100000000000011,1.6302970334218865,-3.3908928584526348,-4.856407415272309,0.15010175123815922
152,1.5200000000000011,1.6412354920908736,-3.3801353926515967,-4.855346102113972,0.15109332133884282
153,1.5300000000000011,1.6521762878344464,-3.369376346457724,-4.854282863467515,0.15208483061993147
154,1.5400000000000011,1.6631194315943143,-3.358615714664084,-4.8532176877886455,0.15307627832755005
155,1.5500000000000012,1.6740649343599152,-3.3478534920611596,-4.85215056345916,0.1540676636985301
156,1.5600000000000012,1.6850128071691146,-3.337089673429255,-4.851081478797494,0.15505898593812598
157,1.5700000000000012,1.6959630611076313,-3.3263242535493305,-4.850010422043787,0.15605024426309733
158,1.5800000000000012,1.7069157073115528,-3.3155572272011002,-4.848937381377226,0.15704143787888344
159,1.5900000000000012,1.7178707569651768,-3.304788589159166,-4.847862344904176,0.15803256599439447
160,1.6000000000000012,1.7288282213026125,-3.2940183342058074,-4.846785300657571,0.15902362780396778
161,1.6100000000000012,1.739788111605926,-3.283246457111876,-4.84570623660072,0.1600146224685512
162,1.6200000000000012,1.7507504392063715,-3.272472952645128,-4.844625140625682,0.16100554916330653
163,1.6300000000000012,1.7617152154852063,-3.2616978155697285,-4.8435420005576155,0.16199640708459848
164,1.6400000000000012,1.772682451871861,-3.2509210406481883,-4.842456804142948,0.1629871953956169
165,1.6500000000000012,1.7836521598466517,-3.240142622646119,-4.841369539060736,0.16397791325014133
166,1.6600000000000013,1.794624350940456,-3.2293625563345874,-4.840280192917583,0.16496855980316347
167,1.6700000000000013,1.8055990367331622,-3.2185808364743864,-4.839188753250222,0.16595913420157227
168,1.6800000000000013,1.816576228853186,-3.2077974578238444,-4.8380952075162,0.1669496355661745
169,1.6900000000000013,1.8275559389806806,-3.197012415150889,-4.836999543102563,0.16794006301038825
170,1.7000000000000013,1.838538178844655,-3.18622570321644,-4.835901747319688,0.16893041566694778
171,1.7100000000000013,1.8495229602238175,-3.1754373167761893,-4.834801807405296,0.16992069266004842
172,1.7200000000000013,1.8605102949488577,-3.1646472505966123,-4.833699710525936,0.17091089308026391
173,1.7300000000000013,1.8715001948999817,-3.153855499440596,-4.832595443770475,0.17190101604220803
174,1.7400000000000013,1.8824926720083632,-3.1430620580763478,-4.831488994153446,0.17289106062529347
175,1.7500000000000013,1.8934877382549145,-3.1322669212717287,-4.830380348610645,0.17388102589509272
176,1.7600000000000013,1.9044854056717995,-3.121470083802576,-4.829269494001065,0.17487091090515508
177,1.7700000000000014,1.9154856863416025,-3.1106715404348617,-4.828156417113648,0.17586071473566997
178,1.7800000000000014,1.9264885923979904,-3.099871285945911,-4.827041104655447,0.17685043645841225
179,1.7900000000000014,1.937494136024364,-3.089069315108885,-4.825923543256145,0.17784007510868652
180,1.8000000000000014,1.9485023294552717,-3.0782656226933334,-4.824803719473464,0.17882962973618644
181,1.8100000000000014,1.9595131849777059,-3.0674602034825966,-4.8236816197884975,0.179819099363432
182,1.8200000000000014,1.970526714930628,-3.056653052275585,-4.822557230599101,0.1808084830343191
183,1.8300000000000014,1.9815429317024447,-3.0458441638576077,-4.821430538228096,0.18179777978096837
184,1.8400000000000014,1.9925618477320142,-3.035033533015416,-4.820301528918077,0.18278698860104353
185,1.8500000000000014,2.0035834755104838,-3.024221154543982,-4.819170188835694,0.18377610848033937
186,1.8600000000000014,2.0146078275814014,-3.013407023249821,-4.81803650406938,0.184765138391265
187,1.8700000000000014,2.025634916537821,-3.002591133938912,-4.816900460619507,0.18575407733120117
188,1.8800000000000014,2.0366647550261443,-2.991773481434025,-4.815762044410358,0.18674292424962705
189,1.8900000000000015,2.04769735574346,-2.9809540605508107,-4.814621241289248,0.18773167811910896
190,1.9000000000000015,2.0587327314390294,-2.9701328661111743,-4.813478037026126,0.1887203378997068
191,1.9100000000000015,2.0697708949127667,-2.9593098929468833,-4.812332417301499,0.1897089025427954
192,1.9200000000000015,2.0808118590171154,-2.9484851359061532,-4.8111843677121495,0.19069737099036152
193,1.9300000000000015,2.0918556366562875,-2.9376585898316487,-4.810033873783677,0.19168574215300113
194,1.9400000000000015,2.102902240786759,-2.9268302495734493,-4.808880920960485,0.1926740149768677
195,1.9500000000000015,2.113951684416049,-2.916000109990999,-4.807725494600875,0.1936621883524762
196,1.9600000000000015,2.12500398060361,-2.9051681659530004,-4.80656757997911,0.19465026118261303
197,1.9700000000000015,2.1360591424604003,-2.894334412335832,-4.805407162285119,0.19563823235332192
198,1.9800000000000015,2.1471171831502645,-2.8834988440234484,-4.804244226630732,0.19662610076690495
199,1.9900000000000015,2.1581781158901916,-2.8726614559191765,-4.803078758044302,0.19761386529543565
200,2.0000000000000013,2.1692419539477,-2.8618222429311952,-4.801910741466481,0.19860152477664694
201,2.010000000000001,2.1803087106431804,-2.850981199982536,-4.8007401617542484,0.19958907805522916
202,2.020000000000001,2.191378399348415,-2.840138321991289,-4.799567003687077,0.20057652397340275
203,2.0300000000000007,2.2024510334882845,-2.8292936039038326,-4.798391251953521,0.20156386134541412
204,2.0400000000000005,2.2135266265402733,-2.8184470406775906,-4.797212891158509,0.20255108900884447
205,2.0500000000000003,2.2246051920341845,-2.807598627272422,-4.796031905828047,0.2035382058177649
206,2.06,2.235686743548995,-2.7967483586542574,-4.794848280392663,0.2045252105594888
207,2.07,2.246771294717681,-2.785896229810447,-4.793661999199574,0.20551210203961873
208,2.0799999999999996,2.257858859224573,-2.7750422357347606,-4.792473046511521,0.20649887901728003
209,2.0899999999999994,2.26894945080899,-2.764186371451938,-4.791281406505706,0.20748554028896013
210,2.099999999999999,2.2800430832605003,-2.753328631986605,-4.790087063272667,0.20847208462031605
211,2.109999999999999,2.2911397704205725,-2.7424690123759734,-4.788890000815377,0.20945851076865293
212,2.1199999999999988,2.302239526183872,-2.7316075076790223,-4.787690203050865,0.21044481746580715
213,2.1299999999999986,2.3133423644960156,-2.720744112971236,-4.786487653800921,0.2114310034339172
214,2.1399999999999983,2.3244482993555264,-2.7098788233316666,-4.785282336809186,0.21241706744428343
215,2.149999999999998,2.3355573448147346,-2.6990116338747074,-4.784074235729034,0.21340300821036953
216,2.159999999999998,2.346669514977432,-2.6881425397277146,-4.782863334124577,0.21438882443003612
217,2.1699999999999977,2.3577848239978616,-2.6772715360258896,-4.781649615468621,0.21537451479081804
218,2.1799999999999975,2.368903286082724,-2.6663986179201817,-4.780433063149088,0.21636007795345777
219,2.1899999999999973,2.380024915493202,-2.6555237805888607,-4.779213660469618,0.21734551260664633
220,2.199999999999997,2.391149726541323,-2.644647019225491,-4.777991390641956,0.21833081739265173
221,2.209999999999997,2.4022777335897167,-2.633768329044371,-4.776766236778539,0.21931599096404136
222,2.2199999999999966,2.4134089510528596,-2.622887705275523,-4.775538181904394,0.22030103195368214
223,2.2299999999999964,2.424543393397505,-2.6120051431621567,-4.7743072089591685,0.22128593902117585
224,2.239999999999996,2.435681075143782,-2.6011206379847143,-4.773073300790384,0.2222707107855821
225,2.249999999999996,2.4468220108632153,-2.5902341850460298,-4.771836440152681,0.22325534583950046
226,2.259999999999996,2.4579662151780624,-2.5793457796578743,-4.770596609713035,0.2242398427623588
227,2.2699999999999956,2.469113702761955,-2.5684554171590572,-4.769353792040807,0.22522420015443534
228,2.2799999999999954,2.4802644883416436,-2.5575630929146578,-4.768107969621142,0.2262084165732775
229,2.289999999999995,2.4914185866950405,-2.5466688023041972,-4.766859124848868,0.2271924906149046
230,2.299999999999995,2.5025760126492913,-2.5357725407331535,-4.765607240015266,0.22817642083289383
231,2.3099999999999947,2.513736781085142,-2.5248743036315333,-4.764352297331697,0.22916020575684007
232,2.3199999999999945,2.5249009069356836,-2.5139740864674485,-4.763094278913864,0.23014384390746218
233,2.3299999999999943,2.5360684051832396,-2.503071884716777,-4.761833166785915,0.23112733379899034
234,2.339999999999994,2.547239290861893,-2.492167693894263,-4.760568942872692,0.23211067396320265
235,2.349999999999994,2.558413579056703,-2.481261509531696,-4.759301589013963,0.23309386288304848
236,2.3599999999999937,2.569591284903123,-2.4703533271850757,-4.758031086954777,0.23407689904357998
237,2.3699999999999934,2.580772423587659,-2.459443142448628,-4.756757418340501,0.23505978093297902
238,2.3799999999999932,2.5919570103486103,-2.4485309509402167,-4.755480564732966,0.2360425070019433
239,2.389999999999993,2.603145060473099,-2.4376167483044693,-4.754200507593521,0.23702507567066022
240,2.399999999999993,2.6143365892986874,-2.426700530214901,-4.752917228287542,0.23800748539196076
241,2.4099999999999926,2.6255316122133467,-2.415782292373089,-4.751630708087185,0.23898973462099415
242,2.4199999999999924,2.6367301446576095,-2.404862030531102,-4.750340928172319,0.23997182175419818
243,2.429999999999992,2.6479322021200074,-2.3939397404586025,-4.749047869625195,0.2409537452012077
244,2.439999999999992,2.6591378001397454,-2.383015417957722,-4.747751513437096,0.24193550335607686
245,2.4499999999999917,2.670346954304585,-2.3720890588617536,-4.746451840501344,0.24291709456112806
246,2.4599999999999915,2.681559680252123,-2.3611606590370258,-4.7451488316151575,0.24389851719022246
247,2.4699999999999913,2.6927759936706033,-2.350230214383663,-4.743842467486667,0.24487976960413793
248,2.479999999999991,2.703995910296025,-2.3392977208296113,-4.7425327287257,0.24586085013923503
249,2.489999999999991,2.7152194459152152,-2.328363174358223,-4.741219595841639,0.2468417571384397
250,2.4999999999999907,2.726446616364411,-2.317426570980057,-4.739903049256325,0.24782248892460146
251,2.5099999999999905,2.7376774375262807,-2.306487906731813,-4.738583069291652,0.248803043786702
252,2.5199999999999902,2.7489119253308525,-2.2955471776856453,-4.737259636168377,0.24978342000463863
253,2.52999999999999,2.760150095759821,-2.2846043799632265,-4.735932730018413,0.25076361588193136
254,2.53999999999999,2.7713919648429584,-2.273659509737868,-4.734602330870728,0.2517436296790401
255,2.5499999999999896,2.782637548657472,-2.2627125632080154,-4.73326841866418,0.2527234596383028
256,2.5599999999999894,2.793886863326514,-2.251763536599802,-4.73193097323925,0.25370310399405543
257,2.569999999999989,2.8051399250203266,-2.240812426177885,-4.730589974338493,0.2546825609735907
258,2.579999999999989,2.8163967499582023,-2.229859228254867,-4.729245401611816,0.25566182879934757
259,2.5899999999999888,2.8276573544072527,-2.2189039391972774,-4.727897234609148,0.25664090567490805
260,2.5999999999999885,2.838921754680289,-2.207946555418152,-4.726545452775472,0.2576197897946291
261,2.6099999999999883,2.8501899671372355,-2.196987073356273,-4.725190035471625,0.2585984793419224
262,2.619999999999988,2.8614620081840765,-2.1860254895028928,-4.723830961956603,0.259576972459132
263,2.629999999999988,2.8727378942750215,-2.1750618003981725,-4.722468211398032,0.26055526731319717
264,2.6399999999999877,2.8840176419066226,-2.1640960026140084,-4.721101762859407,0.2615333620238642
265,2.6499999999999875,2.895301267621486,-2.1531280927797516,-4.719731595301583,0.2625112547187305
266,2.6599999999999873,2.906588788009693,-2.142158067574182,-4.718357687597894,0.2634889435015549
267,2.669999999999987,2.9178802197052827,-2.131185923725311,-4.716980018517946,0.26446642647085816
268,2.679999999999987,2.9291755793865164,-2.1202116579970394,-4.7155985667403275,0.26544370168585807
269,2.6899999999999866,2.9404748837762065,-2.1092352671981875,-4.714213310845937,0.2664207672475052
270,2.6999999999999864,2.9517781496408935,-2.098256748196351,-4.712824229314101,0.26739762119540017
271,2.709999999999986,2.9630853937913697,-2.087276097919805,-4.711431300522542,0.26837426156581895
272,2.719999999999986,2.974396633082327,-2.0762933133240806,-4.710034502765745,0.2693506864045119
273,2.7299999999999858,2.9857118844110957,-2.065308391432381,-4.708633814231031,0.2703268937161885
274,2.7399999999999856,2.9970311647171313,-2.0543213293214806,-4.707229213003775,0.27130288150470216
275,2.7499999999999853,3.008354490984812,-2.0433321241171223,-4.705820677085564,0.27227864776744654
276,2.759999999999985,3.0196818802391934,-2.0323407730053855,-4.704408184369974,0.27325419049297306
277,2.769999999999985,3.0310133495479388,-2.0213472732383977,-4.7029917126535,0.27422950761599774
278,2.7799999999999847,3.0423489160192547,-2.0103516221027453,-4.701571239640562,0.2752045970971245
279,2.7899999999999845,3.053688596803378,-1.9993538169494154,-4.700146742938804,0.27617945687842554
280,2.7999999999999843,3.065032409089657,-1.9883538551825288,-4.698718200054931,0.27715408486658155
281,2.809999999999984,3.0763803701094337,-1.977351734283055,-4.697285588397545,0.27812847893351667
282,2.819999999999984,3.0877324971325706,-1.9663474517701651,-4.695848885280842,0.27910263697245163
283,2.8299999999999836,3.099088807471619,-1.9553410052460336,-4.6944080679236295,0.2800765568713926
284,2.8399999999999834,3.110449318476156,-1.9443323923533986,-4.692963113450129,0.2810502364856756
285,2.849999999999983,3.121814047534446,-1.9333216108120672,-4.691513998877561,0.28202367368411285
286,2.859999999999983,3.133183012075236,-1.9223086584157363,-4.690060701131303,0.28299686630825654
287,2.869999999999983,3.144556229562421,-1.9112935329871295,-4.688603197046205,0.2839698121797421
288,2.8799999999999826,3.155933717497815,-1.9002762324337872,-4.687141463352015,0.28494250910351077
289,2.8899999999999824,3.1673154934217465,-1.8892567547392547,-4.6856754766831585,0.285914954873707
290,2.899999999999982,3.178701574911862,-1.878235097948998,-4.684205213583563,0.28688714726995396
291,2.909999999999982,3.1900919795795906,-1.867211260154396,-4.682730650502792,0.28785908403731025
292,2.9199999999999817,3.2014867250715016,-1.8561852395115594,-4.68125176379072,0.28883076295345006
293,2.9299999999999815,3.2128858290707134,-1.8451570342610206,-4.679768529702603,0.2898021817348237
294,2.9399999999999813,3.2242893092976437,-1.8341266427309701,-4.678280924401733,0.29077333806829503
295,2.949999999999981,3.235697183505551,-1.8230940633075394,-4.67678892395471,0.29174422965323304
296,2.959999999999981,3.2471094694801628,-1.8120592944415113,-4.675292504329328,0.2927148541985687
297,2.9699999999999807,3.2585261850407794,-1.8010223346616236,-4.673791641398879,0.29368520937473686
298,2.9799999999999804,3.269947348040434,-1.7899831825725028,-4.672286310944781,0.2946552928465815
299,2.9899999999999802,3.2813729763647443,-1.7789418368507106,-4.670776488657229,0.29562510226145083
300,2.99999999999998,3.292803087928649,-1.7678982962475533,-4.669262150122454,0.29659463524692786
301,3.00999999999998,3.304237700679623,-1.7568525595924904,-4.667743270838065,0.2975638894176029
302,3.0199999999999796,3.3156768325966786,-1.7458046257842874,-4.666219826217124,0.298532862360337
303,3.0299999999999794,3.3271205016880097,-1.7347544938080963,-4.664691791572933,0.2995015516263718
304,3.039999999999979,3.3385687259909678,-1.7237021627111937,-4.663159142129423,0.3004699548020289
305,3.049999999999979,3.3500215235713298,-1.7126476316243933,-4.66162185301496,0.3014380694441792
306,3.0599999999999787,3.3614789125254867,-1.7015908997935072,-4.660079899258179,0.30240589310880417
307,3.0699999999999785,3.3729409109767126,-1.6905319665220842,-4.658533255804493,0.30337342332776285
308,3.0799999999999783,3.3844075370748343,-1.6794708311932771,-4.656981897508184,0.3043406575964395
309,3.089999999999978,3.3958788089982512,-1.6684074932854847,-4.655425799133429,0.30530759342951
310,3.099999999999978,3.4073547449483157,-1.6573419523462114,-4.653864935349869,0.3062742283013355
311,3.1099999999999777,3.41883536315371,-1.646274208012844,-4.652299280744852,0.30724055965295494
312,3.1199999999999775,3.4303206818669456,-1.6352042600145906,-4.65072880980777,0.3082065849380136
313,3.1299999999999772,3.441810719365484,-1.6241321081756352,-4.649153496939036,0.309172301595399
314,3.139999999999977,3.453305493948935,-1.6130577523937568,-4.647573316450394,0.3101377070680401
315,3.149999999999977,3.464805023940942,-1.6019811926671879,-4.645988242569151,0.3111027987320632
316,3.1599999999999766,3.476309327686835,-1.590902429077198,-4.64439824943221,0.31206757400836954
317,3.1699999999999764,3.4878184235522305,-1.5798214617887367,-4.642803311089256,0.31303203028032783
318,3.179999999999976,3.4993323299252497,-1.5687382910811747,-4.641203401502018,0.3139961648949186
319,3.189999999999976,3.5108510652129983,-1.5576529173215503,-4.639598494544096,0.3149599751826972
320,3.1999999999999758,3.5223746478412155,-1.5465653409682147,-4.637988564001074,0.31592345846743414
321,3.2099999999999755,3.5339030962559064,-1.535475562579693,-4.636373583577812,0.3168866120616418
322,3.2199999999999753,3.5454364289215166,-1.524383582805788,-4.634753526897712,0.31784943328070325
323,3.229999999999975,3.5569746643173556,-1.5132894023976908,-4.633128367488163,0.31881191942806447
324,3.239999999999975,3.5685178209389656,-1.5021930221872364,-4.631498078802568,0.31977406775634043
325,3.2499999999999747,3.5800659172993483,-1.4910944431135262,-4.629862634213556,0.32073587552718347
326,3.2599999999999745,3.5916189719257448,-1.4799936662241207,-4.628222007005566,0.32169733997763583
327,3.2699999999999743,3.603177003359976,-1.4688906926892789,-4.626576170374573,0.3226584583197289
328,3.279999999999974,3.614740030155637,-1.45778552374233,-4.624925097444017,0.32361922777722746
329,3.289999999999974,3.6263080708791993,-1.4466781607407624,-4.623268761252133,0.32457964551667234
330,3.2999999999999736,3.6378811441104824,-1.4355686051550738,-4.62160713475561,0.3255397087535266
331,3.3099999999999734,3.6494592684374636,-1.4244568585265092,-4.619940190839671,0.32649941462682447
332,3.319999999999973,3.661042462459759,-1.4133429225388277,-4.6182679022988875,0.32745876030135185
333,3.329999999999973,3.672630744787887,-1.4022267989869546,-4.616590241855773,0.32841774291980214
334,3.3399999999999728,3.6842241340378306,-1.3911084897443526,-4.614907182156196,0.3293763596076845
335,3.3499999999999726,3.695822648834458,-1.3799879968094457,-4.613218695769803,0.3303346074573166
336,3.3599999999999723,3.707426307808889,-1.3688653222798852,-4.611524755192542,0.3312924835566483
337,3.369999999999972,3.7190351295968127,-1.3577404683725802,-4.609825332836282,0.33224998498704106
338,3.379999999999972,3.730649132842716,-1.3466134374311771,-4.608120401049221,0.3332071088079323
339,3.3899999999999717,3.7422683361917612,-1.3354842319104026,-4.606409932093294,0.33416385206465116
340,3.3999999999999715,3.753892758290959,-1.3243528543421654,-4.604693898168162,0.33512021178185997
341,3.4099999999999713,3.765522417792235,-1.3132193074147465,-4.602972271396307,0.33607618496533503
342,3.419999999999971,3.7771573333474495,-1.3020835939119522,-4.60124502383237,0.33703176860336787
343,3.429999999999971,3.7887975236112617,-1.290945716764307,-4.599512127458039,0.3379869596830967
344,3.4399999999999706,3.8004430072360442,-1.2798056790053969,-4.597773554183567,0.3389417551964385
345,3.4499999999999704,3.8120938028727367,-1.2686634837847823,-4.596029275853011,0.33989615211565904
346,3.45999999999997,3.823749929168146,-1.257519134356954,-4.59427926424335,0.3408501473861778
347,3.46999999999997,3.8354114047657486,-1.2463726341024892,-4.592523491065809,0.3418037379112207
348,3.47999999999997,3.8470782483057353,-1.235223986548817,-4.590761927961682,0.3427569205737086
349,3.4899999999999696,3.8587504784234072,-1.2240731953435944,-4.58899454650817,0.3437096922814768
350,3.4999999999999694,3.8704281137456116,-1.2129202642449586,-4.5872213182161765,0.3446620499272848
351,3.509999999999969,3.882111172893215,-1.2017651971585388,-4.5854422145354405,0.3456139903388145
352,3.519999999999969,3.8937996744789927,-1.1906079980984494,-4.583657206857358,0.3465655103950712
353,3.5299999999999687,3.9054936371041373,-1.1794486711953007,-4.581866266508822,0.34751660695594505
354,3.5399999999999685,3.917193079360949,-1.1682872207268393,-4.580069364757278,0.3484672768593841
355,3.5499999999999683,3.928898019828492,-1.1571236510964342,-4.578266472810427,0.3494175168804036
356,3.559999999999968,3.9406084770748695,-1.1459579668322804,-4.576457561825832,0.3503673237989964
357,3.569999999999968,3.952324469655042,-1.134790172612021,-4.574642602898306,0.35131669440738783
358,3.5799999999999677,3.9640460161076767,-1.123620273259045,-4.572821567058002,0.3522656254687206
359,3.5899999999999674,3.975773134955421,-1.112448273712668,-4.570994425285758,0.35321411374752004
360,3.5999999999999672,3.987505844703766,-1.1012741790495475,-4.56916114851122,0.354162155952136
361,3.609999999999967,3.999244163838482,-1.0900979944658011,-4.567321707607361,0.35510974883006774
362,3.619999999999967,4.010988110829014,-1.0789197253130307,-4.565476073402375,0.35605688909915073
363,3.6299999999999666,4.022737704122981,-1.0677393770697368,-4.563624216675676,0.35700357343041306
364,3.6399999999999664,4.034492962146796,-1.0565569553466054,-4.56176610816089,0.35794979849155323
365,3.649999999999966,4.046253903302966,-1.0453724659001922,-4.559901718534526,0.35889556097178565
366,3.659999999999966,4.0580205459707805,-1.0341859146423675,-4.558031018424024,0.35984085755210826
367,3.6699999999999657,4.069792908504207,-1.022997307616813,-4.556153978416998,0.36078568486660395
368,3.6799999999999655,4.081571009231114,-1.0118066509926558,-4.554270569065416,0.3617300395160007
369,3.6899999999999653,4.093354866453247,-1.0006139511092844,-4.55238076087442,0.36267391809232297
370,3.699999999999965,4.105144498442793,-0.9894192144483075,-4.550484524301125,0.3636173172255603
371,3.709999999999965,4.116939923444485,-0.9782224476584078,-4.548581829766616,0.3645602335122684
372,3.7199999999999647,4.128741159668096,-0.9670236574930229,-4.546672647655535,0.36550266349916033
373,3.7299999999999645,4.140548225292153,-0.9558228508698909,-4.544756948308326,0.36644460378584703
374,3.7399999999999642,4.152361138460654,-0.9446200348237084,-4.542834702039358,0.36738605091935095
375,3.749999999999964,4.164179917284084,-0.9334152165645706,-4.540905879126766,0.3683270014111595
376,3.759999999999964,4.1760045798392245,-0.9222084034808405,-4.538970449811669,0.36926745180783116
377,3.7699999999999636,4.187835144164554,-0.9109996031272855,-4.5370283843013715,0.3702073985702019
378,3.7799999999999634,4.199671628259737,-0.8997888231634321,-4.535079652780655,0.3711468382267741
379,3.789999999999963,4.211514050082329,-0.888576071410812,-4.533124225396843,0.3720857672625203
380,3.799999999999963,4.223362427547984,-0.8773613558247493,-4.531162072272793,0.37302418215873084
381,3.8099999999999627,4.235216778533771,-0.8661446845465147,-4.529193163512688,0.37396207936021475
382,3.8199999999999625,4.247077120871971,-0.8549260658642281,-4.527217469191946,0.37489945534120206
383,3.8299999999999623,4.258943472347484,-0.8437055081895038,-4.52523495936831,0.3758363065216081
384,3.839999999999962,4.27081585070101,-0.8324830201524493,-4.5232456040696745,0.3767726292929094
385,3.849999999999962,4.2826942736230995,-0.8212586104928379,-4.521249373307058,0.3777084200708847
386,3.8599999999999617,4.2945787587575825,-0.8100322881201355,-4.5192462370769295,0.37864367528586795
387,3.8699999999999615,4.306469323699204,-0.7988040621246011,-4.517236165359584,0.3795783913425796
388,3.8799999999999613,4.318365985988274,-0.7875739417404879,-4.515219128120729,0.3805125645770964
389,3.889999999999961,4.330268763112047,-0.776341936377407,-4.513195095305227,0.38144619136382096
390,3.899999999999961,4.342177672505225,-0.7651080556097586,-4.51116403685501,0.38237926804794004
391,3.9099999999999606,4.3540927315442195,-0.7538723091555704,-4.509125922699838,0.38331179095594625
392,3.9199999999999604,4.366013957549202,-0.7426347068994055,-4.5070807227612795,0.3842437564434325
393,3.92999999999996,4.377941367781779,-0.7313952588922227,-4.5050284069594095,0.38517516080155
394,3.93999999999996,4.389874979444269,-0.7201539753653935,-4.502968945203459,0.386106000371248
395,3.9499999999999598,4.401814809675006,-0.7089108666870109,-4.5009023074023276,0.3870362714452607
396,3.9599999999999596,4.4137608755510005,-0.6976659434118332,-4.498828463465586,0.3879659702939001
397,3.9699999999999593,4.425713194083776,-0.6864192162562683,-4.496747383299314,0.38889509319887905
398,3.979999999999959,4.437671782219909,-0.675170696134845,-4.494659036808738,0.3898236364182316
399,3.989999999999959,4.449636656839246,-0.6639203940843611,-4.492563393915169,0.3907515962323738
400,3.9999999999999587,4.4616078347532735,-0.6526683213485878,-4.490460424539285,0.3916789688933704
401,4.009999999999959,4.473585332704272,-0.6414144893521029,-4.4883500986107085,0.3926057506459725
402,4.019999999999959,4.485569167359518,-0.6301589096473303,-4.486232386069852,0.3935319377055952
403,4.0299999999999585,4.497559355316228,-0.6189015939744023,-4.484107256873904,0.39445752630134673
404,4.039999999999958,4.50955591309493,-0.607642554252637,-4.481974680987728,0.3953825126174399
405,4.049999999999958,4.521558857142541,-0.5963818025925024,-4.479834628393153,0.39630689286515436
406,4.059999999999958,4.533568203824714,-0.585119351244923,-4.4776870690825215,0.3972306632697492
407,4.069999999999958,4.545583969429426,-0.5738552126431908,-4.47553197307757,0.398153819972513
408,4.079999999999957,4.5576061701657204,-0.5625893993989184,-4.473369310422712,0.3990763591497938
409,4.089999999999957,4.569634822158734,-0.5513219242888563,-4.471199051179599,0.3999982769926214
410,4.099999999999957,4.581669941451408,-0.5400528002808639,-4.469021165437109,0.4009195696803187
411,4.109999999999957,4.593711543999693,-0.52878204052865,-4.466835623306985,0.4018402333381354
412,4.119999999999957,4.605759645675286,-0.5175096583537792,-4.464642394939926,0.40276026409954435
413,4.129999999999956,4.617814262262236,-0.5062356672669432,-4.462441450516613,0.4036796580999269
414,4.139999999999956,4.629875409452566,-0.49496008093104144,-4.460232760247628,0.4045984114823642
415,4.149999999999956,4.6419431028457545,-0.4836829131820849,-4.458016294380516,0.4055165203312629
416,4.159999999999956,4.65401735795165,-0.472404178068824,-4.4557920232002255,0.4064339807686586
417,4.1699999999999555,4.666098190184344,-0.46112388976293195,-4.453559917038359,0.40735078891692333
418,4.179999999999955,4.678185614861191,-0.44984206266111904,-4.451319946256847,0.4082669408766314
419,4.189999999999955,4.690279647205257,-0.43855871134610663,-4.449072081273231,0.4091824327273344
420,4.199999999999955,4.702380302338866,-0.4272738505845444,-4.446816292544405,0.41009726054492485
421,4.209999999999955,4.714487595282867,-0.41598749530374474,-4.444552550574941,0.41101142042015987
422,4.2199999999999545,4.726601540955975,-0.40469966060132345,-4.442280825923533,0.4119249084250991
423,4.229999999999954,4.738722154175043,-0.39341036177250466,-4.440001089204922,0.4128377206257871
424,4.239999999999954,4.750849449651476,-0.3821196143044571,-4.437713311082519,0.4137498531226443
425,4.249999999999954,4.762983441988988,-0.3708274338421485,-4.435417462282267,0.41466130197643564
426,4.259999999999954,4.775124145682889,-0.3595338362322484,-4.433113513585234,0.415572063249311
427,4.269999999999953,4.787271575117874,-0.3482388374891757,-4.4308014358381405,0.416482132966894
428,4.279999999999953,4.799425744568929,-0.33694245382622223,-4.428481199952402,0.41739150718000945
429,4.289999999999953,4.811586668196878,-0.3256447016446934,-4.426152776904503,0.4183001819035168
430,4.299999999999953,4.82375436004561,-0.3143455975098007,-4.423816137731463,0.4192081531912714
431,4.3099999999999525,4.835928834046755,-0.3030451582109545,-4.4214712535510605,0.4201154170621306
432,4.319999999999952,4.848110104011224,-0.2917434007033496,-4.419118095548759,0.42102196952441334
433,4.329999999999952,4.860298183630928,-0.2804403420863006,-4.416756634990044,0.4219278066304613
434,4.339999999999952,4.872493086478064,-0.2691359996864122,-4.414386843217389,0.42283292440786685
435,4.349999999999952,4.884694825998751,-0.25783039096874194,-4.412008691652217,0.4237373188565945
436,4.3599999999999515,4.896903415517654,-0.24652353361021068,-4.409622151801038,0.42464098599868244
437,4.369999999999951,4.909118868232656,-0.23521544546360587,-4.407227195255242,0.42554392183708745
438,4.379999999999951,4.921341197215146,-0.22390614459057812,-4.4048237936905155,0.42644612239579804
439,4.389999999999951,4.933570415407716,-0.21259564924145877,-4.402411918870843,0.42734758371515447
440,4.399999999999951,4.9458065356214655,-0.20128397784483565,-4.399991542655565,0.4282483017834547
441,4.40999999999995,4.9580495705328875,-0.18997114897107772,-4.397562636996766,0.42914827259250254
442,4.41999999999995,4.970299532686532,-0.17865718141698572,-4.395125173941969,0.4300474921453435
443,4.42999999999995,4.982556434491064,-0.1673420941212262,-4.392679125641028,0.430945956464936
444,4.43999999999995,4.994820288217714,-0.15602590621411203,-4.390224464345511,0.43184366154539305
445,4.4499999999999496,5.007091106001025,-0.14470863705445144,-4.38776116241207,0.4327406033700821
446,4.459999999999949,5.019368899834264,-0.13339030618739747,-4.385289192300556,0.43363677791853134
447,4.469999999999949,5.031653681570101,-0.12207093331579656,-4.38280852657966,0.43453218125258397
448,4.479999999999949,5.043945462915977,-0.11075053831653482,-4.380319137930258,0.4354268093772338
449,4.489999999999949,5.05624425543241,-0.09942914124878194,-4.3778209991446175,0.4363206582574359
450,4.4999999999999485,5.068550070536763,-0.08810676238840527,-4.375314083134646,0.4372137238958605
451,4.509999999999948,5.080862919496417,-0.07678342214651185,-4.372798362930495,0.4381060023039357
452,4.519999999999948,5.093182813428452,-0.06545914115354692,-4.370273811677751,0.4389974894826141
453,4.529999999999948,5.105509763302798,-0.05413394022251207,-4.36774040265663,0.4398881814667247
454,4.539999999999948,5.117843779932186,-0.04280784031705018,-4.365198109265714,0.44077807426386395
455,4.549999999999947,5.130184873976182,-0.03148086259104015,-4.362646905034764,0.44166716388883825
456,4.559999999999947,5.14253305593962,-0.020153028390528294,-4.360086763627999,0.44255544635434696
457,4.569999999999947,5.154888336167881,-0.008824359232860676,-4.357517658840801,0.44344291764719596
458,4.579999999999947,5.167250724849266,0.0025051231583816235,-4.354939564600897,0.4443295738307011
459,4.589999999999947,5.179620232009696,0.013835396916199281,-4.352352454978984,0.44521541091263217
460,4.599999999999946,5.191996867513562,0.02516643999990995,-4.349756304187909,0.44610042491961066
461,4.609999999999946,5.204380641059702,0.03649823014717434,-4.347151086573046,0.44698461188224226
462,4.619999999999946,5.216771562182895,0.04783074493599692,-4.344536776631079,0.44786796784391925
463,4.629999999999946,5.229169640252679,0.05916396177258646,-4.341913349016302,0.448750488820912
464,4.6399999999999455,5.2415748844692365,0.0704978578841644,-4.339280778528995,0.4496321708460658
465,4.649999999999945,5.253987303862562,0.08183241031627808,-4.336639040119057,0.45051300997707244
466,4.659999999999945,5.266406907292105,0.09316759598688232,-4.333988108900089,0.45139300227148305
467,4.669999999999945,5.2788337034440405,0.10450339158680846,-4.331327960135062,0.45227214381457526
468,4.679999999999945,5.291267700829788,0.11583977364386072,-4.328658569251197,0.45315043066213184
469,4.689999999999944,5.303708907785323,0.12717671851245455,-4.325979911835405,0.454027858922346
470,4.699999999999944,5.316157332470177,0.13851420237669235,-4.3232919636506635,0.4549044246414211
471,4.709999999999944,5.328612982866476,0.14985220123022652,-4.320594700624409,0.4557801239369929
472,4.719999999999944,5.341075866773692,0.1611906909288093,-4.317888098855427,0.4566549528771581
473,4.729999999999944,5.3535459918110675,0.17252964713184982,-4.315172134616279,0.457528907557467
474,4.739999999999943,5.366023365413429,0.18386904535721652,-4.312446784354144,0.4584019840701212
475,4.749999999999943,5.378507994832102,0.19520886094334045,-4.30971202469234,0.4592741785576083
476,4.759999999999943,5.3909998871343685,0.20654906904574113,-4.30696783244051,0.4601454871664305
477,4.769999999999943,5.403499049195393,0.21788964467539504,-4.3042141845806885,0.461015906017662
478,4.7799999999999425,5.41600548770578,0.229230562648208,-4.301451058291284,0.4618854312524117
479,4.789999999999942,5.428519209166395,0.24057179764336273,-4.2986784309396,0.46275405904226363
480,4.799999999999942,5.441040219884108,0.25191332418249746,-4.2958962800767555,0.46362178555546174
481,4.809999999999942,5.453568525974951,0.2632551166200832,-4.293104583453769,0.4644886069641047
482,4.819999999999942,5.466104133358774,0.27459714913976985,-4.290303319010506,0.4653545194450012
483,4.8299999999999415,5.478647047761459,0.2859393957514165,-4.287492464889206,0.46621951918557436
484,4.839999999999941,5.491197274713537,0.2972818303287973,-4.284671999437552,0.4670836023939815
485,4.849999999999941,5.503754819545331,0.30862442662454326,-4.281841901201895,0.46794676527880924
486,4.859999999999941,5.516319687389074,0.31996715817292515,-4.27900214893584,0.4688090040547271
487,4.869999999999941,5.5288918831759615,0.33130999836448055,-4.276152721596103,0.4696703149856833
488,4.87999999999994,5.5414714116325285,0.34265292040809214,-4.273293598345912,0.4705306942910122
489,4.88999999999994,5.554058277283411,0.353995897411709,-4.270424758562811,0.47139013824488923
490,4.89999999999994,5.566652484450276,0.3653389023011204,-4.267546181843569,0.4722486431295245
491,4.90999999999994,5.579254037248814,0.37668190787281497,-4.2646578480012245,0.4731062052472731
492,4.9199999999999395,5.591862939587999,0.3880248867619049,-4.261759737068187,0.4739628209180651
493,4.929999999999939,5.604479195168218,0.3993678115107178,-4.258851829303032,0.4748184864355478
494,4.939999999999939,5.6171028074806975,0.4107106544535389,-4.2559341051843536,0.4756731981339006
495,4.949999999999939,5.6297337798042495,0.4220533878193317,-4.253006545414131,0.47652695234052767
496,4.959999999999939,5.6423721152094535,0.4333959836656221,-4.250069130929847,0.47737974543215494
497,4.9699999999999385,5.655017816552551,0.4447384138884786,-4.247121842895633,0.47823157379271936
498,4.979999999999938,5.667670886472432,0.45608065027059375,-4.244164662701145,0.47908243379521476
499,4.989999999999938,5.6803313273979805,0.4674226645058176,-4.241197571984905,0.479932321859977
500,4.999999999999938,5.692999141540427,0.4787644281067013,-4.238220552621906,0.48078123438444226
501,5.009999999999938,5.705674330892287,0.4901059124517677,-4.2352335867180475,0.4816291678184483
502,5.019999999999937,5.718356897227836,0.5014470887503061,-4.232236656624769,0.4824761185996064
503,5.029999999999937,5.7310468421031695,0.5127879281218277,-4.2292297449403735,0.483322083194785
504,5.039999999999937,5.743744166855448,0.5241284015772703,-4.226212834513192,0.4841670580954997
505,5.049999999999937,5.756448872596415,0.5354684799532844,-4.2231859084274594,0.4850110398064729
506,5.0599999999999365,5.769160960218987,0.5468081339553146,-4.220148950028779,0.4858540248599812
507,5.069999999999936,5.781880430393531,0.5581473342168307,-4.217101942914358,0.48669600983452505
508,5.079999999999936,5.794607283562744,0.5694860512284399,-4.214044870932248,0.48753699126578814
509,5.089999999999936,5.8073415199464264,0.5808242553557341,-4.210977718189958,0.4883769657519818
510,5.099999999999936,5.820083139539535,0.5921619168405187,-4.207900469060876,0.48921592988776164
511,5.1099999999999355,5.832832142108006,0.6034990058089857,-4.204813108175154,0.490053880267239
512,5.119999999999935,5.84558852718764,0.6148354922545717,-4.201715620416749,0.4908908135245441
513,5.129999999999935,5.858352294087006,0.6261713460899142,-4.198607990941036,0.4917267262944586
514,5.139999999999935,5.871123441886248,0.6375065371148404,-4.1954902051695,0.492561615270898
515,5.149999999999935,5.88390196943554,0.648841034986901,-4.192362248799313,0.49339547713135185
516,5.159999999999934,5.89668787535198,0.6601748092920126,-4.189224107789288,0.49422830859007244
517,5.169999999999934,5.909481158021732,0.671507829518509,-4.186075768371513,0.49506010640217
518,5.179999999999934,5.922281815598657,0.6828400650237313,-4.182917217056004,0.495890867335523
519,5.189999999999934,5.935089846001609,0.6941714850491691,-4.179748440626096,0.496720588169198
520,5.199999999999934,5.9479052469147256,0.7055020587765495,-4.176569426137396,0.49754926572451225
521,5.209999999999933,5.960728015789862,0.7168317552635626,-4.173380160939164,0.49837689681088426
522,5.219999999999933,5.973558149842005,0.7281605434893976,-4.170180632656276,0.4992034782686184
523,5.229999999999933,5.986395646047555,0.7394883923124039,-4.1669708291873135,0.5000290069898106
524,5.239999999999933,5.999240501151133,0.7508152705713952,-4.163750738735133,0.5008534798327063
525,5.2499999999999325,6.012092711654318,0.7621411469726744,-4.1605203497706125,0.5016768937020104
526,5.259999999999932,6.024952273825002,0.7734659900739087,-4.1572796510678165,0.5024992455548265
527,5.269999999999932,6.037819183691669,0.7847897684217681,-4.154028631683421,0.5033205323745265
528,5.279999999999932,6.05069343704154,0.796112450496864,-4.150767280960902,0.5041407511397021
529,5.289999999999932,6.063575029423407,0.8074340046560132,-4.147495588542934,0.5049598988606967
530,5.299999999999931,6.076463956146831,0.8187543991904709,-4.14421354436765,0.5057779725842227
531,5.309999999999931,6.089360212279202,0.8300736023292531,-4.140921138664345,0.5065949693729999
532,5.319999999999931,6.10226379264789,0.8413915822218749,-4.137618361965067,0.5074108863043518
533,5.329999999999931,6.115174691837769,0.8527083069365631,-4.134305205097279,0.5082257204912015
534,5.339999999999931,6.128092904194786,0.8640237444983792,-4.130981659192637,0.5090394691035038
535,5.34999999999993,6.141018423818552,0.8753378628428251,-4.127647715678949,0.5098521292910908
536,5.35999999999993,6.153951244567697,0.8866506298607291,-4.124303366292019,0.5106636982204487
537,5.36999999999993,6.166891360056879,0.8979620133897386,-4.120948603062366,0.5114741731298542
538,5.37999999999993,6.17983876365942,0.9092719811887722,-4.117583418339907,0.5122835512386116
539,5.3899999999999295,6.192793448505328,0.9205805009783076,-4.114207804775735,0.5130918298317427
540,5.399999999999929,6.205755407479811,0.9318875404425331,-4.110821755325092,0.5138990062113046
541,5.409999999999929,6.218724633223469,0.9431930671710465,-4.107425263251872,0.514705077731992
542,5.419999999999929,6.2317011181365585,0.9544970487356752,-4.104018322141824,0.5155100417599937
543,5.429999999999929,6.244684854369952,0.9657994526342242,-4.100600925885177,0.5163138956399658
544,5.4399999999999284,6.257675833830544,0.9771002463524161,-4.09717306867559,0.5171166368058112
545,5.449999999999928,6.270674048183014,0.9883993973539276,-4.093734745028586,0.5179182626989812
546,5.459999999999928,6.283679488848624,0.9996968730360747,-4.090285949779733,0.5187187708068903
547,5.469999999999928,6.296692146999797,1.010992640759188,-4.086826678069203,0.5195181586306572
548,5.479999999999928,6.309712013564938,1.0222866678718379,-4.083356925355604,0.5203164236868202
549,5.489999999999927,6.3227390792302565,1.0335789216453233,-4.079876687427844,0.5211135635368788
550,5.499999999999927,6.335773334434258,1.0448693693874653,-4.076385960380542,0.5219095757341375
551,5.509999999999927,6.348814769373814,1.0561579783602797,-4.072884740635351,0.5227044579030241
552,5.519999999999927,6.361863373997091,1.0674447157878992,-4.06937302492454,0.5234982076873581
553,5.5299999999999265,6.374919138008946,1.0787295488644661,-4.06585081030899,0.5242908227475177
554,5.539999999999926,6.387982050872125,1.0900124447995814,-4.0623180941701476,0.5250823008104358
555,5.549999999999926,6.401052101802492,1.1012933707777526,-4.058774874206906,0.52587263962014
556,5.559999999999926,6.414129279773693,1.1125722940035128,-4.055221148443487,0.5266618369479066
557,5.569999999999926,6.42721357351239,1.1238491816241014,-4.051656915223151,0.5274498906124563
558,5.5799999999999255,6.44030497150252,1.135124000778276,-4.048082173221838,0.5282367984301917
559,5.589999999999925,6.4534034619851806,1.146396718611233,-4.044496921441058,0.5290225582516839
560,5.599999999999925,6.466509032958198,1.1576673022941264,-4.040901159197421,0.5298071680072235
561,5.609999999999925,6.479621672173587,1.1689357189921021,-4.037294886130572,0.5305906256179836
562,5.619999999999925,6.492741367142543,1.1802019358678517,-4.033678102214443,0.5313729290310847
563,5.629999999999924,6.505868105137303,1.1914659200964424,-4.030050807755484,0.5321540762602106
564,5.639999999999924,6.519001873184557,1.202727638892898,-4.026413003371642,0.5329340653404575
565,5.649999999999924,6.532142658070071,1.2139870594559419,-4.022764690018435,0.5337128943138186
566,5.659999999999924,6.545290446336799,1.2252441489725054,-4.019105868975684,0.5344905612761467
567,5.6699999999999235,6.558445224286173,1.2364988747015186,-4.015436541837738,0.5352670643644521
568,5.679999999999923,6.5716069779807444,1.247751203903722,-4.011756710541472,0.536042401696554
569,5.689999999999923,6.584775693242802,1.259001103838901,-4.008066377348193,0.5368165714737403
570,5.699999999999923,6.597951355655335,1.2702485418026355,-4.004365544845172,0.5375895719339109
571,5.709999999999923,6.611133950562677,1.2814934851250313,-4.000654215947878,0.5383614013424713
572,5.7199999999999225,6.624323463070688,1.2927359011873227,-3.9969323939012256,0.5391320579522282
573,5.729999999999922,6.637519878052128,1.303975757402576,-3.993200082283188,0.5399015401271681
574,5.739999999999922,6.650723180137419,1.3152130212157966,-3.989457284986089,0.5406698462415921
575,5.749999999999922,6.663933353722182,1.3264476601307917,-3.9857040062348386,0.5414369746761518
576,5.759999999999922,6.677150382966253,1.337679641665975,-3.981940250585821,0.5422029238564184
577,5.769999999999921,6.690374251793448,1.3489089333963296,-3.978166022920067,0.5429676922202507
578,5.779999999999921,6.703604943896547,1.3601355029656506,-3.974381328447277,0.5437312782754367
579,5.789999999999921,6.716842442733357,1.3713593180479136,-3.9705861727037113,0.5444936805626079
580,5.799999999999921,6.730086731526406,1.3825803463838686,-3.966780561540587,0.5452548976592865
581,5.809999999999921,6.743337793270615,1.3937985557815131,-3.962964501147539,0.5460149281746284
582,5.81999999999992,6.756595610726514,1.4050139140710292,-3.9591379980411996,0.5467737707235419
583,5.82999999999992,6.769860166425913,1.41622638917674,-3.9553010590588817,0.5475314239753715
584,5.83999999999992,6.783131442673113,1.4274359490676531,-3.9514536913662335,0.5482878866886075
585,5.84999999999992,6.796409421542476,1.4386425617859309,-3.9475959024546015,0.5490431576018214
586,5.8599999999999195,6.809694084880845,1.4498461954515345,-3.9437277001387456,0.5497972354797561
587,5.869999999999919,6.822985414306938,1.4610468182839709,-3.9398490925475333,0.5505501191047633
588,5.879999999999919,6.836283391216403,1.4722443985493754,-3.9359600881398404,0.5513018073526083
589,5.889999999999919,6.849587996779412,1.4834389045971579,-3.9320606956982505,0.5520522990917588
590,5.899999999999919,6.862899211944683,1.4946303048714578,-3.928150924326385,0.5528015932549879
591,5.909999999999918,6.876217017434449,1.5058185678889597,-3.9242307834446435,0.5535496887611921
592,5.919999999999918,6.889541393751829,1.5170036622453364,-3.9203002827968567,0.5542965846090792
593,5.929999999999918,6.902872321181359,1.5281855566317095,-3.9163594324430324,0.5550422798849226
594,5.939999999999918,6.916209779786334,1.5393642198594313,-3.912408242759284,0.5557867736219776
595,5.949999999999918,6.929553749414338,1.5505396208104727,-3.9084467244473324,0.5565300649299029
596,5.959999999999917,6.942904209695281,1.5617117284557391,-3.9044748885232274,0.5572721529657286
597,5.969999999999917,6.956261140043115,1.5728805118828415,-3.900492746316944,0.5580130368938028
598,5.979999999999917,6.969624519658707,1.584045940290427,-3.896500309471875,0.5587527159374873
599,5.989999999999917,6.982994327525361,1.595207982979456,-3.8924975899346284,0.5594911893282696
600,5.9999999999999165,6.996370542416831,1.6063666093232774,-3.8884845999770703,0.5602284563683568
601,6.009999999999916,7.009753142898729,1.6175217888549909,-3.8844613521853906,0.5609645163360111
602,6.019999999999916,7.023142107326831,1.6286734912004872,-3.8804278594538406,0.5616993685877919
603,6.029999999999916,7.036537413846455,1.6398216860777417,-3.8763841349860617,0.562433012501908
604,6.039999999999916,7.049939040399031,1.6509663433573962,-3.8723301922871456,0.5631654475331447
605,6.0499999999999154,7.063346964719385,1.6621074330225258,-3.868266045170412,0.5638966731436368
606,6.059999999999915,7.076761164341244,1.673244925178081,-3.8641917077569836,0.5646266888819447
607,6.069999999999915,7.0901816165892795,1.6843787900400071,-3.860107194466991,0.5653554942390941
608,6.079999999999915,7.1036082985918965,1.6955089979769247,-3.8560125200239144,0.5660830887979328
609,6.089999999999915,7.117041187277982,1.7066355194906502,-3.851907699456564,0.5668094721417898
610,6.099999999999914,7.130480259375217,1.7177583251770894,-3.8477927480903977,0.567534643920525
611,6.109999999999914,7.143925491421263,1.7288773858133641,-3.843667681559341,0.568258603805702
612,6.119999999999914,7.157376859753474,1.7399926722789982,-3.8395325157838203,0.5689813515286971
613,6.129999999999914,7.170834340518922,1.7511041556190108,-3.835387266981257,0.5697028868658445
614,6.1399999999999135,7.184297909670151,1.7622118069961845,-3.8312319516618287,0.5704232096295899
615,6.149999999999913,7.197767542966893,1.7733155977242059,-3.8270665866248486,0.5711423196176351
616,6.159999999999913,7.211243215986769,1.7844154992800056,-3.822891188974729,0.5718602166847032
617,6.169999999999913,7.2247249041174735,1.7955114832889867,-3.8187057760967393,0.5725769007130642
618,6.179999999999913,7.238212582561195,1.806603521520875,-3.8145103656602006,0.5732923716597407
619,6.1899999999999125,7.251706226335455,1.8176915858893798,-3.81030497562248,0.5740066295040511
620,6.199999999999912,7.265205810278325,1.8287756484892184,-3.8060896242248505,0.5747196742675579
621,6.209999999999912,7.278711309042179,1.8398556815408675,-3.8018643299868833,0.575431505985949
622,6.219999999999912,7.292222697103503,1.8509316574483832,-3.7976291117117786,0.5761421247220675
623,6.229999999999912,7.305739948764515,1.8620035487873616,-3.7933839884841762,0.5768515305986648
624,6.239999999999911,7.319263038145383,1.8730713282808948,-3.7891289796489622,0.5775597237672024
625,6.249999999999911,7.332791939199063,1.884134968816387,-3.784864104846815,0.5782667044274438
626,6.259999999999911,7.346326625702821,1.895194443467839,-3.7805893839742772,0.5789724727949019
627,6.269999999999911,7.359867071265379,1.906249725454689,-3.7763048372134036,0.5796770291178143
628,6.2799999999999105,7.373413249324653,1.9173007881596142,-3.772010485007207,0.5803803736976679
629,6.28999999999991,7.38696513315432,1.9283476051607267,-3.767706348066056,0.5810825068691984
630,6.29999999999991,7.400522695862624,1.939390150217717,-3.7633924473670355,0.5817834289576914
631,6.30999999999991,7.414085910394647,1.9504283972638423,-3.7590688041406612,0.5824831403899625
632,6.31999999999991,7.427654749538698,1.961462320418054,-3.754735439896336,0.5831816415897979
633,6.3299999999999095,7.441229185916968,1.9724918939858356,-3.750392376376128,0.5838789330124811
634,6.339999999999909,7.4548091919992165,1.9835170924515553,-3.7460396355910586,0.584575015188832
635,6.349999999999909,7.468394740097952,1.9945378904614173,-3.7416772398178604,0.5852698886241738
636,6.359999999999909,7.481985802371695,2.0055542628702048,-3.7373052115688767,0.5859635539013964
637,6.369999999999909,7.495582350828241,2.016566184717827,-3.7329235736123456,0.5866560116265388
638,6.379999999999908,7.509184357325326,2.0275736312110517,-3.7285323489719837,0.5873472624408467
639,6.389999999999908,7.522791793574357,2.0385765777907956,-3.7241315609085,0.5880373069972693
640,6.399999999999908,7.536404631143269,2.049575000093714,-3.7197212329243197,0.5887261460396612
641,6.409999999999908,7.550022841453463,2.060568873943701,-3.715301388756188,0.5894137803453032
642,6.419999999999908,7.563646395783064,2.0715581753380623,-3.7108720523937797,0.5901002106593288
643,6.429999999999907,7.577275265269231,2.082542880474284,-3.706433248059369,0.5907854377542054
644,6.439999999999907,7.590909420916602,2.0935229657799135,-3.7019850002032597,0.591469462517977
645,6.449999999999907,7.604548833589949,2.1044984078717843,-3.697527333508769,0.5921522858003346
646,6.459999999999907,7.61819347402039,2.1154691835688473,-3.693060272889498,0.5928339084829248
647,6.4699999999999065,7.631843312808278,2.1264352699074176,-3.688583843474797,0.5935143315405002
648,6.479999999999906,7.645498320424793,2.1373966441324375,-3.684098070627565,0.5941935559253945
649,6.489999999999906,7.659158467210271,2.148353283665435,-3.6796029799320222,0.5948715826393701
650,6.499999999999906,7.672823723383401,2.1593051661466376,-3.675098597195196,0.5955484127619655
651,6.509999999999906,7.686494059036167,2.170252269439356,-3.6705849484304864,0.5962240473641893
652,6.519999999999905,7.700169444142345,2.181194571633871,-3.6660620598742426,0.596898487527112
653,6.529999999999905,7.713849848551603,2.1921320510029045,-3.6615299579647487,0.5975717344067878
654,6.539999999999905,7.727535241997647,2.2030646860391734,-3.656988669360259,0.598243789139335
655,6.549999999999905,7.741225594102324,2.2139924554723565,-3.652438220923228,0.598914652927567
656,6.559999999999905,7.7549208743697315,2.22491533822832,-3.6478786397097376,0.5995843270273215
657,6.569999999999904,7.768621052193098,2.235833313460461,-3.6433099529773596,0.600252812703652
658,6.579999999999904,7.782326096861534,2.246746360549438,-3.638732188193496,0.6009201112737403
659,6.589999999999904,7.796035977551692,2.2576544590954755,-3.6341453730040167,0.6015862240716287
660,6.599999999999904,7.8097506633390665,2.2685575889138914,-3.629549535275688,0.60225115239227
661,6.6099999999999035,7.823470123193295,2.2794557300242357,-3.62494470305023,0.6029148976456569
662,6.619999999999903,7.837194325983525,2.2903488626947186,-3.620330904553858,0.6035774612230641
663,6.629999999999903,7.850923240479101,2.3012369673992525,-3.615708168197545,0.6042388445776613
664,6.639999999999903,7.8646568353550155,2.3121200248484906,-3.6110765225793986,0.6048990491787768
665,6.649999999999903,7.878395079192454,2.3229980159722023,-3.606435996481144,0.6055580765374109
666,6.659999999999902,7.8921379404815015,2.3338709219279874,-3.601786618867798,0.6062159281806785
667,6.669999999999902,7.905885387619281,2.3447387241203552,-3.5971284188590467,0.6068726056644562
668,6.679999999999902,7.919637388916776,2.355601404161695,-3.5924614257566763,0.6075281106167942
669,6.689999999999902,7.933393912599737,2.3664589439139254,-3.587785669029128,0.6081824446617342
670,6.699999999999902,7.947154926806495,2.377311325443687,-3.5831011783112774,0.6088356094450764
671,6.709999999999901,7.960920399596342,2.3881585310682243,-3.5784079833975517,0.6094876066643655
672,6.719999999999901,7.974690298949929,2.3990005433150965,-3.5737061142566304,0.610138438049375
673,6.729999999999901,7.9884645927676825,2.409837344966675,-3.5689956010027157,0.6107881052968929
674,6.739999999999901,8.002243248882465,2.420668919033217,-3.564276473927968,0.6114366101866364
675,6.7499999999999005,8.016026235047585,2.4314952487683232,-3.5595487634484844,0.6120839545200991
676,6.7599999999999,8.029813518946542,2.442316317643009,-3.55481250013971,0.6127301401470268
677,6.7699999999999,8.043605068193568,2.453132109371342,-3.550067714729437,0.6133751688736511
678,6.7799999999999,8.05740085033486,2.4639426078919646,-3.545314438089828,0.6140190425355753
679,6.7899999999999,8.07120083285449,2.4747477973822294,-3.5405527012296507,0.6146617630724084
680,6.7999999999998995,8.085004983173672,2.4855476622628907,-3.5357825352958225,0.6153033324194973
681,6.809999999999899,8.098813268653624,2.496342187190308,-3.531003971579103,0.6159437525000943
682,6.819999999999899,8.112625656594474,2.5071313570513483,-3.5262170414960936,0.6165830252612355
683,6.829999999999899,8.12644211424435,2.5179151569681015,-3.521421776598855,0.6172211527471034
684,6.839999999999899,8.140262608794288,2.52869357230025,-3.516618208563333,0.617858136976437
685,6.849999999999898,8.154087107390797,2.539466588664584,-3.5118063692007295,0.6184939800369103
686,6.859999999999898,8.167915577123287,2.550234191897849,-3.5069862904357114,0.6191286839813345
687,6.869999999999898,8.181747985037164,2.5609963680851933,-3.502158004311991,0.6197622509397575
688,6.879999999999898,8.195584298128047,2.5717531035262224,-3.4973215429925744,0.6203946830320437
689,6.8899999999998975,8.209424483350139,2.5825043847725535,-3.4924769387527586,0.6210259824132495
690,6.899999999999897,8.223268507617828,2.593250198632032,-3.4876242239749087,0.62165615126143
691,6.909999999999897,8.237116337806373,2.603990532135858,-3.482763431162106,0.6222851917599109
692,6.919999999999897,8.250967940752467,2.6147253725561233,-3.4778945929152694,0.6229131061220319
693,6.929999999999897,8.264823283256815,2.6254547074003227,-3.4730177419362342,0.6235398965868798
694,6.9399999999998965,8.278682332088483,2.6361785244158225,-3.4681329110281425,0.6241655654382003
695,6.949999999999896,8.29254505398632,2.646896811595491,-3.4632401330915363,0.6247901149763512
696,6.959999999999896,8.306411415661444,2.6576095571750455,-3.4583394411254016,0.6254135475143837
697,6.969999999999896,8.32028138379252,2.668316749603523,-3.4534308682140566,0.626035865384731
698,6.979999999999896,8.33415492503942,2.679018377593345,-3.4485144475371503,0.6266570709590863
699,6.989999999999895,8.34803200603545,2.689714430071168,-3.443590212363665,0.6272771666114093
700,6.999999999999895,8.361912593394692,2.7004048962144647,-3.438658196036005,0.6278961547897224
701,7.009999999999895,8.375796653713161,2.711089765455029,-3.4337184319896514,0.6285140378491185
702,7.019999999999895,8.389684153569856,2.7217690274418094,-3.4287709537412865,0.6291308182172433
703,7.0299999999998946,8.403575059526263,2.732442672051505,-3.423815794875932,0.6297464983560078
704,7.039999999999894,8.417469338135092,2.743110689425367,-3.418852989047023,0.630361080768938
705,7.049999999999894,8.43136695593963,2.753773069937545,-3.4138825699861477,0.6309745679800918
706,7.059999999999894,8.445267879470883,2.76442980419291,-3.408904571485846,0.6315869625110888
707,7.069999999999894,8.459172075250528,2.775080883030141,-3.403919027403394,0.6321982668539686
708,7.0799999999998935,8.473079509798822,2.785726297510317,-3.3989259716648568,0.6328084836146095
709,7.089999999999893,8.486990149632867,2.796366038943794,-3.3939254382553643,0.6334176153652412
710,7.099999999999893,8.500903961270373,2.807000098881544,-3.3889174612131328,0.6340256647371061
711,7.109999999999893,8.514820911228282,2.817628469107263,-3.38390207463016,0.6346326343498165
712,7.119999999999893,8.528740966028906,2.8282511416337814,-3.3788793126714163,0.6352385267983417
713,7.129999999999892,8.542664092194896,2.8388681087040823,-3.3738492095301718,0.6358433447248065
714,7.139999999999892,8.556590256256422,2.8494793627859654,-3.3688117994528173,0.6364470908041298
715,7.149999999999892,8.570519424753623,2.8600848965992385,-3.363767116723071,0.637049767727425
716,7.159999999999892,8.584451564238158,2.8706847030868197,-3.358715195676275,0.637651378205688
717,7.169999999999892,8.598386641272162,2.8812787754194877,-3.35365607068144,0.6382519249681584
718,7.179999999999891,8.61232462243104,2.8918671069965405,-3.348589776141889,0.6388514107613624
719,7.189999999999891,8.626265474309433,2.902449691452499,-3.3435163465085003,0.6394498383299249
720,7.199999999999891,8.640209163520463,2.913026522656558,-3.338435816257207,0.6400472104675048
721,7.209999999999891,8.654155656694165,2.923597594701142,-3.3333482198931312,0.6406435299397052
722,7.2199999999998905,8.668104920483119,2.9341629019092728,-3.3282535919441125,0.6412387995667588
723,7.22999999999989,8.682056921561525,2.944722438832977,-3.3231519669601757,0.6418330221497722
724,7.23999999999989,8.696011626627715,2.9552762002307373,-3.318043379522476,0.6424262005107764
725,7.24999999999989,8.70996900240931,2.9658241810984123,-3.3129278642277744,0.6430183375224421
726,7.25999999999989,8.72392901566173,2.9763663766638038,-3.3078054556864114,0.6436094360459172
727,7.269999999999889,8.737891633168484,2.9869027823673497,-3.3026761885239324,0.6441994989462709
728,7.279999999999889,8.751856821747248,2.9974333938751836,-3.297540097377171,0.6447885291505626
729,7.289999999999889,8.76582454824979,3.007958207087798,-3.2923972168959157,0.6453765295433905
730,7.299999999999889,8.779794779562003,3.0184772181111166,-3.28724758174104,0.6459635030370354
731,7.309999999999889,8.793767482609745,3.028990423281544,-3.2820912265849245,0.6465494525520533
732,7.319999999999888,8.807742624354264,3.0394978191434467,-3.276928186092851,0.6471343810438878
733,7.329999999999888,8.821720171796727,3.0499994024698784,-3.2717584949230223,0.6477182914703608
734,7.339999999999888,8.835700091981744,3.0604951702420173,-3.2665821877480945,0.6483011867856067
735,7.349999999999888,8.849682352002022,3.0709851196792073,-3.2613992992301566,0.6488830700120389
736,7.3599999999998875,8.86366691899065,3.0814692481947494,-3.256209864025422,0.6494639441530315
737,7.369999999999887,8.877653760126133,3.0919475534109733,-3.251013916784971,0.6500438121938068
738,7.379999999999887,8.891642842637903,3.1024200331714167,-3.2458114921471837,0.6506226771711713
739,7.389999999999887,8.905634133802668,3.1128866855323567,-3.240602624727056,0.6512005421233379
740,7.399999999999887,8.919627600953946,3.1233475087692613,-3.2353873491440304,0.6517774100885964
741,7.4099999999998865,8.933623211474613,3.1338025013637885,-3.2301656999912893,0.6523532840917943
742,7.419999999999886,8.94762093280198,3.1442516620117904,-3.2249377118353406,0.6529281671822816
743,7.429999999999886,8.961620732434712,3.1546949896065835,-3.2197034192449703,0.653502062463705
744,7.439999999999886,8.975622577922618,3.165132483243261,-3.2144628567497606,0.6540749729988379
745,7.449999999999886,8.989626436876252,3.1755641422240988,-3.2092160588592926,0.6546469018645833
746,7.459999999999885,9.003632276969228,3.1859899660656885,-3.2039630600577396,0.6552178521556432
747,7.469999999999885,9.017640065933584,3.196409954475772,-3.198703894794961,0.6557878269655447
748,7.479999999999885,9.031649771567182,3.2068241073709416,-3.1934385974903896,0.6563568294203351
749,7.489999999999885,9.045661361735627,3.217232424885564,-3.188167202532884,0.6569248626372041
750,7.4999999999998845,9.059674804369099,3.2276349073357067,-3.1828897442773267,0.6574919297694929
751,7.509999999999884,9.073690067458758,3.2380315552278534,-3.177606257021761,0.6580580339522761
752,7.519999999999884,9.08770711907224,3.24842236926431,-3.1723167750515513,0.6586231783759147
753,7.529999999999884,9.10172592734552,3.258807350353072,-3.1670213326001897,0.6591873662027865
754,7.539999999999884,9.115746460486193,3.269186499598665,-3.161719963859354,0.6597506005847609
755,7.5499999999998835,9.129768686776517,3.279559818297993,-3.1564127029782667,0.6603128847116666
756,7.559999999999883,9.143792574572009,3.2899273079475475,-3.1510995840579614,0.660874221727283
757,7.569999999999883,9.157818092304321,3.3002889702162075,-3.1457806411615636,0.661434614818466
758,7.579999999999883,9.17184520848063,3.310644806971457,-3.1404559082851784,0.6619940671907328
759,7.589999999999883,9.185873891687413,3.3209948202712827,-3.135125419378283,0.6625525820429597
760,7.599999999999882,9.199904110590708,3.3313390123531152,-3.1297892083401964,0.6631101625958432
761,7.609999999999882,9.213935833935224,3.3416773856428437,-3.124447309011535,0.6636668120281669
762,7.619999999999882,9.22796903055159,3.3520099427542966,-3.119099755183816,0.6642225335643179
763,7.629999999999882,9.24200366935241,3.3623366864772906,-3.113746580590455,0.6647773304318633
764,7.6399999999998816,9.256039719332644,3.3726576197804095,-3.108387818897405,0.6653312058621299
765,7.649999999999881,9.270077149576474,3.38297274581932,-3.1030235037176586,0.6658841631055575
766,7.659999999999881,9.284115929250078,3.393282067916024,-3.0976536685899263,0.6664362054108162
767,7.669999999999881,9.298156027610176,3.4035855895884803,-3.0922783469887536,0.6669873360090902
768,7.679999999999881,9.312197414001218,3.4138833145145866,-3.086897572323834,0.6675375581674051
769,7.6899999999998805,9.326240057854838,3.4241752465504836,-3.081511377928079,0.6680868751108949
770,7.69999999999988,9.340283928697671,3.4344613897216543,-3.0761197970884715,0.668635290059783
771,7.70999999999988,9.354328996146839,3.444741748232498,-3.0707228629976124,0.669182806278993
772,7.71999999999988,9.368375229914815,3.455016326461147,-3.0653206087774625,0.6697294270612986
773,7.72999999999988,9.382422599808685,3.4652851289530275,-3.0599130674848705,0.6702751556699126
774,7.739999999999879,9.396471075727225,3.475548160407862,-3.0545002721023593,0.6708199953322427
775,7.749999999999879,9.410520627668063,3.4858054256890973,-3.0490822555451538,0.6713639493023038
776,7.759999999999879,9.424571225724227,3.496056929834395,-3.0436590506240107,0.6719070208733727
777,7.769999999999879,9.438622840086982,3.5063026780373834,-3.03823069007565,0.6724492133413151
778,7.779999999999879,9.452675441047099,3.5165426756520652,-3.032797206566568,0.6729905299596329
779,7.789999999999878,9.46672899899561,3.5267769281928727,-3.0273586326742845,0.673530974015
780,7.799999999999878,9.480783484425656,3.537005441338192,-3.0219150008851825,0.6740705488310651
781,7.809999999999878,9.494838867931229,3.5472282209189263,-3.016466343609775,0.6746092576766239
782,7.819999999999878,9.508895120209749,3.5574452729184696,-3.0110126931783516,0.6751471038175532
783,7.8299999999998775,9.522952212062775,3.567656603480757,-3.005554081826863,0.6756840905314158
784,7.839999999999877,9.537010114398097,3.577862218907312,-3.0000905417027286,0.6762202211101566
785,7.849999999999877,9.551068798226487,3.588062125644461,-2.9946221048565613,0.6767554988436196
786,7.859999999999877,9.565128234664696,3.598256330284581,-2.989148803251248,0.6772899270108386
787,7.869999999999877,9.579188394939273,3.6084448395595428,-2.9836706687759222,0.6778235089072804
788,7.879999999999876,9.593249250378403,3.6186276603506746,-2.9781877331948907,0.678356247805398
789,7.889999999999876,9.607310772422872,3.6288047996849717,-2.9727000281960305,0.6788881469828509
790,7.899999999999876,9.621372932621037,3.6389762647256894,-2.9672075853594553,0.6794192097595022
791,7.909999999999876,9.63543570263609,3.649142062796461,-2.9617104361794726,0.6799494394293378
792,7.919999999999876,9.649499054240119,3.659302201360107,-2.9562086120451725,0.680478839272347
793,7.929999999999875,9.663562959315282,3.6694566880128594,-2.9507021442447106,0.6810074125601676
794,7.939999999999875,9.677627389856427,3.6796055304747957,-2.945191063972067,0.6815351626072711
795,7.949999999999875,9.691692317971079,3.6897487366109614,-2.939675402317668,0.6820620926831091
796,7.959999999999875,9.705757715882596,3.6998863144244427,-2.934155190271414,0.6825882060832082
797,7.9699999999998745,9.719823555926814,3.7100182720396226,-2.9286304587240335,0.683113506088496
798,7.979999999999874,9.733889810554597,3.720144617719507,-2.9231012384544632,0.6836379959781561
799,7.989999999999874,9.74795645233371,3.7302653598555064,-2.917567560144125,0.6841616790314962
800,7.999999999999874,9.762023453946913,3.7403805069728846,-2.9120294543585548,0.6846845585113482
801,8.009999999999874,9.776090788193823,3.7504900677147113,-2.9064869515647067,0.685206637681597
802,8.019999999999873,9.790158427994784,3.760594050859678,-2.9009400821245843,0.6857279198240768
803,8.029999999999873,9.804226346385262,3.7706924653036276,-2.8953888762796964,0.686248408230464
804,8.039999999999873,9.81829451651792,3.780785320063103,-2.8898333641598666,0.6867681061705931
805,8.049999999999873,9.832362911667357,3.7908726242646384,-2.8842735758067466,0.6872870169338023
806,8.059999999999873,9.84643150522548,3.8009543871608633,-2.878709541136889,0.6878051437767952
807,8.069999999999872,9.860500270703744,3.811030618125537,-2.873141289955276,0.6883224899174668
808,8.079999999999872,9.874569181736941,3.8211013266377227,-2.867568851967089,0.6888390586359007
809,8.089999999999872,9.88863821208122,3.8311665223091538,-2.8619922567459937,0.6893548532088231
810,8.099999999999872,9.902707335610062,3.841226214856052,-2.85641153374291,0.6898698768797497
811,8.109999999999872,9.916776526322753,3.85128041411039,-2.8508267123102984,0.6903841328898694
812,8.119999999999871,9.930845758340034,3.8613291300053403,-2.845237821693112,0.690897624457068
813,8.129999999999871,9.944915005905656,3.8713723725886604,-2.839644891011091,0.6914103548098219
814,8.139999999999871,9.958984243386514,3.881410152021805,-2.8340479492576867,0.6919223271774138
815,8.14999999999987,9.973053445275065,3.89144247855418,-2.8284470253281455,0.6924335448353715
816,8.15999999999987,9.987122586185084,3.9014693625386214,-2.822842147992216,0.6929440110190664
817,8.16999999999987,10.0011916408576,3.9114908144398246,-2.817233345906509,0.6934537289612592
818,8.17999999999987,10.015260584156037,3.9215068448236527,-2.811620647595661,0.693962701883592
819,8.18999999999987,10.029329391067002,3.931517464359339,-2.806004081459952,0.6944709329505548
820,8.19999999999987,10.043398036705778,3.941522683804412,-2.800383675796378,0.6949784253799998
821,8.20999999999987,10.057466496313522,3.95152251401572,-2.794759458777338,0.6954851823904831
822,8.21999999999987,10.07153474525644,3.9615169659478013,-2.7891314584443294,0.6959912071972719
823,8.229999999999869,10.08560275903029,3.9715060506580597,-2.7834997027275024,0.6964965030003294
824,8.239999999999869,10.099670513253384,3.981489779284768,-2.7778642194290404,0.6970010729677305
825,8.249999999999869,10.11373798367371,3.991468163064848,-2.772225036233015,0.6975049202741105
826,8.259999999999868,10.12780514616648,4.001441213313133,-2.7665821807052415,0.6980080481275522
827,8.269999999999868,10.141871976732702,4.01140894144542,-2.760935680271206,0.6985104596926981
828,8.279999999999868,10.155938451503978,4.0213713589578015,-2.755285562259314,0.6990121581196993
829,8.289999999999868,10.17000454673937,4.031328477431668,-2.7496318538559534,0.6995131466202086
830,8.299999999999867,10.184070238823779,4.041280308529193,-2.7439745821243746,0.7000134283462507
831,8.309999999999867,10.198135504270756,4.05122686399341,-2.7383137740126204,0.7005130064175417
832,8.319999999999867,10.212200319723411,4.061168155662178,-2.7326494563317505,0.7010118839545116
833,8.329999999999867,10.226264661953422,4.071104195441413,-2.7269816557683457,0.7015100641244301
834,8.339999999999867,10.240328507861353,4.081034995315651,-2.7213103988841274,0.7020075500827042
835,8.349999999999866,10.254391834477238,4.090960567346495,-2.71563571212586,0.7025043449406215
836,8.359999999999866,10.26845461895915,4.1008809236699175,-2.709957621803623,0.7030004518242516
837,8.369999999999866,10.282516838595773,4.110796076507616,-2.7042761540981037,0.7034958738395534
838,8.379999999999866,10.29657847080507,4.120706038147207,-2.698591335065468,0.7039906141091048
839,8.389999999999866,10.310639493132841,4.130610820947694,-2.6929031906289245,0.7044846757284824
840,8.399999999999865,10.324699883257745,4.140510437337937,-2.6872117465993877,0.704978061812695
841,8.409999999999865,10.338759618984875,4.150404899814252,-2.68151702864775,0.7054707754419488
842,8.419999999999865,10.35281867825063,4.160294220940266,-2.675819062326915,0.7059628196910375
843,8.429999999999865,10.366877039121666,4.1701784133482995,-2.670117873056815,0.7064541976489808
844,8.439999999999864,10.380934679793429,4.180057489734763,-2.6644134861334754,0.7069449123539984
845,8.449999999999864,10.394991578593253,4.189931462863952,-2.6587059267184903,0.7074349668962725
846,8.459999999999864,10.409047713977305,4.199800345556557,-2.6529952198517313,0.7079243643319286
847,8.469999999999864,10.423103064529593,4.209664150701306,-2.647281390437658,0.7084131076415797
848,8.479999999999864,10.437157608965787,4.2195228912443445,-2.6415644632466067,0.7089011998821549
849,8.489999999999863,10.451211326134183,4.229376580192274,-2.635844462939337,0.7093886440860903
850,8.499999999999863,10.465264195010331,4.239225230603876,-2.6301214140387295,0.7098754432692371
851,8.509999999999863,10.47931619469822,4.2490688555912355,-2.6243953409332734,0.710361600436188
852,8.519999999999863,10.493367304434761,4.258907468320847,-2.6186662678999797,0.7108471185975134
853,8.529999999999863,10.507417503585097,4.268741082020451,-2.612934219067206,0.7113320007505926
854,8.539999999999862,10.521466771645404,4.27856970996976,-2.60719921844429,0.7118162498793539
855,8.549999999999862,10.535515088240812,4.288393365496823,-2.601461289911202,0.7122998689541763
856,8.559999999999862,10.549562433126413,4.298212061986208,-2.5957204572135413,0.7127828609304256
857,8.569999999999862,10.563608786189203,4.308025812873565,-2.5899767439684847,0.7132652288054203
858,8.579999999999862,10.57765412744125,4.317834631627018,-2.5842301736617768,0.7137469755349598
859,8.589999999999861,10.591698437027715,4.327638531769363,-2.5784807696595005,0.7142281040858892
860,8.599999999999861,10.60574169522003,4.337437526863234,-2.5727285551947934,0.7147086173756871
861,8.60999999999986,10.61978388241948,4.3472316305170455,-2.566973553364645,0.7151885183517397
862,8.61999999999986,10.63382497915923,4.357020856391513,-2.561215787151628,0.715667809919598
863,8.62999999999986,10.647864966102432,4.366805218189201,-2.555455279404905,0.716146495024879
864,8.63999999999986,10.661903824037157,4.376584729637814,-2.549692052847975,0.7166245765669339
865,8.64999999999986,10.675941533880732,4.386359404526471,-2.5439261300569727,0.7171020574045666
866,8.65999999999986,10.689978076682783,4.396129256671084,-2.5381575334998248,0.7175789404795585
867,8.66999999999986,10.704013433620522,4.405894299917782,-2.5323862855218406,0.7180552287193698
868,8.67999999999986,10.71804758599623,4.415654548154311,-2.526612408329633,0.718530924962776
869,8.68999999999986,10.732080515241655,4.425410015312415,-2.5208359239997318,0.7190060320381485
870,8.699999999999859,10.746112202913826,4.435160715360738,-2.5150568544587992,0.7194805527606717
871,8.709999999999859,10.760142630699605,4.444906662281599,-2.509275221540494,0.7199544899687633
872,8.719999999999859,10.774171780413026,4.454647870095617,-2.5034910469411646,0.7204278464853885
873,8.729999999999858,10.788199633999323,4.464384352864285,-2.4977043522307913,0.7209006251777884
874,8.739999999999858,10.802226173527755,4.474116124668614,-2.4919151588538853,0.7213728288673521
875,8.749999999999858,10.81625138119231,4.483843199619392,-2.4861234881111804,0.7218444603646602
876,8.759999999999858,10.830275239316343,4.49356559185297,-2.4803293612019313,0.7223155224629173
877,8.769999999999857,10.844297730347419,4.503283315542257,-2.4745327991761723,0.7227860179145482
878,8.779999999999857,10.85831883686259,4.51299638488544,-2.468733822964548,0.723255949535632
879,8.789999999999857,10.872338541562488,4.52270481410293,-2.462932453369956,0.7237253200843469
880,8.799999999999857,10.886356827273753,4.532408617441381,-2.4571287110690356,0.7241941323060525
881,8.809999999999857,10.90037367695326,4.5421078091672555,-2.451322616638715,0.7246623889960557
882,8.819999999999856,10.914389073677611,4.5518024035653255,-2.4455141905034457,0.7251300929064475
883,8.829999999999856,10.92840300064823,4.561492414945133,-2.4397034529655617,0.7255972467427606
884,8.839999999999856,10.942415441192129,4.571177857632254,-2.433890424201392,0.7260638532578878
885,8.849999999999856,10.956426378758513,4.580858745966846,-2.4280751242704883,0.726529915126051
886,8.859999999999856,10.970435796923406,4.590535094319329,-2.422257573098613,0.7269954350604183
887,8.869999999999855,10.98444367938762,4.600206917073568,-2.41643779049969,0.7274604157708686
888,8.879999999999855,10.998450009973565,4.609874228626196,-2.4106157961638726,0.7279248599228259
889,8.889999999999855,11.012454772627851,4.619537043395127,-2.4047916096493656,0.7283887702022703
890,8.899999999999855,11.02645795141885,4.629195375811341,-2.398965250382359,0.7288521492953915
891,8.909999999999854,11.040459530534195,4.638849240316839,-2.393136737665632,0.7293149997962559
892,8.919999999999854,11.054459494289713,4.648498651370206,-2.387306090696194,0.7297773243842622
893,8.929999999999854,11.068457827120296,4.65814362343147,-2.3814733285507157,0.7302391256992241
894,8.939999999999854,11.08245451358135,4.667784170978557,-2.3756384701676985,0.7307004063610385
895,8.949999999999854,11.09644953835105,4.677420308499011,-2.369801534372769,0.7311611689977928
896,8.959999999999853,11.110442886228038,4.687052050495536,-2.3639625398743194,0.73162141616531
897,8.969999999999853,11.124434542133839,4.696679411472147,-2.3581215052634183,0.7320811505133006
898,8.979999999999853,11.138424491106099,4.706302405942582,-2.3522784489923887,0.7325403746141064
899,8.989999999999853,11.152412718303383,4.715921048426612,-2.3464333894049467,0.7329990910253894
900,8.999999999999853,11.166399209005727,4.725535353449414,-2.340586344730565,0.7334573023412065
901,9.009999999999852,11.180383948610071,4.735145335537819,-2.3347373330747367,0.7339150111179297
902,9.019999999999852,11.194366922632529,4.7447510092241805,-2.3288863724278746,0.7343722198954579
903,9.029999999999852,11.208348116707638,4.754352389051491,-2.323033480641384,0.734828931240646
904,9.039999999999852,11.222327516586445,4.763949489559932,-2.3171786754564137,0.7352851476695766
905,9.049999999999851,11.236305108137973,4.773542325287319,-2.311321974501105,0.7357408717105753
906,9.059999999999851,11.250280877350269,4.783130910782762,-2.3054633952891392,0.7361961058674156
907,9.069999999999851,11.264254810328694,4.7927152605927015,-2.299602955220629,0.7366508526584938
908,9.07999999999985,11.27822689329177,4.802295389267447,-2.2937406715541115,0.7371051145577068
909,9.08999999999985,11.292197112577009,4.811871311345199,-2.2878765614752723,0.737558894032543
910,9.09999999999985,11.306165454633092,4.82144304136136,-2.2820106420190096,0.7380121935374199
911,9.10999999999985,11.320131906027548,4.831010593856102,-2.276142930116258,0.7384650155464773
912,9.11999999999985,11.334096453439834,4.840573983369639,-2.2702734425600872,0.7389173624979468
913,9.12999999999985,11.348059083667547,4.8501332244343,-2.264402196069128,0.7393692368189195
914,9.13999999999985,11.362019783621987,4.859688331582709,-2.2585292072309233,0.7398206409522674
915,9.14999999999985,11.375978540325537,4.869239319340442,-2.2526544925166823,0.7402715772748235
916,9.15999999999985,11.389935340917127,4.878786202226373,-2.246778068298671,0.7407220482175829
917,9.169999999999849,11.403890172644818,4.888328994744393,-2.240899950831759,0.7411720561588152
918,9.179999999999849,11.417843022869663,4.897867711399431,-2.235020156247029,0.7416216034810633
919,9.189999999999849,11.431793879064658,4.9074023666867,-2.2291387005530696,0.742070692610994
920,9.199999999999848,11.44574272881214,4.916932975090133,-2.223255599642333,0.7425193259337701
921,9.209999999999848,11.459689559808277,4.926459551088408,-2.2173708693207104,0.7429675058059403
922,9.219999999999848,11.473634359860712,4.935982109156572,-2.211484525278338,0.7434152345866911
923,9.229999999999848,11.487577116884191,4.945500663747123,-2.2055965831040463,0.7438625145757901
924,9.239999999999847,11.501517818903524,4.955015229311672,-2.1997070582563594,0.7443093480876971
925,9.249999999999847,11.515456454054178,4.964525820292057,-2.1938159660826524,0.744755737470886
926,9.259999999999847,11.52939301057852,4.974032451108872,-2.1879233218341505,0.7452016850181288
927,9.269999999999847,11.543327476827267,4.9835351361700635,-2.1820291406506573,0.7456471930258195
928,9.279999999999847,11.55725984125988,4.993033889877674,-2.1761334375676356,0.7460922637521538
929,9.289999999999846,11.571190092443429,5.002528726616925,-2.1702362275115776,0.7465368994787042
930,9.299999999999846,11.585118219053333,5.012019660757341,-2.164337525314988,0.7469811024889951
931,9.309999999999846,11.599044209868852,5.0215067066546135,-2.1584373456788852,0.7474248750521264
932,9.319999999999846,11.612968053773827,5.030989878645736,-2.1525357031994266,0.7478682193974502
933,9.329999999999846,11.626889739761511,5.040469191058097,-2.14663261238248,0.748311137780139
934,9.339999999999845,11.640809256928875,5.049944658200025,-2.1407280876299493,0.7487536324147263
935,9.349999999999845,11.654726594477774,5.059416294358004,-2.134822143239023,0.7491957055481561
936,9.359999999999845,11.668641741713234,5.068884113804621,-2.128914793396395,0.7496373593857771
937,9.369999999999845,11.682554688042785,5.07834813079246,-2.123006052179041,0.7500785961188724
938,9.379999999999844,11.696465422978989,5.087808359561222,-2.117095933575483,0.7505194179046137
939,9.389999999999844,11.710373936136774,5.0972648143288515,-2.111184451462525,0.7509598269287002
940,9.399999999999844,11.724280217233922,5.106717509295854,-2.105271619620793,0.7513998253548799
941,9.409999999999844,11.738184256090634,5.116166458638167,-2.0993574517344764,0.7518394153732115
942,9.419999999999844,11.75208604262503,5.125611676515202,-2.093441961357235,0.7522785991253835
943,9.429999999999843,11.765985566859502,5.135053177067605,-2.0875251619684807,0.7527173787575684
944,9.439999999999843,11.779882818914869,5.144490974409468,-2.0816070669401685,0.7531557564018516
945,9.449999999999843,11.793777789012841,5.153925082628797,-2.075687689560265,0.7535937341925912
946,9.459999999999843,11.807670467473134,5.163355515798422,-2.069767042992686,0.7540313142467647
947,9.469999999999843,11.821560844714309,5.17278228797319,-2.0638451403075844,0.7544684986237963
948,9.479999999999842,11.835448911253664,5.182205413179683,-2.0579219944800933,0.7549052894089772
949,9.489999999999842,11.849334657705642,5.191624905415746,-2.0519976184007236,0.7553416886436586
950,9.499999999999842,11.86321807478491,5.201040778661579,-2.046072024855019,0.7557776984411767
951,9.509999999999842,11.877099153300984,5.210453046874205,-2.0401452265171898,0.756213320875138
952,9.519999999999841,11.890977884159547,5.219861723981176,-2.0342172359847472,0.7566485579679252
953,9.529999999999841,11.904854258364098,5.229266823884971,-2.0282880657713607,0.7570834117584473
954,9.539999999999841,11.918728267010351,5.238668360457617,-2.022357728271822,0.7575178842751106
955,9.54999999999984,11.932599901292253,5.248066347557932,-2.016426235788572,0.7579519775581383
956,9.55999999999984,11.9464691524965,5.2574607990122955,-2.0104936005186578,0.7583856936559829
957,9.56999999999984,11.96033601200455,5.2668517286184,-2.0045598345887288,0.7588190345728587
958,9.57999999999984,11.974200471290644,5.276239150153118,-1.998624950028272,0.759252002251085
959,9.58999999999984,11.988062521921163,5.285623077355998,-1.9926889587614793,0.7596845987005851
960,9.59999999999984,12.001922155556564,5.29500352394707,-1.9867518726296827,0.7601168258919215
961,9.60999999999984,12.015779363951639,5.304380503622806,-1.9808137033968145,0.7605486857925183
962,9.61999999999984,12.029634138949666,5.31375403004052,-1.97487446273667,0.7609801803235381
963,9.62999999999984,12.04348647248513,5.323124116835093,-1.9689341621999572,0.7614113114645059
964,9.639999999999839,12.057336356582239,5.332490777613427,-1.9629928132484482,0.7618420811449311
965,9.649999999999839,12.071183783356863,5.34185402595649,-1.9570504272576825,0.7622724913075306
966,9.659999999999838,12.085028745012924,5.351213875400615,-1.9511070155341241,0.7627025438695108
967,9.669999999999838,12.098871233846959,5.360570339461871,-1.945162589298001,0.7631322407924049
968,9.679999999999838,12.112711242240602,5.369923431628259,-1.9392171596630434,0.7635615839483256
969,9.689999999999838,12.126548762663067,5.379273165357794,-1.9332707376563918,0.7639905751741055
970,9.699999999999838,12.140383787673777,5.38861955407261,-1.9273233342383542,0.7644192163614033
971,9.709999999999837,12.154216309919878,5.397962611170177,-1.9213749602655248,0.7648475094246404
972,9.719999999999837,12.168046322133035,5.407302350010071,-1.9154256265139766,0.7652754562212699
973,9.729999999999837,12.181873817133257,5.416638783918682,-1.9094753436905938,0.7657030586389484
974,9.739999999999837,12.195698787822813,5.4259719261955714,-1.90352412238826,0.7661303184901906
975,9.749999999999837,12.20952122719179,5.435301790106627,-1.8975719731433707,0.7665572375976867
976,9.759999999999836,12.223341128314484,5.444628388887591,-1.8916189063977324,0.7669838177761956
977,9.769999999999836,12.237158484349505,5.453951735751557,-1.8856649324833565,0.7674100608482628
978,9.779999999999836,12.250973288538395,5.463271843863393,-1.8797100616782287,0.7678359686154386
979,9.789999999999836,12.264785534205112,5.472588726355758,-1.8737543041675417,0.7682615428668785
980,9.799999999999836,12.2785952147571,5.4819023963300335,-1.8677976700442134,0.7686867854270403
981,9.809999999999835,12.292402323684934,5.491212866857364,-1.8618401693402256,0.7691116980585534
982,9.819999999999835,12.306206854561335,5.5005201509712744,-1.8558818120120155,0.7695362825400555
983,9.829999999999835,12.32000880103878,5.509824261676486,-1.8499226079090878,0.7699605406297335
984,9.839999999999835,12.333808156852449,5.51912521193745,-1.843962566840355,0.7703844740711172
985,9.849999999999834,12.347604915814605,5.528423014689568,-1.838001698489447,0.770808084580285
986,9.859999999999834,12.36139907181889,5.53771768282898,-1.8320400124678882,0.771231373932613
987,9.869999999999834,12.37519061884116,5.5470092292235496,-1.8260775183361602,0.7716543438739918
988,9.879999999999834,12.388979550934627,5.556297666700654,-1.8201142255750158,0.7720769961305717
989,9.889999999999834,12.402765862229312,5.565583008055282,-1.814150143571867,0.7724993323886362
990,9.899999999999833,12.416549546933537,5.574865266044663,-1.8081852816419726,0.7729213543430382
991,9.909999999999833,12.430330599331718,5.584144453389879,-1.8022196490130697,0.7733430636666311
992,9.919999999999833,12.444109013786264,5.593420582776971,-1.7962532548415415,0.773764462043514
993,9.929999999999833,12.45788478474028,5.602693666864543,-1.7902861082331354,0.7741855511761606
994,9.939999999999833,12.471657906710437,5.611963718275778,-1.7843182181977124,0.7746063327250919
995,9.949999999999832,12.485428374286586,5.621230749588699,-1.7783495936659874,0.7750268083300236
996,9.959999999999832,12.499196182134545,5.6304947733387465,-1.7723802435105998,0.7754469796538697
997,9.969999999999832,12.512961324995512,5.639755802034482,-1.7664101765142712,0.7758668483614277
998,9.979999999999832,12.526723797685197,5.649013848149782,-1.760439401407597,0.7762864160505603
999,9.989999999999831,12.540483595091368,5.658268924118048,-1.7544679268296948,0.7767056843312795
1000,9.999999999999831,12.554240712175437,5.667521042334997,-1.748495761338772,0.7771246548532361
1001,10.009999999999831,12.567995143972562,5.6767702151591335,-1.742522913443213,0.7775433292362977
1002,10.01999999999983,12.58174688558818,5.686016454913636,-1.7365493915580783,0.7779617090675811
1003,10.02999999999983,12.595495932201697,5.695259773886293,-1.7305752040561688,0.7783797959157245
1004,10.03999999999983,12.609242279064125,5.704500184327454,-1.724600359233253,0.778797591372471
1005,10.04999999999983,12.622985921493251,5.713737698448174,-1.7186248652742404,0.7792150969933581
1006,10.05999999999983,12.63672685488006,5.722972328415565,-1.7126487303354418,0.77963231436326
1007,10.06999999999983,12.650465074687324,5.732204086370023,-1.7066719625062388,0.7800492450476493
1008,10.07999999999983,12.66420057644675,5.741432984408935,-1.7006945698214309,0.7804658905832044
1009,10.08999999999983,12.677933355756632,5.750659034592009,-1.6947165602038268,0.7808822525260184
1010,10.09999999999983,12.69166340828521,5.759882248938493,-1.6887379415326496,0.7812983324283768
1011,10.109999999999829,12.705390729768233,5.769102639430697,-1.6827587216254691,0.7817141317895211
1012,10.119999999999829,12.719115316011097,5.778320218016684,-1.676778908225766,0.7821296521712515
1013,10.129999999999828,12.732837162882193,5.787534996601978,-1.6707985089887043,0.7825448950551671
1014,10.139999999999828,12.746556266320917,5.796746987057595,-1.6648175315533111,0.782959861918041
1015,10.149999999999828,12.760272622331529,5.805956201215935,-1.6588359834552127,0.7833745542796475
1016,10.159999999999828,12.773986226982082,5.81516265086874,-1.6528538721771666,0.7837889735539482
1017,10.169999999999828,12.78769707640745,5.824366347761159,-1.6468712051425831,0.7842031212472765
1018,10.179999999999827,12.801405166806386,5.8335673036161175,-1.6408879896642377,0.7846169988230751
1019,10.189999999999827,12.815110494443829,5.8427655301054795,-1.6349042330434458,0.7850306077519941
1020,10.199999999999827,12.82881305564919,5.85196103887187,-1.628919942504352,0.7854439494826173
1021,10.209999999999827,12.842512846815843,5.861153841514772,-1.6229351252229298,0.785857025462294
1022,10.219999999999827,12.856209864400183,5.8703439495954255,-1.6169497883008754,0.7862698371526857
1023,10.229999999999826,12.869904104919314,5.879531374634701,-1.610963938761292,0.7866823859819614
1024,10.239999999999826,12.883595564952696,5.888716128113418,-1.6049775835786788,0.7870946733458518
1025,10.249999999999826,12.897284241144984,5.89789822148065,-1.5989907296769503,0.7875067006853766
1026,10.259999999999826,12.910970130201033,5.907077666139618,-1.5930033839183728,0.7879184694376579
1027,10.269999999999825,12.924653228885319,5.916254473454358,-1.587015553102731,0.7883299809840649
1028,10.279999999999825,12.938333534023789,5.925428654749248,-1.5810272439781907,0.7887412367173918
1029,10.289999999999825,12.95201104250083,5.9346002213066935,-1.5750384632158145,0.7891522380214478
1030,10.299999999999825,12.96568575126195,5.943769184375456,-1.5690492174370698,0.789562986263921
1031,10.309999999999825,12.97935765731201,5.952935555162547,-1.563059513202584,0.7899734828328104
1032,10.319999999999824,12.99302675771621,5.962099344840843,-1.557069357024267,0.7903837291066912
1033,10.329999999999824,13.00669304959576,5.971260564535726,-1.5510787553584915,0.790793726413581
1034,10.339999999999824,13.02035653013001,5.980419225340916,-1.5450877145700326,0.7912034761101695
1035,10.349999999999824,13.03401719655691,5.989575338309165,-1.5390962409954863,0.7916129795249245
1036,10.359999999999824,13.047675046170909,5.99872891444923,-1.5331043409107283,0.7920222379959547
1037,10.369999999999823,13.061330076323012,6.007879964735694,-1.5271120205247586,0.7924312528344425
1038,10.379999999999823,13.074982284422779,6.017028500102174,-1.5211192860206388,0.792840025371247
1039,10.389999999999823,13.088631667933022,6.026174531439543,-1.5151261435024004,0.7932485569044726
1040,10.399999999999823,13.102278224373878,6.0353180696027735,-1.509132599033779,0.7936568487366691
1041,10.409999999999823,13.115921951320091,6.044459125405651,-1.5031386586117694,0.794064902185707
1042,10.419999999999822,13.12956284639922,6.053597709619239,-1.497144328175637,0.7944727185170991
1043,10.429999999999822,13.14320090729572,6.062733832983121,-1.491149613612174,0.7948802990339642
1044,10.439999999999822,13.156836131748525,6.0718675061958125,-1.485154520761943,0.7952876450515336
1045,10.449999999999822,13.17046851754786,6.080998739912906,-1.4791590554169896,0.7956947578009576
1046,10.459999999999821,13.18409806253993,6.090127544755232,-1.4731632233369245,0.7961016385431283
1047,10.469999999999821,13.197724764620888,6.099253931303084,-1.4671670301889044,0.796508288524222
1048,10.479999999999821,13.211348621739615,6.108377910095534,-1.461170481601297,0.7969147089820273
1049,10.48999999999982,13.224969631897999,6.117499491630029,-1.4551735831690698,0.7973209011666343
1050,10.49999999999982,13.238587793147692,6.126618686369956,-1.4491763404002673,0.7977268662947687
1051,10.50999999999982,13.252203103594129,6.1357355047360596,-1.443178758797079,0.7981326056038492
1052,10.51999999999982,13.26581556139256,6.144849957113794,-1.4371808437999625,0.7985381202841021
1053,10.52999999999982,13.279425164749174,6.153962053841089,-1.4311826008080544,0.7989434115852506
1054,10.53999999999982,13.293031911918305,6.163071805217518,-1.4251840351411615,0.799348480737486
1055,10.54999999999982,13.306635801206266,6.172179221514674,-1.419185152078402,0.7997533289607347
1056,10.55999999999982,13.320236830965548,6.181284312958114,-1.4131859568424072,0.800157957408611
1057,10.569999999999819,13.333834999600265,6.190387089731031,-1.4071864546475847,0.8005623672761963
1058,10.579999999999819,13.347430305561293,6.199487561984893,-1.4011866506121475,0.8009665597375932
1059,10.589999999999819,13.361022747346304,6.20858573982605,-1.3951865498028968,0.801370535957954
1060,10.599999999999818,13.374612323503984,6.217681633324279,-1.3891861572819924,0.8017742971192938
1061,10.609999999999818,13.388199032629881,6.226775252512976,-1.3831854780483357,0.8021778443956016
1062,10.619999999999818,13.401782873364946,6.235866607384131,-1.3771845170578247,0.8025811788967878
1063,10.629999999999818,13.415363844396675,6.244955707889244,-1.3711832792088772,0.802984301761733
1064,10.639999999999818,13.428941944460194,6.254042563940889,-1.365181769366095,0.8033872141558471
1065,10.649999999999817,13.442517172337464,6.263127185416873,-1.3591799923585872,0.803789917226702
1066,10.659999999999817,13.456089526854841,6.272209582154364,-1.3531779529627748,0.8041924120994366
1067,10.669999999999817,13.469659006882,6.28128976395419,-1.347175655875743,0.8045946998726559
1068,10.679999999999817,13.483225611335913,6.2903677405737985,-1.341173105794843,0.8049967816821706
1069,10.689999999999817,13.496789339177772,6.29944352172941,-1.33517030737042,0.80539865867581
1070,10.699999999999816,13.510350189412883,6.308517117101384,-1.3291672652208433,0.8058003319500432
1071,10.709999999999816,13.523908161088237,6.31758853633396,-1.323163983882972,0.8062018025731787
1072,10.719999999999816,13.537463253295513,6.326657789035695,-1.3171604678356568,0.8066030716762173
1073,10.729999999999816,13.55101546517072,6.335724884777595,-1.311156721564118,0.8070041403254855
1074,10.739999999999815,13.564564795890718,6.344789833083237,-1.305152749506785,0.8074050095808979
1075,10.749999999999815,13.578111244675128,6.353852643440143,-1.2991485560423135,0.8078056805373821
1076,10.759999999999815,13.591654810786823,6.362913325309332,-1.2931441454989494,0.8082061542690347
1077,10.769999999999815,13.605195493529623,6.371971888101299,-1.2871395221830986,0.8086064318653308
1078,10.779999999999815,13.618733292247743,6.381028341191264,-1.281134690349542,0.8090065143705769
1079,10.789999999999814,13.632268206326213,6.390082693919023,-1.275129654203923,0.8094064028140192
1080,10.799999999999814,13.645800235193041,6.399134955590968,-1.269124417939905,0.8098060982276759
1081,10.809999999999814,13.659329378314172,6.40818513546469,-1.2631189856820189,0.810205601678846
1082,10.819999999999814,13.67285563519652,6.417233242764238,-1.2571133615266161,0.8106049142160365
1083,10.829999999999814,13.686379005386495,6.426279286676357,-1.2511075495409263,0.8110040368504544
1084,10.839999999999813,13.69989948846999,6.435323276347951,-1.2451015537576122,0.811402970602885
1085,10.849999999999813,13.713417084071319,6.444365220895995,-1.239095378129812,0.8118017164905874
1086,10.859999999999813,13.726931791855348,6.45340512939272,-1.2330890266277323,0.8122002755493499
1087,10.869999999999813,13.74044361152332,6.462443010879492,-1.2270825031462638,0.812598648748585
1088,10.879999999999812,13.75395254281463,6.471478874354909,-1.2210758115528006,0.8129968370784488
1089,10.889999999999812,13.767458585506198,6.480512728774587,-1.2150689556969518,0.8133948415192099
1090,10.899999999999812,13.78096173941408,6.489544583070792,-1.209061939374293,0.8137926630541443
1091,10.909999999999812,13.794462004389047,6.498574446128541,-1.2030547663121292,0.8141903026974219
1092,10.919999999999812,13.807959380320703,6.507602326798347,-1.1970474402656093,0.8145877614005488
1093,10.929999999999811,13.821453867135,6.51662823389647,-1.1910399649228918,0.8149850401491601
1094,10.939999999999811,13.834945464791879,6.525652176199173,-1.185032343917583,0.8153821398875188
1095,10.949999999999811,13.848434173287067,6.5346741624471925,-1.1790245808395305,0.8157790615592878
1096,10.95999999999981,13.86191999265428,6.5436942013465575,-1.173016679275245,0.8161758061361786
1097,10.96999999999981,13.875402922962863,6.552712301563869,-1.1670086427915658,0.8165723745966257
1098,10.97999999999981,13.888882964315204,6.561728471734857,-1.161000474878618,0.8169687678686905
1099,10.98999999999981,13.902360116848786,6.5707427204500055,-1.154992179025041,0.8173649869011477
1100,10.99999999999981,13.915834380735458,6.579755056266859,-1.1489837586908658,0.8177610326035109
1101,11.00999999999981,13.929305756179719,6.588765487709172,-1.142975217251254,0.8181569058996375
1102,11.01999999999981,13.942774243420356,6.597774023263954,-1.1369665580558075,0.8185526077227793
1103,11.02999999999981,13.956239842731895,6.606780671380737,-1.1309577844744505,0.8189481390159689
1104,11.039999999999809,13.969702554420664,6.6157854404785805,-1.1249488998141242,0.8193435006720394
1105,11.049999999999809,13.983162378825073,6.624788338939423,-1.1189399073390243,0.819738693573373
1106,11.059999999999809,13.996619316315222,6.633789375097626,-1.1129308102816629,0.8201337186486806
1107,11.069999999999808,14.01007336729627,6.642788557263437,-1.1069216118671743,0.8205285768148637
1108,11.079999999999808,14.023524532203231,6.6517858937085625,-1.1009123152691747,0.8209232689461222
1109,11.089999999999808,14.036972811504018,6.660781392668799,-1.0949029236545735,0.821317795925168
1110,11.099999999999808,14.050418205698367,6.669775062346797,-1.0888934401451043,0.8217121586600089
1111,11.109999999999808,14.063860715315613,6.67876691091273,-1.0828838677938166,0.8221063580305883
1112,11.119999999999807,14.077300340915553,6.687756946490449,-1.0768742096805992,0.822500394872694
1113,11.129999999999807,14.090737083087904,6.696745177176006,-1.0708644688006808,0.8228942700310908
1114,11.139999999999807,14.104170942454406,6.7057316110315695,-1.0648546481228565,0.8232879844120969
1115,11.149999999999807,14.11760191966788,6.714716256079931,-1.0588447506395517,0.8236815389035735
1116,11.159999999999807,14.131030015408179,6.723699120315188,-1.0528347792403168,0.8240749343471748
1117,11.169999999999806,14.144455230385852,6.732680211694478,-1.0468247368308468,0.8244681715707304
1118,11.179999999999806,14.157877565341364,6.741659538142148,-1.04081462629692,0.8248612514007739
1119,11.189999999999806,14.171297021042493,6.7506371075462015,-1.034804450466813,0.8252541746480535
1120,11.199999999999806,14.184713598286736,6.75961292775964,-1.0287942121655294,0.8256469421277903
1121,11.209999999999805,14.198127297898726,6.768587006595703,-1.0227839141450992,0.8260395547138951
1122,11.219999999999805,14.211538120734339,6.777559351840805,-1.0167735591921623,0.8264320132534444
1123,11.229999999999805,14.224946067675202,6.78652997124329,-1.0107631500456575,0.8268243185535128
1124,11.239999999999805,14.238351139630176,6.795498872520569,-1.00475268939363,0.8272164714151666
1125,11.249999999999805,14.25175333753704,6.804466063357523,-0.9987421799116272,0.8276084726733356
1126,11.259999999999804,14.265152662357742,6.813431551399862,-0.9927316242269818,0.8280003230940849
1127,11.269999999999804,14.278549115083786,6.8223953442678065,-0.9867210249441292,0.8283920234985453
1128,11.279999999999804,14.291942696731095,6.83135744954096,-0.9807103846476986,0.8287835746394318
1129,11.289999999999804,14.305333408344758,6.840317874770931,-0.9746997059092231,0.8291749773360676
1130,11.299999999999804,14.318721250994635,6.849276627470918,-0.968688991271766,0.8295662323827815
1131,11.309999999999803,14.332106225776352,6.858233715120781,-0.9626782432450725,0.8299573405786905
1132,11.319999999999803,14.345488333811463,6.867189145171194,-0.956667464314155,0.8303483027002858
1133,11.329999999999803,14.358867576246883,6.876142925042326,-0.950656656927466,0.830739119517831
1134,11.339999999999803,14.37224395425242,6.885095062115533,-0.9446458234766227,0.8311297917872026
1135,11.349999999999802,14.385617469025988,6.894045563740446,-0.9386349663992615,0.8315203202891203
1136,11.359999999999802,14.398988121788372,6.902994437235163,-0.9326240880707828,0.8319107057660932
1137,11.369999999999802,14.412355913785174,6.911941689887754,-0.9266131908246862,0.8323009489847031
1138,11.379999999999802,14.425720846286293,6.920887328947319,-0.9206022769997142,0.8326910507160001
1139,11.389999999999802,14.43908292058643,6.929831361634249,-0.914591348939885,0.8330810116909229
1140,11.399999999999801,14.4524421380027,6.938773795135892,-0.9085804089317284,0.8334708326346112
1141,11.409999999999801,14.465798499874822,6.947714636606793,-0.9025694592104766,0.8338605142744311
1142,11.419999999999801,14.479152007567594,6.956653893170776,-0.8965585020074582,0.8342500573828864
1143,11.4299999999998,14.492502662467466,6.965591571924393,-0.8905475394891037,0.8346394626885566
1144,11.4399999999998,14.505850465985095,6.974527679931285,-0.8845365738509279,0.8350287309099009
1145,11.4499999999998,14.519195419552924,6.983462224215049,-0.878525607286591,0.8354178627557385
1146,11.4599999999998,14.532537524626452,6.992395211775044,-0.8725146419433364,0.8358068589464763
1147,11.4699999999998,14.545876782682177,7.001326649577063,-0.8665036799223393,0.8361957201962326
1148,11.4799999999998,14.559213195219854,7.010256544556338,-0.8604927233350519,0.8365844472250302
1149,11.4899999999998,14.57254676375956,7.0191849036144385,-0.8544817742520083,0.8369730407291013
1150,11.4999999999998,14.585877489842856,7.028111733623729,-0.8484708346960131,0.837361501427205
1151,11.509999999999799,14.59920537503254,7.037037041420696,-0.8424599067022452,0.8377498300176248
1152,11.519999999999799,14.612530420913238,7.045960833821272,-0.8364489922660224,0.8381380271794028
1153,11.529999999999799,14.625852629090343,7.0548831176035005,-0.830438093386556,0.8385260936037616
1154,11.539999999999798,14.639172001189813,7.063803899516656,-0.8244272120249053,0.8389140299863217
1155,11.549999999999798,14.652488538857414,7.07272318628024,-0.8184163501177096,0.8393018369868304
1156,11.559999999999798,14.665802243758929,7.081640984579781,-0.8124055095632324,0.8396895153077952
1157,11.569999999999798,14.679113117580158,7.090557301068695,-0.8063946922571219,0.8400770656357341
1158,11.579999999999798,14.69242116202756,7.099472142379472,-0.800383900077011,0.8404644886181618
1159,11.589999999999797,14.70572637882651,7.108385515107514,-0.7943731348847781,0.8408517849150433
1160,11.599999999999797,14.719028769721962,7.117297425819601,-0.7883623985098289,0.8412389552010495
1161,11.609999999999797,14.732328336478826,7.126207881053837,-0.7823516927853275,0.8416260001423733
1162,11.619999999999797,14.74562508088013,7.135116887317162,-0.7763410194913845,0.8420129204185101
1163,11.629999999999797,14.758919004727206,7.144024451087136,-0.7703303803916057,0.8423997166729198
1164,11.639999999999796,14.772210109840202,7.152930578812218,-0.7643197772279651,0.8427863895567309
1165,11.649999999999796,14.785498398058296,7.16183527691414,-0.7583092117439577,0.843172939698396
1166,11.659999999999796,14.798783871238669,7.170738551779671,-0.7522986856762424,0.8435593677424541
1167,11.669999999999796,14.812066531255645,7.179640409768258,-0.7462882007285135,0.8439456742896362
1168,11.679999999999795,14.825346380002706,7.188540857213524,-0.7402777585848721,0.8443318599834165
1169,11.689999999999795,14.838623419390826,7.197439900420145,-0.7342673608899303,0.8447179254878809
1170,11.699999999999795,14.85189765134665,7.206337545655573,-0.7282570092880947,0.8451038714129095
1171,11.709999999999795,14.86516907781492,7.215233799164764,-0.7222467054125387,0.8454896983480542
1172,11.719999999999795,14.87843770075722,7.224128667161377,-0.7162364508634839,0.8458754069118111
1173,11.729999999999794,14.89170352215362,7.233022155838518,-0.7102262472278232,0.8462609977333097
1174,11.739999999999794,14.904966543999825,7.241914271355782,-0.7042160960736181,0.8466464714260604
1175,11.749999999999794,14.918226768307571,7.250805019844775,-0.6982059989302865,0.8470318286014542
1176,11.759999999999794,14.931484197105053,7.259694407404269,-0.6921959573373682,0.8474170698753348
1177,11.769999999999794,14.944738832436679,7.2685824401071155,-0.6861859728279124,0.8478021958306975
1178,11.779999999999793,14.957990676361401,7.277469123997378,-0.6801760468630491,0.848187207052907
1179,11.789999999999793,14.971239730955968,7.286354465096115,-0.6741661809150475,0.848572104152606
1180,11.799999999999793,14.984485998312277,7.29523846939502,-0.6681563764450678,0.8489568877179734
1181,11.809999999999793,14.997729480537277,7.30412114285949,-0.6621466348984735,0.8493415583000963
1182,11.819999999999792,15.01097017975393,7.313002491422571,-0.656136957710471,0.8497261165204417
1183,11.829999999999792,15.024208098099944,7.32188252099219,-0.6501273462975611,0.8501105629624569
1184,11.839999999999792,15.037443237726517,7.33076123744843,-0.6441178020101336,0.8504948981980792
1185,11.849999999999792,15.050675600802656,7.339638646648547,-0.6381083262863113,0.8508791227891614
1186,11.859999999999792,15.063905189510269,7.348514754419764,-0.6320989204828003,0.8512632373153355
1187,11.869999999999791,15.077132006045522,7.357389566559358,-0.626089585952313,0.8516472423533952
1188,11.879999999999791,15.090356052617825,7.366263088839373,-0.6200803239944318,0.8520311384557406
1189,11.889999999999791,15.103577331451575,7.375135327004733,-0.6140711359203619,0.8524149261894476
1190,11.89999999999979,15.11679584478583,7.38400628677662,-0.6080620230550224,0.8527986060967049
1191,11.90999999999979,15.130011594871839,7.392875973849271,-0.6020529866473572,0.8531821787107847
1192,11.91999999999979,15.143224583975233,7.401744393885335,-0.5960440279502164,0.85356564462486
1193,11.92999999999979,15.156434814375755,7.410611552524728,-0.5900351482226553,0.8539490044088123
1194,11.93999999999979,15.169642288366278,7.419477455383704,-0.5840263487148062,0.8543322585920775
1195,11.94999999999979,15.182847008252292,7.428342108048471,-0.5780176306570437,0.854715407712481
1196,11.95999999999979,15.19604897635142,7.437205516079183,-0.5720089952403233,0.8550984522895683
1197,11.96999999999979,15.20924819499536,7.446067685012609,-0.5660004436430348,0.8554813928866969
1198,11.979999999999789,15.222444666528833,7.454928620361535,-0.5599919770493772,0.8558642300443846
1199,11.989999999999789,15.235638393308312,7.463788327607326,-0.5539835966486931,0.856246964283564
1200,11.999999999999789,15.248829377702764,7.472646812210593,-0.5479753035888498,0.8566295961225114
1201,12.009999999999788,15.262017622092689,7.481504079604315,-0.5419670989636359,0.8570121261051418
1202,12.019999999999788,15.275203128871938,7.490360135193263,-0.5359589839260384,0.857394554782625
1203,12.029999999999788,15.288385900445393,7.499214984364189,-0.5299509595749685,0.8577768826393279
1204,12.039999999999788,15.301565939229748,7.5080686324738,-0.5239430269936616,0.858159110204461
1205,12.049999999999788,15.314743247652858,7.516921084853337,-0.5179351872553108,0.8585412379772858
1206,12.059999999999787,15.327917828154384,7.52577234680948,-0.5119274414139884,0.8589232664766836
1207,12.069999999999787,15.341089683185654,7.5346224236256685,-0.5059197905238295,0.8593051962087871
1208,12.079999999999787,15.354258815208635,7.543471320558643,-0.499912235603667,0.8596870276879245
1209,12.089999999999787,15.367425226697762,7.552319042844732,-0.49390477769325813,0.860068761432754
1210,12.099999999999786,15.380588920137129,7.5611655956929456,-0.48789741779709433,0.8604503979364276
1211,12.109999999999786,15.393749898020669,7.5700109842874985,-0.48189015691541814,0.8608319376293287
1212,12.119999999999786,15.406908162853785,7.578855213793066,-0.4758829960198718,0.8612133809636682
1213,12.129999999999786,15.420063717153575,7.587698289344098,-0.46987593609565914,0.8615947284830106
1214,12.139999999999786,15.433216563447418,7.59654021605283,-0.4638689781133182,0.8619759807100817
1215,12.149999999999785,15.446366704271142,7.605380999003241,-0.45786212303082235,0.862357138098939
1216,12.159999999999785,15.459514142171226,7.614220643257633,-0.4518553717594681,0.8627382011527026
1217,12.169999999999785,15.472658879704412,7.6230591538613695,-0.44584872519616975,0.8631191703315588
1218,12.179999999999785,15.485800919437436,7.63189653582915,-0.43984218426746524,0.8635000461187258
1219,12.189999999999785,15.498940263947576,7.640732794154498,-0.4338357498935924,0.8638808290185602
1220,12.199999999999784,15.512076915820437,7.6495679338075435,-0.42782942296396453,0.864261519479891
1221,12.209999999999784,15.525210877651501,7.658401959735026,-0.421823204360027,0.8646421179713055
1222,12.219999999999784,15.538342152044617,7.667234876858378,-0.41581709492147767,0.8650226249525489
1223,12.229999999999784,15.551470741614049,7.6760666900799,-0.4098110955115454,0.8654030408816435
1224,12.239999999999783,15.564596648983207,7.684897404276436,-0.403805206988184,0.8657833662345584
1225,12.249999999999783,15.577719876783327,7.693727024302521,-0.39779943017356567,0.8661636014384879
1226,12.259999999999783,15.590840427655564,7.702555554986951,-0.39179376589464804,0.8665437469935424
1227,12.269999999999783,15.603958304249034,7.711383001143318,-0.3857882149323308,0.8669238033227837
1228,12.279999999999783,15.617073509221532,7.720209367555902,-0.37978277809070976,0.8673037708774767
1229,12.289999999999782,15.630186045238444,7.729034658985606,-0.37377745614184343,0.8676836500827668
1230,12.299999999999782,15.643295914974717,7.737858880172535,-0.3677722498743543,0.8680634413940946
1231,12.309999999999782,15.656403121112808,7.746682035833134,-0.3617671600513716,0.8684431452488107
1232,12.319999999999782,15.669507666344057,7.7555041306639225,-0.3557621874430296,0.8688227620918566
1233,12.329999999999782,15.68260955336787,7.764325169339624,-0.34975733280998317,0.8692022923681787
1234,12.339999999999781,15.695708784890995,7.773145156515762,-0.34375259682100345,0.869581736542607
1235,12.349999999999781,15.708805363627796,7.78196409682055,-0.33774798020979585,0.8699610950436676
1236,12.359999999999781,15.721899292300089,7.790781994863566,-0.33174348366929257,0.8703403682869169
1237,12.36999999999978,15.734990573638152,7.799598855232231,-0.3257391079122634,0.870719556718869
1238,12.37999999999978,15.748079210379608,7.80841468249051,-0.31973485367219157,0.8710986607673054
1239,12.38999999999978,15.761165205268188,7.81722948118048,-0.3137307216199776,0.8714776808381663
1240,12.39999999999978,15.774248561055302,7.826043255825351,-0.30772671239883537,0.8718566173578225
1241,12.40999999999978,15.787329280499886,7.8348560109277585,-0.30172282665655625,0.8722354707576975
1242,12.41999999999978,15.800407366367738,7.843667750967169,-0.2957190650569039,0.8726142414538257
1243,12.42999999999978,15.813482821430382,7.85247848039859,-0.28971542824145224,0.8729929298303224
1244,12.43999999999978,15.82655564846711,7.861288203658757,-0.28371191686664665,0.8733715362851652
1245,12.449999999999779,15.839625850263582,7.870096925162152,-0.2777085315342738,0.8737500612488776
1246,12.459999999999779,15.85269342961229,7.878904649309474,-0.2717052728352599,0.8741285051046777
1247,12.469999999999779,15.865758389312095,7.887711380472551,-0.26570214138906023,0.8745068682681989
1248,12.479999999999778,15.878820732168371,7.896517123006507,-0.25969913776596115,0.8748851511632136
1249,12.489999999999778,15.891880460992969,7.905321881244696,-0.25369626256592936,0.8752633542032517
1250,12.499999999999778,15.904937578603421,7.914125659498596,-0.24769351637260364,0.8756414777906038
1251,12.509999999999778,15.917992087824096,7.922928462063139,-0.2416908998012799,0.8760195223071966
1252,12.519999999999778,15.931043991483918,7.931730293210859,-0.23568841339006508,0.8763974881231698
1253,12.529999999999777,15.944093292417733,7.9405311571953945,-0.22968605765507913,0.8767753756101907
1254,12.539999999999777,15.957139993467038,7.949331058246086,-0.2236838331507091,0.8771531851937098
1255,12.549999999999777,15.970184097478908,7.958130000577098,-0.21768174040282967,0.8775309172660322
1256,12.559999999999777,15.983225607305133,7.966927988379738,-0.2116797799266649,0.8779085721928371
1257,12.569999999999776,15.996264525803241,7.975725025824655,-0.20567795226042362,0.8782861503374583
1258,12.579999999999776,16.0093008558364,7.98452111706207,-0.19967625794371277,0.8786636520790256
1259,12.589999999999776,16.02233460027334,7.993316266224303,-0.19367469744442184,0.8790410778482876
1260,12.599999999999776,16.03536576198747,8.002110477429584,-0.1876732712292908,0.8794184279869094
1261,12.609999999999776,16.04839434385732,8.010903754767568,-0.1816719798227903,0.8797957028681586
1262,12.619999999999775,16.061420348766692,8.019696102312018,-0.1756708237055176,0.8801729028798978
1263,12.629999999999775,16.074443779603378,8.028487524118619,-0.16966980327764114,0.8805500283922277
1264,12.639999999999775,16.087464639261672,8.037278024225909,-0.16366891902892183,0.8809270797900822
1265,12.649999999999775,16.10048293063906,8.046067606649258,-0.15766817141796083,0.88130405741313
1266,12.659999999999775,16.113498656638612,8.054856275390346,-0.15166756090277012,0.8816809616070284
1267,12.669999999999774,16.12651182016676,8.063644034422815,-0.14566708791452504,0.8820577927369214
1268,12.679999999999774,16.139522424135617,8.072430887709565,-0.13966675287346872,0.8824345511746309
1269,12.689999999999774,16.152530471461695,8.08121683919401,-0.1336665562238118,0.8828112372754487
1270,12.699999999999774,16.165535965065462,8.090001892797307,-0.12766649840114078,0.8831878514069228
1271,12.709999999999773,16.178538907870582,8.098786052419026,-0.12166657979586393,0.8835643939230602
1272,12.719999999999773,16.191539302806362,8.107569321949782,-0.11566680080032174,0.883940865182636
1273,12.729999999999773,16.2045371528052,8.116351705256944,-0.10966716180097966,0.8843172655251991
1274,12.739999999999773,16.217532460803024,8.125133206183717,-0.10366766319512417,0.884693595300121
1275,12.749999999999773,16.23052522974061,8.133913828561726,-0.09766830538994128,0.8850698548496312
1276,12.759999999999772,16.243515462562836,8.142693576208773,-0.09166908873344681,0.8854460445304664
1277,12.769999999999772,16.256503162217047,8.151472452913008,-0.08567001359171451,0.8858221647051471
1278,12.779999999999772,16.26948833165409,8.160250462454075,-0.07967108032016944,0.8861982156419583
1279,12.789999999999772,16.282470973829472,8.169027608592259,-0.07367228926975268,0.8865741976932789
1280,12.799999999999772,16.295451091701977,8.177803895066326,-0.06767364077916117,0.8869501112345451
1281,12.809999999999771,16.30842868823376,8.186579325602763,-0.06167513521459669,0.8873259565676708
1282,12.819999999999771,16.321403766390446,8.195353903906973,-0.05567677292676668,0.8877017340411993
1283,12.829999999999771,16.334376329140273,8.204127633666284,-0.049678554216993985,0.8880774439917626
1284,12.83999999999977,16.34734637945404,8.212900518550505,-0.04368047940864509,0.8884530866976568
1285,12.84999999999977,16.360313920306687,8.22167256221123,-0.03768254880564282,0.8888286625201728
1286,12.85999999999977,16.37327895467524,8.230443768280708,-0.03168476268867426,0.8892041717867141
1287,12.86999999999977,16.38624148554083,8.239214140378321,-0.02568712136099949,0.8895796148437827
1288,12.87999999999977,16.39920151588717,8.247983682109231,-0.019689625128812543,0.889954991985339
1289,12.88999999999977,16.412159048700296,8.256752397056554,-0.01369227427650745,0.8903303035261709
1290,12.89999999999977,16.42511408696969,8.265520288787107,-0.0076950691014938235,0.8907055498132335
1291,12.90999999999977,16.438066633687242,8.274287360854974,-0.0016980098762414248,0.8910807311480243
1292,12.919999999999769,16.451016691847776,8.283053616793767,0.004298903113351717,0.8914558478770976
1293,12.929999999999769,16.463964264447817,8.29181906011936,0.010295669604681609,0.8918309003104506
1294,12.939999999999769,16.476909354486658,8.30058369433017,0.016292289331825294,0.8922058887816918
1295,12.949999999999768,16.489851964965467,8.30934752290762,0.02228876203857474,0.8925808135948119
1296,12.959999999999768,16.50279209888796,8.318110549324697,0.028285087509412856,0.8929556750127948
1297,12.969999999999768,16.515729759259806,8.32687277702967,0.03428126552096591,0.8933304733466452
1298,12.979999999999768,16.528664949089798,8.335634209457616,0.04027729581134414,0.8937052089199522
1299,12.989999999999768,16.541597671388136,8.344394850028655,0.04627317816340617,0.8940798820150163
1300,12.999999999999767,16.554527929166916,8.353154702144694,0.05226891235642587,0.8944544929170847
1301,13.009999999999767,16.567455725440254,8.361913769190707,0.05826449819258289,0.8948290419289121
1302,13.019999999999767,16.58038106322496,8.370672054536852,0.06425993543363691,0.8952035293728494
1303,13.029999999999767,16.593303945539173,8.379429561537362,0.07025522386388237,0.8955779555432074
1304,13.039999999999766,16.60622437540279,8.388186293530719,0.07625036327528441,0.8959523207311187
1305,13.049999999999766,16.619142355837067,8.396942253837622,0.08224535346463403,0.8963266252202303
1306,13.059999999999766,16.632057889865735,8.405697445766597,0.0882401942270947,0.8967008693131011
1307,13.069999999999766,16.644970980513204,8.414451872605797,0.09423488538681041,0.8970750533035006
1308,13.079999999999766,16.657881630805804,8.423205537629979,0.10022942678312902,0.8974491774940025
1309,13.089999999999765,16.67078984377143,8.431958444099829,0.1062238182263939,0.8978232421630807
1310,13.099999999999765,16.68369562244029,8.440710595265728,0.11221805953438131,0.8981972476061997
1311,13.109999999999765,16.696598969842732,8.449461994353436,0.11821215052916527,0.8985711941182545
1312,13.119999999999765,16.709499889009788,8.458212644576276,0.12420609105851758,0.8989450819318443
1313,13.129999999999765,16.72239838297462,8.466962549134731,0.13019988097735616,0.8993189113205837
1314,13.139999999999764,16.73529445477204,8.475711711211291,0.13619352011715402,0.8996926826042926
1315,13.149999999999764,16.748188107437215,8.484460133975034,0.14218700834454243,0.9000663960459525
1316,13.159999999999764,16.7610793440066,8.493207820580318,0.14818034552422626,0.9004400519155
1317,13.169999999999764,16.773968167518145,8.501954774166308,0.15417353150693014,0.9008136505142639
1318,13.179999999999763,16.786854581010353,8.510700997858482,0.16016656614646171,0.9011871921006016
1319,13.189999999999763,16.799738587522196,8.519446494767317,0.16615944927873222,0.9015606768968424
1320,13.199999999999763,16.812620190093867,8.528191267985498,0.17215218077800398,0.9019341051917833
1321,13.209999999999763,16.825499391766293,8.536935320591326,0.17814476053576997,0.9023074772730696
1322,13.219999999999763,16.838376195581294,8.545678655651786,0.1841371884317554,0.9026807934007985
1323,13.229999999999762,16.85125060458113,8.5544212762171,0.19012946438214964,0.9030540538492787
1324,13.239999999999762,16.864122621809127,8.563163185326092,0.1961215882773772,0.9034272588847512
1325,13.249999999999762,16.876992250308852,8.571904385999039,0.20211355999756422,0.9038004087818341
1326,13.259999999999762,16.889859493123847,8.58064488124228,0.20810537944212734,0.9041735037766959
1327,13.269999999999762,16.9027243532992,8.589384674053555,0.21409704653086073,0.90454654413368
1328,13.279999999999761,16.91558683388043,8.598123767415265,0.22008856116590036,0.9049195301219611
1329,13.289999999999761,16.92844693791243,8.606862164291957,0.22607992325133994,0.9052924619714444
1330,13.299999999999761,16.9413046684411,8.615599867632636,0.23207113268295165,0.9056653399712032
1331,13.30999999999976,16.954160028512486,8.62433688037458,0.23806218935968823,0.9060381643804714
1332,13.31999999999976,16.967013021172782,8.633073205440635,0.24405309325145755,0.9064109354757852
1333,13.32999999999976,16.9798636494683,8.641808845742709,0.250043844265837,0.9067836534818247
1334,13.33999999999976,16.992711916445664,8.650543804178396,0.25603444234473977,0.9071563186500233
1335,13.34999999999976,17.005557825151946,8.659278083633053,0.2620248874121277,0.9075289312378159
1336,13.35999999999976,17.018401378633236,8.66801168697275,0.26801517937980474,0.9079014914767857
1337,13.36999999999976,17.031242579935824,8.676744617050634,0.2740053182224681,0.9082739996234177
1338,13.37999999999976,17.044081432106623,8.685476876710409,0.2799953038912098,0.9086464559361066
1339,13.389999999999759,17.056917938191855,8.694208468783085,0.285985136337705,0.9090188606221318
1340,13.399999999999759,17.06975210123803,8.702939396085752,0.29197481551286314,0.9093912139244196
1341,13.409999999999759,17.08258392429125,8.71166966141944,0.2979643413733042,0.909763516095533
1342,13.419999999999758,17.09541341039717,8.720399267574606,0.3039537138769762,0.9101357673460965
1343,13.429999999999758,17.108240562601083,8.729128217323552,0.30994293299360787,0.9105079679285951
1344,13.439999999999758,17.12106538394828,8.737856513430827,0.315931998669088,0.9108801180632325
1345,13.449999999999758,17.13388787748384,8.746584158645284,0.3219209108568089,0.9112522180058599
1346,13.459999999999757,17.14670804625216,8.755311155704401,0.3279096695511119,0.911624267985089
1347,13.469999999999757,17.159525893297953,8.764037507336171,0.3338982747122615,0.9119962682450332
1348,13.479999999999757,17.172341421665053,8.772763216251445,0.33988672632544586,0.9123682190465403
1349,13.489999999999757,17.18515463439625,8.781488285150363,0.34587502439222273,0.9127401205926737
1350,13.499999999999757,17.19796553453371,8.790212716715864,0.35186316887689595,0.9131119731196965
1351,13.509999999999756,17.210774125119503,8.798936513622643,0.35785115978100823,0.9134837768633864
1352,13.519999999999756,17.223580409194525,8.807659678532197,0.36383899708861306,0.9138555320234057
1353,13.529999999999756,17.236384389799607,8.81638221409555,0.36982668079084025,0.9142272388269903
1354,13.539999999999756,17.249186069974826,8.825104122947812,0.37581421089511063,0.9145988975340105
1355,13.549999999999756,17.261985452758903,8.833825407711819,0.38180158740865106,0.9149705083583177
1356,13.559999999999755,17.27478254119002,8.842546071001124,0.3877888103455508,0.9153420715036639
1357,13.569999999999755,17.28757733830548,8.851266115414111,0.3937758796897106,0.9157135871946017
1358,13.579999999999755,17.300369847141315,8.859985543536048,0.3997627954762801,0.9160850556409632
1359,13.589999999999755,17.313160070733055,8.868704357942603,0.40574955772008786,0.9164564770549375
1360,13.599999999999755,17.325948012115614,8.877422561198346,0.41173616641799415,0.9168278516631915
1361,13.609999999999754,17.338733674322754,8.88614015585315,0.4177226215697138,0.9171991797072083
1362,13.619999999999754,17.351517060387273,8.894857144447656,0.4237089231985189,0.9175704614075396
1363,13.629999999999754,17.3642981733404,8.90357352950731,0.42969507136543605,0.9179416969805972
1364,13.639999999999754,17.377077016212265,8.912289313546347,0.435681066076393,0.9183128866305473
1365,13.649999999999753,17.389853592032242,8.921004499071266,0.4416669073577617,0.9186840305535651
1366,13.659999999999753,17.40262790382856,8.929719088573153,0.44765259526268564,0.9190551289834525
1367,13.669999999999753,17.41539995462791,8.938433084532841,0.4536381298120155,0.9194261821126757
1368,13.679999999999753,17.42816974745559,8.947146489420357,0.4596235110441772,0.9197971901134242
1369,13.689999999999753,17.44093728533552,8.95585930568826,0.4656087390031452,0.920168153207155
1370,13.699999999999752,17.45370257129061,8.96457153578441,0.47159381374184745,0.9205390715717564
1371,13.709999999999752,17.46646560834327,8.973283182144607,0.47757873531340184,0.9209099454555687
1372,13.719999999999752,17.479226399513617,8.981994247189988,0.48356350376616614,0.9212807750660585
1373,13.729999999999752,17.49198494782075,8.990704733332132,0.48954811916503016,0.9216515606236134
1374,13.739999999999752,17.504741256281523,8.999414642969796,0.49553258154401814,0.9220223022996042
1375,13.749999999999751,17.517495327912155,9.00812397849568,0.5015168909600901,0.9223930002788119
1376,13.759999999999751,17.53024716572716,9.016832742286889,0.5075010474700529,0.9227636547742039
1377,13.76999999999975,17.54299677273927,9.025540936707925,0.5134850511356381,0.9231342659918408
1378,13.77999999999975,17.555744151960045,9.034248564116506,0.5194689020057263,0.9235048341274024
1379,13.78999999999975,17.568489306399723,9.04295562686175,0.5254526001170485,0.9238753593742131
1380,13.79999999999975,17.581232239066374,9.051662127275387,0.5314361455673695,0.9242458419442324
1381,13.80999999999975,17.59397295296573,9.060368067677093,0.5374195384445412,0.9246162820040451
1382,13.81999999999975,17.606711451102836,9.06907345038138,0.5434027788259601,0.924986679744188
1383,13.82999999999975,17.619447736480726,9.077778277689806,0.5493858667727627,0.9253570353524452
1384,13.83999999999975,17.632181812100615,9.086482551888771,0.5553688023717404,0.9257273490522839
1385,13.84999999999975,17.644913680962418,9.095186275261234,0.5613515857054007,0.9260976210324796
1386,13.859999999999749,17.657643346063765,9.10388945007801,0.5673342168264054,0.9264678514597232
1387,13.869999999999749,17.67037081040073,9.112592078597338,0.5733166958156249,0.9268380405397065
1388,13.879999999999749,17.68309607696733,9.121294163066066,0.5792990227579364,0.9272081884697649
1389,13.889999999999748,17.695819148755827,9.129995705722893,0.585281197749646,0.9275782954329601
1390,13.899999999999748,17.708540028756907,9.13869670879813,0.5912632208916836,0.9279483616174733
1391,13.909999999999748,17.72125871995839,9.147397174507665,0.5972450922546471,0.9283183871784958
1392,13.919999999999748,17.73397522534693,9.156097105056508,0.6032268119365314,0.9286883723383204
1393,13.929999999999747,17.74668954790687,9.16479650264275,0.6092083800307907,0.9290583172591654
1394,13.939999999999747,17.75940169062068,9.173495369454525,0.6151897966374628,0.9294282221118411
1395,13.949999999999747,17.77211165646878,9.182193707666285,0.6211710618560986,0.9297980870989424
1396,13.959999999999747,17.784819448429342,9.19089151944532,0.6271521757976815,0.9301679123781058
1397,13.969999999999747,17.79752506947892,9.199588806947895,0.6331331385606499,0.9305376981546528
1398,13.979999999999746,17.810228522591565,9.20828557232075,0.6391139502380786,0.9309074445992709
1399,13.989999999999746,17.822929810738987,9.21698181769901,0.6450946109459215,0.9312771518771102
1400,13.999999999999746,17.83562893689107,9.2256775452103,0.6510751207796824,0.9316468201592953
1401,14.009999999999746,17.848325904015926,9.234372756972562,0.6570554798667917,0.9320164496450569
1402,14.019999999999746,17.861020715078773,9.243067455094478,0.6630356883243199,0.9323860404712198
1403,14.029999999999745,17.87371337304255,9.251761641670244,0.6690157462528054,0.9327555928210165
1404,14.039999999999745,17.886403880868755,9.260455318790212,0.6749956537416066,0.9331251068880888
1405,14.049999999999745,17.899092241515984,9.26914848853203,0.6809754109160597,0.9334945828368005
1406,14.059999999999745,17.911778457940393,9.277841152962099,0.6869550178821318,0.9338640208415128
1407,14.069999999999744,17.924462533096325,9.286533314140177,0.6929344747854665,0.9342334210788551
1408,14.079999999999744,17.93714446993563,9.295224974118891,0.6989137817649185,0.9346027836922535
1409,14.089999999999744,17.949824271407493,9.303916134936609,0.7048929389143335,0.9349721088545564
1410,14.099999999999744,17.962501940458978,9.3126067986216,0.7108719464058673,0.9353413967512126
1411,14.109999999999744,17.97517748003444,9.321296967194064,0.7168508043297008,0.9357106475467742
1412,14.119999999999743,17.987850893076146,9.329986642666611,0.7228295128002581,0.9360798614118766
1413,14.129999999999743,18.000522182523532,9.33867582704093,0.7288080719357155,0.936449038499872
1414,14.139999999999743,18.013191351313942,9.347364522311361,0.7347864818924793,0.9368181789675769
1415,14.149999999999743,18.02585840238228,9.35605273046225,0.7407647427981708,0.9371872829902856
1416,14.159999999999743,18.038523338661065,9.364740453472528,0.7467428547613157,0.9375563507222864
1417,14.169999999999742,18.051186163080033,9.373427693308718,0.752720817939291,0.9379253823148956
1418,14.179999999999742,18.063846878566245,9.382114451924444,0.7586986324845039,0.9382943779495243
1419,14.189999999999742,18.076505488044315,9.39080073126731,0.7646762985218095,0.9386633377937462
1420,14.199999999999742,18.089161994436143,9.399486533276614,0.7706538161917519,0.9390322619938332
1421,14.209999999999742,18.101816400661363,9.40817185988292,0.7766311856278297,0.9394011507242964
1422,14.219999999999741,18.114468709636757,9.416856713006158,0.7826084069868949,0.9397700041510414
1423,14.229999999999741,18.12711892427585,9.425541094558476,0.7885854803876847,0.9401388223879891
1424,14.23999999999974,18.13976704749039,9.434225006443569,0.7945624059519666,0.9405076056198092
1425,14.24999999999974,18.152413082189224,9.44290845055508,0.8005391838428181,0.940876354013445
1426,14.25999999999974,18.165057031278636,9.451591428781272,0.8065158142187454,0.9412450677142233
1427,14.26999999999974,18.177698897662,9.46027394299769,0.8124922972210298,0.9416137468971908
1428,14.27999999999974,18.190338684239595,9.4689559950735,0.8184686330039235,0.9419823916774483
1429,14.28999999999974,18.202976393909534,9.477637586870204,0.8244448217047708,0.9423510022177953
1430,14.29999999999974,18.21561202956679,9.486318720239451,0.8304208635025997,0.9427195786475774
1431,14.30999999999974,18.228245594103832,9.494999397024099,0.8363967585389727,0.9430881211350658
1432,14.31999999999974,18.24087709041014,9.503679619056854,0.8423725069754683,0.9434566298411488
1433,14.329999999999739,18.253506521372742,9.512359388167084,0.8483481089754612,0.9438251049068452
1434,14.339999999999739,18.266133889875483,9.521038706173591,0.8543235646761137,0.9441935464744334
1435,14.349999999999739,18.27875919879911,9.529717574884861,0.8602988742798027,0.944561954658882
1436,14.359999999999738,18.291382451021974,9.538395996103926,0.8662740378969617,0.9449303296221575
1437,14.369999999999738,18.304003649419407,9.547073971623641,0.8722490556991018,0.9452986715092403
1438,14.379999999999738,18.31662279686438,9.555751503230438,0.8782239278811679,0.9456669804846661
1439,14.389999999999738,18.32923989622606,9.56442859269744,0.8841986545924891,0.9460352567041348
1440,14.399999999999737,18.341854950370916,9.57310524179484,0.8901732359551604,0.9464035003015092
1441,14.409999999999737,18.35446796216249,9.58178145228291,0.8961476721378053,0.9467717114104215
1442,14.419999999999737,18.36707893446172,9.590457225914658,0.9021219633088368,0.9471398901877187
1443,14.429999999999737,18.379687870126194,9.599132564433754,0.9080961096262183,0.947508036773424
1444,14.439999999999737,18.39229477201097,9.607807469579434,0.914070111268479,0.9478761513032997
1445,14.449999999999736,18.404899642967713,9.616481943081515,0.9200439684211744,0.9482442338885892
1446,14.459999999999736,18.417502485845233,9.625155986658905,0.9260176812493206,0.9486122846937091
1447,14.469999999999736,18.43010330348912,9.633829602025306,0.9319912499081525,0.9489803038422615
1448,14.479999999999736,18.44270209874257,9.64250279088648,0.9379646746065656,0.9493482914918522
1449,14.489999999999736,18.455298874445216,9.651175554941519,0.9439379555120373,0.9497162477615259
1450,14.499999999999735,18.467893633433377,9.659847895880656,0.9499110927566452,0.9500841727743174
1451,14.509999999999735,18.48048637854084,9.668519815385523,0.9558840864964041,0.9504520667018864
1452,14.519999999999735,18.493077112598076,9.677191315131715,0.9618569369379351,0.9508199296526889
1453,14.529999999999735,18.505665838432503,9.685862396785838,0.9678296442512933,0.9511877617708415
1454,14.539999999999734,18.51825255886793,9.694533062004451,0.9738022086029577,0.9515555631821015
1455,14.549999999999734,18.530837276725908,9.70320331244255,0.9797746301831988,0.9519233340173929
1456,14.559999999999734,18.543419994825012,9.711873149749064,0.9857469091762732,0.9522910744096328
1457,14.569999999999734,18.556000715979504,9.720542575557213,0.9917190457551517,0.9526587844754394
1458,14.579999999999734,18.56857944300123,9.729211591494836,0.9976910400804796,0.9530264643838425
1459,14.589999999999733,18.581156178698656,9.73788019918366,1.003662892322065,0.9533941142665997
1460,14.599999999999733,18.593730925877328,9.746548400239313,1.0096346026894738,0.9537617342457547
1461,14.609999999999733,18.6063036873389,9.755216196267018,1.0156061713753894,0.9541293244187246
1462,14.619999999999733,18.618874465882918,9.763883588869296,1.0215775985562285,0.9544968849432391
1463,14.629999999999733,18.63144326430523,9.772550579642308,1.0275488844030858,0.9548644159274834
1464,14.639999999999732,18.644010085398392,9.781217170170612,1.0335200290864566,0.9552319175183935
1465,14.649999999999732,18.65657493195147,9.789883362032308,1.039491032801172,0.9555993898180195
1466,14.659999999999732,18.669137806750747,9.798549156799274,1.0454618957280257,0.9559668329680436
1467,14.669999999999732,18.681698712579546,9.807214556038385,1.0514326180749916,0.9563342471004191
1468,14.679999999999731,18.694257652217086,9.815879561303808,1.057403200041773,0.9567016323320832
1469,14.689999999999731,18.70681462843972,9.82454417414659,1.0633736417838278,0.9570689888017097
1470,14.699999999999731,18.719369644020862,9.833208396113651,1.069343943485044,0.9574363166344625
1471,14.70999999999973,18.73192270172965,9.841872228738499,1.0753141053438078,0.9578036159206659
1472,14.71999999999973,18.744473804332944,9.850535673554207,1.0812841275637695,0.9581708867760912
1473,14.72999999999973,18.75702295459418,9.859198732081808,1.0872540103548625,0.9585381293533815
1474,14.73999999999973,18.769570155272778,9.867861405836573,1.0932237538684855,0.9589053437650076
1475,14.74999999999973,18.78211540912561,9.876523696328244,1.0991933583062348,0.9592725301524831
1476,14.75999999999973,18.794658718905914,9.885185605060022,1.1051628238461735,0.9596396886405928
1477,14.76999999999973,18.80720008736333,9.893847133526352,1.111132150672855,0.9600068193467386
1478,14.77999999999973,18.819739517244443,9.902508283216099,1.117101339015083,0.9603739223761366
1479,14.78999999999973,18.832277011292252,9.911169055611989,1.1230703890653584,0.9607409978303764
1480,14.799999999999729,18.844812572246198,9.919829452187033,1.1290393010150699,0.9611080458240352
1481,14.809999999999729,18.85734620284271,9.928489474411224,1.1350080750464586,0.9614750664749302
1482,14.819999999999729,18.869877905815095,9.937149123749604,1.1409767113551321,0.9618420599003894
1483,14.829999999999728,18.88240768389281,9.945808401656095,1.1469452101395947,0.9622090262189834
1484,14.839999999999728,18.894935539801942,9.954467309579611,1.152913571597664,0.9625759655357145
1485,14.849999999999728,18.907461476265212,9.9631258489638,1.1588817959026958,0.9629428779651221
1486,14.859999999999728,18.919985496002237,9.971784021245261,1.1648498832465757,0.9633097636430041
1487,14.869999999999727,18.93250760172883,9.980441827854124,1.1708178338311859,0.9636766226627346
1488,14.879999999999727,18.945027796157746,9.989099270213654,1.1767856478648682,0.9640434551528291
1489,14.889999999999727,18.957546081998284,9.997756349741675,1.1827533255534812,0.9644102612325135
1490,14.899999999999727,18.970062461956235,10.006413067849365,1.1887208671039828,0.9647770410156798
1491,14.909999999999727,18.98257693873378,10.015069425940867,1.194688272709251,0.9651437946177349
1492,14.919999999999726,18.99508951502923,10.023725425413513,1.200655542556317,0.9655105221259309
1493,14.929999999999726,19.007600193537655,10.03238106765925,1.2066226768427648,0.9658772236315025
1494,14.939999999999726,19.020108976950965,10.041036354064937,1.2125896757429508,0.9662438992593635
1495,14.949999999999726,19.03261586795737,10.04969128601005,1.2185565394886368,0.9666105490834885
1496,14.959999999999726,19.04512086924205,10.058345864870073,1.2245232682802611,0.9669771732207456
1497,14.969999999999725,19.057623983486206,10.06700009201007,1.2304898623073326,0.9673437717942486
1498,14.979999999999725,19.070125213368012,10.07565396879165,1.2364563218020839,0.967710344912544
1499,14.989999999999725,19.082624561561957,10.08430749656991,1.242422646960832,0.9680768926956101
1500,14.999999999999725,19.095122030738846,10.09296067669282,1.2483888379784065,0.9684434152598493
1501,15.009999999999724,19.107617623565872,10.101613510503409,1.254354895058304,0.9688099126940602
1502,15.019999999999724,19.120111342706828,10.110265999338926,1.2603208183974288,0.9691763850999436
1503,15.029999999999724,19.1326031908224,10.1189181445342,1.2662866082047484,0.9695428325739839
1504,15.039999999999724,19.145093170569456,10.127569947413651,1.2722522646987473,0.9699092552220554
1505,15.049999999999724,19.15758128460123,10.136221409295894,1.2782177880777363,0.9702756531559165
1506,15.059999999999723,19.1700675355674,10.144872531495817,1.284183178534491,0.9706420264674569
1507,15.069999999999723,19.182551926114186,10.15352331531951,1.290148436284639,0.9710083752666822
1508,15.079999999999723,19.195034458884297,10.162173762069433,1.2961135615304047,0.9713746996575895
1509,15.089999999999723,19.207515136517152,10.170823873041718,1.3020785544743,0.9717409997737009
1510,15.099999999999723,19.219993961647845,10.17947364952762,1.3080434152990745,0.972107275679856
1511,15.109999999999722,19.232470936908538,10.18812309281158,1.3140081442250195,0.9724735274833115
1512,15.119999999999722,19.244946064927746,10.196772204173138,1.319972741459318,0.9728397552844564
1513,15.129999999999722,19.257419348330572,10.205420984884043,1.325937207214152,0.9732059592175194
1514,15.139999999999722,19.269890789738223,10.214069436214718,1.3319015416910183,0.9735721393485328
1515,15.149999999999721,19.282360391768545,10.22271755942982,1.337865745091047,0.9739382957655806
1516,15.159999999999721,19.294828157035553,10.231365355785124,1.3438298176112304,0.9743044285698816
1517,15.169999999999721,19.307294088149717,10.240012826530668,1.349793759461158,0.9746705378583412
1518,15.17999999999972,19.319758187717945,10.248659972910236,1.3557575708550442,0.9750366237325341
1519,15.18999999999972,19.332220458343947,10.257306796164597,1.3617212519984159,0.9754026863146591
1520,15.19999999999972,19.34468090262716,10.265953297527414,1.3676848031029305,0.9757687256704292
1521,15.20999999999972,19.35713952316379,10.27459947822865,1.3736482243677863,0.9761347418951261
1522,15.21999999999972,19.369596322546894,10.283245339491943,1.379611516023211,0.9765007351099855
1523,15.22999999999972,19.38205130336536,10.291890882537096,1.3855746782744536,0.9768667053851238
1524,15.23999999999972,19.39450446820498,10.300536108578738,1.391537711334592,0.9772326528334486
1525,15.24999999999972,19.406955819647248,10.309181018822692,1.397500615408684,0.9775985775420793
1526,15.25999999999972,19.419405360270428,10.317825614472728,1.4034633907030147,0.9779644795994067
1527,15.269999999999719,19.431853092649423,10.326469896726108,1.409426037427723,0.9783303591307938
1528,15.279999999999719,19.44429901935518,10.335113866774584,1.4153885557992378,0.9786962162222721
1529,15.299999999999718,19.45674314295479,10.343757525804293,1.42135094602862,0.9790620509455713
1530,15.319999999999718,19.481625991086432,10.361043915526567,1.4332753428969933,0.9797936536370901
1531,15.339999999999717,19.506501657511365,10.37832907528898,1.4451992296851135,0.9805251679770584
1532,15.359999999999717,19.531370162635906,10.395613014399718,1.4571226079490278,0.9812565946218199
1533,15.379999999999717,19.556231526810606,10.412895742083217,1.4690454794686274,0.9819879342766002
1534,15.399999999999716,19.58108577032708,10.430177267485409,1.480967845984565,0.9827191875815734
1535,15.419999999999716,19.605932913419363,10.447457599671871,1.492889709147855,0.9834503553401166
1536,15.439999999999715,19.630772976262627,10.464736747624062,1.5048110706635802,0.9841814382980641
1537,15.459999999999715,19.655605978973735,10.48201472025169,1.5167319322380313,0.984912437133324
1538,15.479999999999714,19.68043194161142,10.49929152639882,1.5286522954884507,0.985643352516439
1539,15.499999999999714,19.70525088417429,10.516567174808443,1.5405721621248796,0.9863741851069053
1540,15.519999999999714,19.730062826605508,10.533841674168261,1.5524915338664407,0.9871049356452014
1541,15.539999999999713,19.754867788788136,10.551115033087493,1.5644104123967493,0.9878356047785922
1542,15.559999999999713,19.779665790546076,10.568387260098541,1.5763287994204611,0.9885661930868153
1543,15.579999999999712,19.804456851644794,10.585658363658196,1.588246696628513,0.9892967011946289
1544,15.599999999999712,19.829240991790464,10.602928352142605,1.6001641056485376,0.9900271298013784
1545,15.619999999999711,19.8540182306316,10.620197233856368,1.6120810282132252,0.9907574795754084
1546,15.639999999999711,19.878788587758898,10.637465017048154,1.6239974660336882,0.9914877511207244
1547,15.65999999999971,19.903552082702838,10.654731709888576,1.6359134207985622,0.9922179449681408
1548,15.67999999999971,19.92830873493599,10.671997320475045,1.6478288941824466,0.9929480617667664
1549,15.69999999999971,19.95305856387142,10.689261856827471,1.6597438878725603,0.99367810213726
1550,15.71999999999971,19.977801588864576,10.706525326906199,1.671658403555285,0.9944080667012268
1551,15.739999999999709,20.00253782921209,10.723787738604731,1.6835724429261112,0.9951379560270285
1552,15.759999999999708,20.027267304151845,10.74104909974888,1.6954860076928224,0.9958677706450774
1553,15.779999999999708,20.051990032862882,10.7583094180875,1.7073990995042794,0.996597511230201
1554,15.799999999999708,20.07670603446491,10.775568701312967,1.7193117199907593,0.997327178283319
1555,15.819999999999707,20.101415328020227,10.79282695704342,1.7312238708654737,0.9980567724141879
1556,15.839999999999707,20.126117932535184,10.810084192849219,1.7431355538467368,0.9987862943092028
1557,15.859999999999706,20.150813866954582,10.827340416220705,1.7550467706238027,0.9995157445193161
1558,15.879999999999706,20.175503150165767,10.844595634590616,1.766957522881651,1.0002451236330518
1559,15.899999999999705,20.200185800996632,10.861849855331167,1.7788678122756034,1.00097443212572
1560,15.919999999999705,20.224861838217443,10.879103085750137,1.7907776404777058,1.0017036705448783
1561,15.939999999999705,20.249531280539543,10.896355333085129,1.802687009166945,1.0024328394427797
1562,15.959999999999704,20.274194146616562,10.913606604524258,1.8145959199697852,1.0031619393665927
1563,15.979999999999704,20.298850455044352,10.930856907186008,1.8265043745537475,1.0038909709476798
1564,15.999999999999703,20.32350022435997,10.948106248127862,1.8384123746300367,1.004619934691324
1565,16.019999999999705,20.34814347304226,10.965354634351248,1.8503199218890412,1.005348831069079
1566,16.039999999999704,20.372780219511768,10.982602072794375,1.862227017932207,1.0060776606827209
1567,16.059999999999704,20.39741048213121,10.999848570346664,1.8741336644213682,1.0068064239562782
1568,16.079999999999703,20.422034279205523,11.017094133832147,1.886039863025327,1.0075351213930661
1569,16.099999999999703,20.446651628982067,11.034338770020605,1.8979456153807268,1.0082637535318015
1570,16.119999999999703,20.47126254965034,11.051582485623213,1.9098509231742322,1.0089923208422735
1571,16.139999999999702,20.49586705934181,11.06882528729095,1.9217557880271312,1.0097208238860207
1572,16.1599999999997,20.520465176130283,11.086067181620566,1.9336602115543546,1.0104492632057633
1573,16.1799999999997,20.545056918031865,11.103308175153408,1.9455641954305976,1.0111776392369716
1574,16.1999999999997,20.569642303004432,11.120548274377196,1.957467741261852,1.011905952408348
1575,16.2199999999997,20.59422134895035,11.1377874857326,1.9693708506684064,1.0126342032570343
1576,16.2399999999997,20.618794073714067,11.155025815595764,1.981273525324605,1.0133623922863677
1577,16.2599999999997,20.643360495082376,11.172263270290333,1.9931757668492767,1.014090520015695
1578,16.2799999999997,20.667920630782607,11.189499856083797,2.0050775767845974,1.0148185868367539
1579,16.2999999999997,20.692474498487993,11.206735579200762,2.0169789567801133,1.0155465932160859
1580,16.3199999999997,20.71702211581425,11.223970445813432,2.028879908486407,1.016274539552761
1581,16.339999999999698,20.741563500321192,11.241204462040633,2.0407804335359954,1.017002426403072
1582,16.359999999999697,20.766098669510175,11.258437633944414,2.0526805335731666,1.0177302541631854
1583,16.379999999999697,20.790627640824727,11.27566996754314,2.06458021014861,1.0184580231556557
1584,16.399999999999697,20.815150431653542,11.292901468809317,2.0764794648125573,1.0191857338571433
1585,16.419999999999696,20.839667059331106,11.310132143668858,2.0883782992293023,1.0199133868005341
1586,16.439999999999696,20.86417754113247,11.327361997985586,2.100276714993129,1.0206409824009492
1587,16.459999999999695,20.88868189427626,11.344591037583035,2.1121747136414926,1.0213685210466035
1588,16.479999999999695,20.91318013592562,11.361819268230153,2.1240722967817747,1.0220960031602697
1589,16.499999999999694,20.937672283188764,11.379046695643966,2.1359694660316917,1.022823429324017
1590,16.519999999999694,20.962158353116433,11.396273325500072,2.147866222948702,1.0235507999625606
1591,16.539999999999694,20.986638362704895,11.413499163434322,2.1597625691625226,1.0242781154609266
1592,16.559999999999693,21.011112328894125,11.430724215036873,2.171658506236489,1.025005376228796
1593,16.579999999999693,21.03558026856747,11.447948485836216,2.183554035737737,1.0257325827145773
1594,16.599999999999692,21.060042198553486,11.465171981333206,2.195449159205754,1.0264597352903762
1595,16.619999999999692,21.084498135624624,11.482394706972949,2.2073438781997674,1.0271868343198824
1596,16.63999999999969,21.108948096498757,11.499616668162792,2.21923819427144,1.0279138801767898
1597,16.65999999999969,21.133392097838925,11.51683787025963,2.23113210896383,1.0286408733497014
1598,16.67999999999969,21.157830156253084,11.534058318582485,2.2430256238229416,1.0293678142406943
1599,16.69999999999969,21.182262288293327,11.551278018397232,2.2549187404175695,1.0300947031959367
1600,16.71999999999969,21.206688510455805,11.568496974923224,2.2668114602478266,1.030821540564251
1601,16.73999999999969,21.23110883918401,11.585715193354936,2.278703784875811,1.0315483266261234
1602,16.75999999999969,21.255523290867664,11.602932678835511,2.2905957158595833,1.0322750618560654
1603,16.77999999999969,21.27993188184199,11.620149436473216,2.3024872547093675,1.0330017467155497
1604,16.799999999999688,21.3043346283864,11.637365471330519,2.3143784029610335,1.0337283814696556
1605,16.819999999999688,21.328731546726413,11.654580788429167,2.326269162086968,1.0344549665136067
1606,16.839999999999687,21.353122653032457,11.671795392740636,2.3381595336026786,1.0351815021316373
1607,16.859999999999687,21.37750796342179,11.689009289203378,2.3500495189984942,1.0359079886493698
1608,16.879999999999686,21.401887493959155,11.706222482715928,2.3619391197848283,1.0366344265041068
1609,16.899999999999686,21.426261260655174,11.72343497813687,2.373828337490279,1.0373608160330685
1610,16.919999999999686,21.45062927946701,11.74064678028729,2.3857171735668774,1.0380871576871011
1611,16.939999999999685,21.474991566297977,11.75785789394519,2.3976056295235515,1.0388134517915457
1612,16.959999999999685,21.499348136997423,11.775068323855379,2.409493706815831,1.0395396986009178
1613,16.979999999999684,21.5236990073637,11.792278074725997,2.421381406926806,1.040265898562753
1614,16.999999999999684,21.54804419314222,11.809487151224907,2.4332687314120602,1.0409920520099512
1615,17.019999999999683,21.572383710022674,11.826695557977777,2.445155681671696,1.0417181592333893
1616,17.039999999999683,21.596717573644565,11.84390329958162,2.45704225917613,1.0424442206063855
1617,17.059999999999683,21.621045799594352,11.86111038059147,2.468928465416252,1.0431702364496258
1618,17.079999999999682,21.645368403404145,11.878316805518539,2.4808143018240703,1.0438962070139095
1619,17.09999999999968,21.66968540055487,11.895522578839406,2.4926997698510327,1.0446221326238854
1620,17.11999999999968,21.693996806476136,11.912727705000764,2.50458487096114,1.0453480136065363
1621,17.13999999999968,21.718302636545427,11.929932188421843,2.5164696065515937,1.0460738502951041
1622,17.15999999999968,21.74260290608899,11.947136033483213,2.528353978078935,1.046799643016899
1623,17.17999999999968,21.766897630379113,11.964339244520767,2.5402379869216993,1.0475253920560006
1624,17.19999999999968,21.79118682463846,11.981541825843,2.5521216345350135,1.0482510977063857
1625,17.21999999999968,21.815470504037183,11.998743781719831,2.5640049223143113,1.0489767602723046
1626,17.23999999999968,21.839748683695404,12.01594511638893,2.5758878516884116,1.0497023801258745
1627,17.25999999999968,21.86402137868157,12.033145834054787,2.5877704241050274,1.050427957509954
1628,17.279999999999678,21.888288604013493,12.050345938891924,2.599652640958883,1.0511534927683286
1629,17.299999999999677,21.912550374657837,12.067545435036266,2.611534503630222,1.0518789862842195
1630,17.319999999999677,21.936806705530547,12.084744326595226,2.623416013534535,1.0526044383062019
1631,17.339999999999677,21.9610576114969,12.101942617644355,2.635297172078103,1.0533298490638403
1632,17.359999999999676,21.985303107370964,12.119140312211021,2.647177980625356,1.054055218933879
1633,17.379999999999676,22.00954320791828,12.13633741431792,2.659058440518925,1.0547805482451793
1634,17.399999999999675,22.0337779278525,12.153533927940915,2.6709385531163643,1.0555058372171888
1635,17.419999999999675,22.05800728183975,12.170729857030155,2.6828183198377493,1.056231086191631
1636,17.439999999999674,22.08223128449512,12.187925205501328,2.6946977420616167,1.0569562954569716
1637,17.459999999999674,22.106449950383897,12.205119977241512,2.7065768211492998,1.0576814652799356
1638,17.479999999999674,22.130663294020934,12.222314176107869,2.718455558415523,1.0584065958766558
1639,17.499999999999673,22.154871329873412,12.239507805921779,2.7303339552531196,1.0591316875826726
1640,17.519999999999673,22.179074072358354,12.256700870479238,2.742212012993028,1.0598567406671564
1641,17.539999999999672,22.20327153584307,12.273893373539766,2.7540897329784526,1.0605817553496724
1642,17.559999999999672,22.227463734646577,12.291085318837062,2.765967116554053,1.0613067318742473
1643,17.57999999999967,22.25165068303999,12.308276710080715,2.7778441650575365,1.0620316705471025
1644,17.59999999999967,22.275832395244667,12.32546755095001,2.789720879769426,1.0627565716393808
1645,17.61999999999967,22.300008885434707,12.3426578450953,2.8015972620578546,1.0634814353912445
1646,17.63999999999967,22.324180167734106,12.359847596135578,2.813473313226357,1.0642062619525314
1647,17.65999999999967,22.348346256220534,12.377036807663467,2.825349034598573,1.0649310516495964
1648,17.67999999999967,22.372507164923178,12.394225483241243,2.837224427500585,1.0656558047514488
1649,17.69999999999967,22.39666290782187,12.411413626398971,2.849099493203646,1.0663805214766435
1650,17.71999999999967,22.42081349885043,12.428601240653927,2.860974232985681,1.0671052020792136
1651,17.739999999999668,22.44495895189544,12.445788329489687,2.872848648154841,1.067829846856376
1652,17.759999999999668,22.469099280796033,12.462974896364862,2.8847227400034137,1.0685544560948734
1653,17.779999999999667,22.493234499343167,12.480160944705032,2.896596509813907,1.0692790300331938
1654,17.799999999999667,22.517364621280308,12.497346477910227,2.9084699588567697,1.0700035688550271
1655,17.819999999999666,22.541489660304673,12.51453149935566,2.9203430883789743,1.070728072863322
1656,17.839999999999666,22.56560963006654,12.531716012392081,2.9322158996602434,1.071452542235181
1657,17.859999999999665,22.589724544170764,12.54890002034836,2.9440883939796603,1.072176977262783
1658,17.879999999999665,22.613834416174832,12.56608352652946,2.9559605725792055,1.0729013781620043
1659,17.899999999999665,22.637939259589196,12.583266534202194,2.9678324367046813,1.0736257451773035
1660,17.919999999999664,22.662039087879812,12.600449046615925,2.9797039876686195,1.0743500785383455
1661,17.939999999999664,22.686133914465156,12.617631066993065,2.9915752266932807,1.075074378481629
