i,t,tau,x,y,z
0,0,0,1,10,100
1,0.01,0.010049628663537815,1.0009889086152894,10.009890171936735,100.0008867912584
2,0.03,0.020099264549589088,1.0019778169759364,10.019780342464951,100.00177356832533
3,0.05,0.040198557981549594,1.0039556329313348,10.039560679294308,100.00354707989018
4,0.07,0.06029788028048931,1.0059334478934938,10.059341010474792,100.00532053470339
5,0.09000000000000001,0.08039723143102283,1.0079112617912154,10.079121335999476,100.00709393277528
6,0.11000000000000001,0.10049661141774856,1.009889074624852,10.098901655853973,100.00886727411495
7,0.13,0.12059602022527278,1.0118668863519706,10.118681970036771,100.0106405587319
8,0.15,0.1406954578381875,1.013844696938202,10.13846227852708,100.01241378663646
9,0.19,0.16079492424109745,1.0158225064293205,10.158242581318483,100.01418695783839
10,0.23,0.2009939433552793,1.0197781222762072,10.197803169780865,100.01773313017118
11,0.27,0.241193077444464,1.0237337336948544,10.237363735330582,100.0212790758075
12,0.31,0.28139232638526485,1.0276893409533967,10.276924277866742,100.02482479482376
13,0.35,0.3215916900542327,1.0316449438479802,10.31648479731292,100.02837028729938
14,0.38999999999999996,0.3617911683278574,1.0356005424260866,10.356045293576052,100.03191555331327
15,0.42999999999999994,0.4019907610825887,1.0395561367810553,10.3956057666002,100.0354605929426
16,0.4699999999999999,0.4421904681947225,1.0435117266631289,10.435166216310282,100.03900540626137
17,0.5499999999999999,0.4823902895405569,1.0474673121802045,10.474726642627632,100.04254999334681
18,0.6299999999999999,0.5627902744383583,1.055378470697197,10.553847424753295,100.04963848914309
19,0.7099999999999999,0.6431907147852651,1.0632896124992957,10.632968112396565,100.05672608097015
20,0.7899999999999998,0.7235916095890558,1.0712007375289434,10.712088704752057,100.06381276944639
21,0.8699999999999998,0.80399295785683,1.079111845848408,10.79120920119067,100.0708985552047
22,0.9499999999999997,0.8843947585945969,1.0870229366626711,10.870329601019307,100.0779834388869
23,1.0299999999999998,0.9647970108073196,1.0949340093358944,10.949449903725224,100.08506742110954
24,1.1099999999999999,1.0451997134994349,1.1028450650445711,11.028570108699778,100.09215050252584
25,1.19,1.1256028656739607,1.11075610311811,11.107690215221083,100.09923268377956
26,1.27,1.2060064663329209,1.1186671237936243,11.186810222487205,100.10631396551189
27,1.35,1.2864105144776687,1.1265781259513037,11.265930129952055,100.11339434838213
28,1.4300000000000002,1.3668150091085831,1.13448911130754,11.345049936953822,100.12047383302816
29,1.5100000000000002,1.4472199492248417,1.1424000781918002,11.42416964295828,100.12755242008886
30,1.5900000000000003,1.527625333824864,1.1503110262091591,11.503289247364448,100.13463011021491
31,1.6700000000000004,1.6080311619062009,1.1582219559867795,11.582408749480807,100.14170690406223
32,1.7500000000000004,1.688437432465631,1.1661328680530134,11.661528148761331,100.14878280228739
33,1.8300000000000005,1.7688441444988383,1.1740437618528488,11.740647444564587,100.15585780555394
34,1.9100000000000006,1.8492512970006942,1.181954637195376,11.819766636299981,100.16293191452573
35,1.9900000000000007,1.9296588889652706,1.1898654940465827,11.898885723451967,100.17000512986677
36,2.0700000000000007,2.010066919385691,1.1977763330613649,11.97800470531954,100.17707745224958
37,2.150000000000001,2.090475387254048,1.2056871544240453,12.057123581230103,100.1841488823354
38,2.230000000000001,2.1708842915617157,1.21359795792098,12.13624235066725,100.19121942078851
39,2.310000000000001,2.25129363129886,1.221508743163915,12.215361012858459,100.19828906827303
40,2.390000000000001,2.3317034054550185,1.2294195093288385,12.294479567182105,100.20535782546517
41,2.470000000000001,2.412113613018922,1.2373302559871777,12.373598013007452,100.21242569304273
42,2.550000000000001,2.492524252978695,1.2452409832408446,12.452716349837564,100.21949267168519
43,2.6300000000000012,2.572935324321428,1.2531516916961483,12.531834577000872,100.22655876206798
44,2.7100000000000013,2.6533468260334963,1.2610623818078315,12.61095269391036,100.23362396486998
45,2.7900000000000014,2.733758757100299,1.2689730529574932,12.690070700070768,100.24068828075785
46,2.8700000000000014,2.814171116506597,1.2768837061276685,12.769188594814095,100.24775171041722
47,2.9500000000000015,2.8945839032364806,1.284794340840231,12.848306377616497,100.2548142545491
48,3.0300000000000016,2.9749971162728874,1.2927049570336993,12.927424047766483,100.26187591383793
49,3.1100000000000017,3.055410754598194,1.300615555178432,13.006541604644815,100.26893668897321
50,3.270000000000002,3.135824817193883,1.3085261344321042,13.085659047669894,100.27599658064699
51,3.430000000000002,3.296654211118403,1.3243472330715313,13.243893589815345,100.29011371637472
52,3.590000000000002,3.4574852898829436,1.340168251898493,13.402127669168506,100.30422732654432
53,3.750000000000002,3.61831804531402,1.3559891933672827,13.56036128109256,100.318337416794
54,3.9100000000000024,3.7791524692259206,1.371810057718702,13.718594421127408,100.33244399273147
55,4.070000000000002,3.939988553421522,1.3876308431297517,13.876827084394975,100.3465470600706
56,4.230000000000002,4.1008262896921615,1.403451549971784,14.035059266156207,100.36064662445783
57,4.390000000000002,4.26166566981856,1.419272175891472,14.193290961868795,100.37474269160137
58,4.5500000000000025,4.4225066855713875,1.435092719282387,14.351522167065818,100.38883526726943
59,4.710000000000003,4.583349328710994,1.4509131826841337,14.509752876741443,100.40292435727338
60,4.870000000000003,4.744193590988087,1.466733569765872,14.667983086186931,100.41700996743596
61,5.030000000000003,4.905039464143195,1.4825538786087824,14.826212791347885,100.43109210355944
62,5.190000000000003,5.065886939907372,1.4983741059994173,14.984441987891891,100.44517077154258
63,5.350000000000003,5.2267360100005105,1.514194249381451,15.142670670766767,100.45924597722261
64,5.510000000000003,5.387586666135581,1.5300143079673127,15.300898835687056,100.47331772654131
65,5.6700000000000035,5.548438900015952,1.5458342840935568,15.459126477940327,100.4873860254023
66,5.830000000000004,5.709292703337217,1.56165417729673,15.61735359318601,100.50145087980395
67,5.990000000000004,5.870148067787001,1.5774739864370333,15.775580177151319,100.51551229580734
68,6.150000000000004,6.031004985044632,1.5932937114180632,15.93380622573247,100.52957027943229
69,6.310000000000004,6.191863446781395,1.6091133529767865,16.092031734442372,100.54362483674767
70,6.470000000000004,6.352723444660508,1.624932910525749,16.250256698755717,100.55767597382676
71,6.630000000000004,6.513584970338183,1.6407523849894325,16.408481114541782,100.57172369671217
72,6.7900000000000045,6.67444801546399,1.6565717750514815,16.56670497762226,100.58576801156134
73,6.950000000000005,6.8353125716800855,1.6723910815841672,16.72492828336312,100.59980892453531
74,7.110000000000005,6.996178630622114,1.688210302856755,16.88315102749662,100.61384644181372
75,7.270000000000005,7.157046183919354,1.7040294391092607,17.041373205591178,100.62788056959208
76,7.430000000000005,7.317915223196142,1.7198484903297429,17.199594813722907,100.64191131412797
77,7.590000000000005,7.478785740069684,1.7356674540818289,17.357815847754058,100.65593868165122
78,7.750000000000005,7.639657726153317,1.75148633341818,17.51603630373474,100.66996267846298
79,7.9100000000000055,7.800531173051758,1.767305123029046,17.67425617723629,100.68398331078885
80,8.070000000000006,7.9614060723682085,1.7831238254632613,17.832475464523696,100.69800058498495
81,8.230000000000006,8.12228241569918,1.798942438154981,17.99069416121868,100.71201450745212
82,8.390000000000006,8.283160194636107,1.8147609592522214,18.148912263201478,100.72602508451263
83,8.550000000000006,8.444039400768734,1.8305793920089644,18.307129766842692,100.74003232260596
84,8.710000000000006,8.60492002568008,1.84639773383218,18.465346668141965,100.75403622810663
85,8.870000000000006,8.765802060949516,1.8622159844133275,18.623562962755287,100.76803680745978
86,9.030000000000006,8.926685498153656,1.8780341441612487,18.78177864685446,100.78203406712093
87,9.190000000000007,9.087570328865922,1.8938522144288092,18.93999371682319,100.79602801353413
88,9.350000000000007,9.248456544655367,1.9096701957650366,19.09820816845096,100.81001865317133
89,9.510000000000007,9.40934413708851,1.9254880834230252,19.256421997857817,100.82400599261544
90,9.670000000000007,9.570233097730618,1.9413058822576268,19.414635201324057,100.83799003840251
91,9.830000000000007,9.731123418142479,1.9571235880649287,19.572847775035417,100.85197079708402
92,9.990000000000007,9.892015089882879,1.9729411997586528,19.73105971503202,100.86594827522609
93,10.150000000000007,10.052908104509779,1.9887587210625022,19.889271017539638,100.87992247940673
94,10.310000000000008,10.213802453578596,2.004576150538773,20.047481678614794,100.89389341628603
95,10.470000000000008,10.374698128643304,2.0203934852608287,20.205691694602894,100.90786109253243
96,10.630000000000008,10.535595121257726,2.036210726818783,20.363901061954262,100.9218255148423
97,10.790000000000008,10.696493422973694,2.0520278738692,20.52210977721737,100.93578668988087
98,10.950000000000008,10.857393025341525,2.067844925331598,20.680317836693398,100.94974462431117
99,11.110000000000008,11.018293919911475,2.0836618818269534,20.838525236638024,100.96369932484973
100,11.270000000000008,11.179196098233906,2.0994787440366594,20.99673197336583,100.97765079827364
101,11.430000000000009,11.34009955185788,2.115295507962668,21.154938043523867,100.99159905129736
102,11.590000000000009,11.501004272333516,2.131112174752536,21.31314344347442,101.0055440907072
103,11.750000000000009,11.661910251210848,2.1469287445116256,21.4713481695202,101.01948592330848
104,11.910000000000009,11.82281748004082,2.1627452156240685,21.62955221835698,101.03342455592468
105,12.07000000000001,11.983725950375097,2.17856158909456,21.787755586511082,101.04735999537645
106,12.23000000000001,12.144635653765471,2.194377863339965,21.945958270582985,101.06129224845962
107,12.39000000000001,12.30554658176537,2.2101940382791363,22.1041602673259,101.07522132197207
108,12.55000000000001,12.466458725929698,2.226010116377566,22.26236157308233,101.0891472227699
109,12.71000000000001,12.627372077815298,2.2418260964714554,22.42056218443839,101.1030699577938
110,12.87000000000001,12.788286628980964,2.25764197837972,22.578762098153064,101.11698953395529
111,13.03000000000001,12.949202370987614,2.2734577609857776,22.736961310910377,101.13090595823188
112,13.19000000000001,13.11011929539812,2.2892734448145764,22.895159819422602,101.14481923754184
113,13.35000000000001,13.271037393777394,2.30508902853357,23.053357620437993,101.15872937881169
114,13.51000000000001,13.431956657693739,2.320904512446443,23.211554710784366,101.17263638900212
115,13.67000000000001,13.592877078717995,2.3367198952982036,23.369751087237038,101.18654027510235
116,13.83000000000001,13.753798648424704,2.35253517672084,23.527946746777157,101.20044104411166
117,13.99000000000001,13.91472135839179,2.368350357249403,23.686141686384662,101.21433870302928
118,14.150000000000011,14.075645200199647,2.3841654352472466,23.84433590276363,101.22823325887653
119,14.310000000000011,14.236570165433289,2.399980411675121,24.002529392774036,101.24212471868236
120,14.470000000000011,14.397496245680863,2.415795285851057,24.160722153295037,101.25601308944164
121,14.630000000000011,14.558423432535974,2.4316100580039044,24.31891418139837,101.26989837823383
122,14.790000000000012,14.719351717596313,2.447424726211229,24.47710547400781,101.2837805922131
123,14.950000000000012,14.880281092463859,2.463239291116675,24.63529602823204,101.29765973841042
124,15.110000000000012,15.041211548745647,2.4790537542125164,24.79348584113648,101.31153582388835
125,15.270000000000012,15.20214307805297,2.4948681154057293,24.951674909764424,101.32540885569354
126,15.590000000000012,15.363075672002473,2.5106823737311155,25.109863230926603,101.33927884098425
127,15.910000000000013,15.684944020325473,2.542310584447431,25.426237620499883,101.36700970036588
128,16.23000000000001,16.006816526763643,2.5739383812618017,25.74260898734046,101.39472845926383
129,16.55000000000001,16.328693124456915,2.6055657532881016,26.05897730772574,101.42243517508852
130,16.87000000000001,16.650573746655002,2.6371927016235643,26.37534256000858,101.45012990546525
131,17.190000000000012,16.97245832671085,2.66881922895065,26.691704722217192,101.47781270773558
132,17.510000000000012,17.294346798094413,2.7004453301632494,27.00806377342276,101.50548363967567
133,17.830000000000013,17.616239094401223,2.7320710048471097,27.324419693770096,101.53314275940619
134,18.150000000000013,17.938135149346902,2.7636962495299313,27.6407724628288,101.56079012480066
135,18.470000000000013,18.26003489677791,2.795321063027751,27.957122059708276,101.58842579383204
136,18.790000000000013,18.581938270686084,2.8269454473940407,28.27346846594829,101.61604982468727
137,19.110000000000014,18.903845205204796,2.8585694003694684,28.58981166157186,101.64366227602001
138,19.430000000000014,19.22575563461732,2.8901929175284113,28.90615162797731,101.67126320638931
139,19.750000000000014,19.54766949336254,2.92181599941748,29.22248834645093,101.69885267446287
140,20.070000000000014,19.869586716037368,2.9534386469996075,29.53882179892563,101.72643073859385
141,20.390000000000015,20.191507237412782,2.985060860805317,29.85515196868024,101.75399745778786
142,20.710000000000015,20.513430992421394,3.0166826306751156,30.171478838097467,101.7815528907256
143,21.030000000000015,20.835357916179685,3.04830396308647,30.48780239061659,101.80909709620131
144,21.350000000000016,21.157287943982297,3.079924855361286,30.804122609713414,101.83663013301772
145,21.670000000000016,21.479221011314273,3.1115453046634687,31.120439479532166,101.86415206030054
146,21.990000000000016,21.80115705384994,3.1431653063956015,31.43675298427395,101.89166293705212
147,22.310000000000016,22.12309600746434,3.17478486349194,31.75306310888619,101.91916282235388
148,22.630000000000017,22.445037808229305,3.206403974353382,32.06936983856405,101.94665177492433
149,22.950000000000017,22.76698239242693,3.238022634825502,32.38567315877668,101.97412985400929
150,23.270000000000017,23.088929696550817,3.2696408422446646,32.701973055013106,102.0015971189504
151,23.590000000000018,23.410879657312275,3.301258600967641,33.018269513463764,102.02905362895056
152,23.910000000000018,23.732832211640744,3.332875909085242,33.33456252137115,102.0564994429347
153,24.230000000000018,24.05478729669086,3.364492768029627,33.650852065524916,102.08393462000113
154,24.55000000000002,24.37674484984442,3.3961091749880707,33.96713813263164,102.11135921929487
155,24.87000000000002,24.69870480872182,3.4277251270385607,34.28342071108767,102.13877330008025
156,25.19000000000002,25.020667111181407,3.459340627350504,34.59969978890405,102.16617692165953
157,25.51000000000002,25.342631695318612,3.4909556725508173,34.91597535468374,102.19357014292338
158,25.83000000000002,25.66459849947821,3.5225702613857504,35.232247397652614,102.22095302295817
159,26.15000000000002,25.986567462253483,3.5541843923245104,35.54851590673605,102.24832562090299
160,26.47000000000002,26.308538522490238,3.585798065776072,35.86478087177049,102.2756879954669
161,26.79000000000002,26.63051161929152,3.617411283365503,36.181042282104755,102.30304020553547
162,27.11000000000002,26.952486692025392,3.6490240444882582,36.497300129018726,102.33038230991673
163,27.43000000000002,27.27446368032269,3.6806363517431477,36.81355440260231,102.3577143675623
164,27.75000000000002,27.596442524082786,3.7122482030473676,37.12980509437899,102.38503643718899
165,28.07000000000002,27.91842316347207,3.743859594151679,37.4460521948053,102.41234857750584
166,28.390000000000022,28.24040553893383,3.7754705236584796,37.76229569578346,102.43965084686434
167,28.710000000000022,28.562389591192854,3.8070809950307907,38.078535589412596,102.46694330377348
168,29.030000000000022,28.88437526125428,3.838691006910023,38.394771868123875,102.49422600672048
169,29.350000000000023,29.206362490406544,3.870300555098308,38.71100452475568,102.52149901404272
170,29.670000000000023,29.528351220226476,3.9019096421964234,39.02723355211573,102.5487623839522
171,29.990000000000023,29.850341392579693,3.933518268502396,39.343458943509454,102.57601617438814
172,30.310000000000024,30.172332949627986,3.96512643440808,39.659680692780256,102.60326044342666
173,30.630000000000024,30.494325833826338,3.996734140979567,39.97589879312169,102.63049524903846
174,30.950000000000024,30.81631998793067,4.028341382843467,40.292113239215404,102.65772064913939
175,31.270000000000024,31.13831535499952,4.05994816343033,40.60832402582399,102.68493670139486
176,31.590000000000025,31.46031187839506,4.091554484289579,40.924531148200465,102.71214346330656
177,31.910000000000025,31.78230950178286,4.123160344695117,41.2407346007643,102.73934099243407
178,32.230000000000025,32.104308169142016,4.15476575336153,41.55693437921735,102.76652934597413
179,32.550000000000026,32.42630782475703,4.186370704056174,41.87313047941229,102.79370858098731
180,32.870000000000026,32.748308413230596,4.217975195326986,42.1893228977802,102.82087875465075
181,33.190000000000026,33.070309879479915,4.249579226112228,42.50551163066131,102.84803992401247
182,33.510000000000026,33.3923121687418,4.281182801389166,42.82169667511043,102.87519214576892
183,33.83000000000003,33.714315226567386,4.312785922842568,43.137878027286646,102.90233547645568
184,34.15000000000003,34.03631899883235,4.344388585622224,43.454055685040615,102.92946997250428
185,34.47000000000003,34.358323431737325,4.375990795557127,43.77022964604378,102.9565956900858
186,34.79000000000003,34.680328471805,4.407592547723823,44.08639990782218,102.98371268547182
187,35.11000000000003,35.00233406588685,4.439193844618252,44.40256646852644,103.0108210145091
188,35.43000000000003,35.324340161161906,4.470794683844568,44.7187293264247,103.03792073302371
189,35.75000000000003,35.64634670513955,4.502395059284362,45.03488848025235,103.06501189676649
190,36.07000000000003,35.96835364566385,4.533994973622589,45.3510439291526,103.09209456121141
191,36.39000000000003,36.290360930911554,4.565594435543161,45.667195672014934,103.1191687815321
192,36.71000000000003,36.612368509388766,4.597193441346784,45.98334370793327,103.14623461267522
193,37.03000000000003,36.934376329946126,4.628791994901052,46.29948803717118,103.17329210970735
194,37.35000000000003,37.25638434176459,4.6603900928899655,46.61562865940916,103.20034132737328
195,37.67000000000003,37.578392494364294,4.691987736021596,46.931765574734676,103.22738232007906
196,37.99000000000003,37.900400737609374,4.723584926922596,47.2478987841111,103.25441514221835
197,38.31000000000003,38.222409021700855,4.7551816691033,47.56402828773329,103.28143984796517
198,38.63000000000003,38.54441729718224,4.786777962424408,47.88015408665511,103.30845649131079
199,38.95000000000003,38.86642551493604,4.81837380224769,48.19627618217331,103.33546512583773
200,39.27000000000003,39.188433626188484,4.84996918754495,48.51239457529179,103.3624658050584
201,39.59000000000003,39.510441582515476,4.881564120339176,48.828509268031866,103.38945858246294
202,39.91000000000003,39.83244933583335,4.913158602363503,49.14462026186663,103.41644351116987
203,40.23000000000003,40.1544568384055,4.94475263335638,49.460727559008824,103.44342064414079
204,40.55000000000003,40.47646404283793,4.976346209895652,49.776831161569206,103.47039003400255
205,40.87000000000003,40.7984709020903,5.00793933978788,50.092931072389,103.49735173324284
206,41.19000000000003,41.12047736946506,5.0395320258306375,50.409027293842776,103.52430579415898
207,41.51000000000003,41.44248339861237,5.071124265518389,50.72511982917835,103.551252268796
208,41.830000000000034,41.76448894353056,5.102716061096652,51.04120868168592,103.57819120883586
209,42.150000000000034,42.08649395856559,5.13430741272394,51.3572938544858,103.60512266594489
210,42.470000000000034,42.4084983984145,5.16589832233747,51.67337535149679,103.63204669149208
211,42.790000000000035,42.7305022181209,5.197488792232934,51.989453176102835,103.6589633366803
212,43.110000000000035,43.052505373077175,5.229078822896992,52.305527332147406,103.68587265242142
213,43.430000000000035,43.374507819027464,5.260668413359189,52.62159782401005,103.7127746896383
214,43.750000000000036,43.69650951206151,5.292257565280613,52.9376646557154,103.73966949869836
215,44.070000000000036,44.018510408619,5.3238462822307655,53.25372783199211,103.7665571294657
216,44.390000000000036,44.34051046548986,5.355434562405516,53.56978735763296,103.79343763205037
217,44.710000000000036,44.66250963981478,5.387022405240266,53.885843237499614,103.82031105653782
218,45.03000000000004,44.984507889080405,5.418609808291637,54.20189547652306,103.84717745254288
219,45.35000000000004,45.30650517112315,5.450196774529879,54.51794407983171,103.87403686926105
220,45.67000000000004,45.62850144412907,5.481783307999744,54.83398905287529,103.90088935564852
221,45.99000000000004,45.95049666662923,5.513369407498278,55.150030400776295,103.92773496053323
222,46.31000000000004,46.27249079750638,5.544955074793654,55.46606812945071,103.95457373248729
223,46.63000000000004,46.59448379598983,5.57654030845555,55.78210224499448,103.98140571986363
224,46.95000000000004,46.91647562165885,5.608125112987183,56.09813275360698,104.0082309708221
225,47.27000000000004,47.238466234436366,5.639709489702107,56.414159661055386,104.03504953335036
226,47.59000000000004,47.56045559459407,5.6712934412470295,56.73018297402028,104.06186145503153
227,47.91000000000004,47.882443662748265,5.702876970381362,57.04620269917907,104.08866678310676
228,48.23000000000004,48.20443039985777,5.734460074426303,57.362218843310195,104.11546556453413
229,48.55000000000004,48.52641576722485,5.7660427511428,57.67823141292175,104.14225784605362
230,48.87000000000004,48.84839972650156,5.797625001682965,57.99424041503621,104.16904367453809
231,49.19000000000004,49.17038223968068,5.829206827265909,58.31024585724536,104.19582309600172
232,49.51000000000004,49.492363269100665,5.86078823394947,58.62624774653493,104.22259615675382
233,49.83000000000004,49.814342777438604,5.892369220106929,58.942246089868526,104.24936290293594
234,50.15000000000004,50.13632072771351,5.923949788875797,59.25824089507845,104.27612337985848
235,50.47000000000004,50.4582970832863,5.9555299436213485,59.574232169851165,104.30287763292418
236,50.79000000000004,50.78027180785569,5.987109681809251,59.89021992202771,104.3296257073936
237,51.11000000000004,51.1022448654595,6.0186890052802005,60.20620415934474,104.35636764821442
238,51.43000000000004,51.424216220473994,6.050267916900085,60.52218488980311,104.38310350004254
239,51.75000000000004,51.74618583760917,6.081846416461435,60.83816212129742,104.40983330717582
240,52.07000000000004,52.06815368191064,6.113424503359462,61.15413586213943,104.43655711348981
241,52.39000000000004,52.39011971876306,6.145002181055229,61.47010612097542,104.46327496282079
242,52.71000000000004,52.71208391388492,6.176579453315833,61.786072906359855,104.48998689886348
243,53.030000000000044,53.03404623332493,6.208156321243104,62.1020362265655,104.51669296511459
244,53.350000000000044,53.35600664346129,6.239732782876117,62.41799609023867,104.54339320455465
245,53.670000000000044,53.67796511100916,6.271308844220381,62.73395250639247,104.57008766017174
246,53.990000000000045,53.99992160300607,6.302884504792277,63.049905483778986,104.59677637434787
247,54.310000000000045,54.32187608681866,6.334459763970458,63.365855031477565,104.62345938920946
248,54.630000000000045,54.643828530144944,6.3660346244444606,63.68180115877923,104.65013674698326
249,54.950000000000045,54.96577890100729,6.39760908770859,63.99774387503806,104.67680848954325
250,55.270000000000046,55.287727167751946,6.429183155448531,64.31368318971354,104.7034746583999
251,55.590000000000046,55.6096732990459,6.46075682790414,64.6296191117798,104.73013529490228
252,55.910000000000046,55.93161726387977,6.4923301062649506,64.94555165063399,104.75679044012601
253,56.23000000000005,56.25355903156483,6.523902995912533,65.26148081566018,104.7834401346882
254,56.55000000000005,56.575498571732865,6.555475495554772,65.57740661676158,104.81008441929102
255,56.87000000000005,56.8974358543319,6.5870476039583545,65.89332906387679,104.8367233341699
256,57.19000000000005,57.21937084962694,6.6186193246557075,66.20924816655163,104.86335691935095
257,57.51000000000005,57.5413035281996,6.650190661666226,66.52516393443432,104.88998521477308
258,57.83000000000005,57.863233860944476,6.681761617002705,66.8410763777393,104.91660825983698
259,58.15000000000005,58.185161819068206,6.713332188435407,67.15698550660782,104.94322609401948
260,58.47000000000005,58.507087374088016,6.744902376447414,67.47289133111967,104.96983875641884
261,58.79000000000005,58.8290104978302,6.776472184286457,67.78879386122202,104.99644628577612
262,59.11000000000005,59.15093116243003,6.808041615488596,68.10469310717205,105.02304872056382
263,59.43000000000005,59.47284934032776,6.839610667628884,68.42058907925632,105.04964609921495
264,59.75000000000005,59.794765004269976,6.871179343716583,68.73648178798207,105.07623845965789
265,60.07000000000005,60.11667812730345,6.902747644054504,69.05237124366384,105.10282583944326
266,60.39000000000005,60.43858868278063,6.934315570814278,69.36825745688931,105.12940827617867
267,60.71000000000005,60.76049664435473,6.96588312837516,69.68414043821677,105.15598580720534
268,61.03000000000005,61.08240198597557,6.9974503148180185,70.00002019824208,105.18255846974739
269,61.35000000000005,61.40430468188906,7.029017131848188,70.31589674739035,105.20912630052571
270,61.67000000000005,61.72620470663762,7.060583581987461,70.63177009628815,105.23568933600694
271,61.99000000000005,62.048102035059365,7.09214966753941,70.94764025588093,105.26224761252024
272,62.31000000000005,62.36999664228415,7.123715389267838,71.26350723694772,105.28880116630835
273,62.63000000000005,62.69188850373142,7.155280749077395,71.5793710503398,105.31535003311251
274,62.95000000000005,63.013777595109254,7.186845748156304,71.89523170703784,105.34189424836433
275,63.27000000000005,63.33566389241356,7.218410387659289,72.21108921773266,105.3684338475427
276,63.59000000000005,63.65754737192458,7.249974668007187,72.52694359323486,105.39496886567352
277,63.91000000000005,63.97942801021217,7.281538595600006,72.84279484491141,105.4214993376144
278,64.23000000000005,64.30130578412347,7.313102166649415,73.1586429838733,105.4480252981276
279,64.55000000000004,64.62318067078657,7.344665382709519,73.47448802098886,105.47454678157617
280,64.87000000000003,64.94505264761072,7.3762282478555194,73.79032996758308,105.50106382195406
281,65.19000000000003,65.26692169227844,7.407790759584107,74.10616883474658,105.52757645303814
282,65.51000000000002,65.58878778275255,7.439352922040548,74.42200463331952,105.55408470881859
283,65.83000000000001,65.91065089726762,7.470914734959113,74.73783737473227,105.58058862264541
284,66.15,66.23251101433422,7.50247620269229,75.05366707054831,105.6070882278179
285,66.47,66.55436811273056,7.534037324836416,75.36949373217367,105.63358355742996
286,66.78999999999999,66.87622217150185,7.565598102743429,75.68531737071027,105.66007464418456
287,67.10999999999999,67.19807316996187,7.59715853645036,76.00113799768607,105.68656152060251
288,67.42999999999998,67.51992108769157,7.628718632381473,76.31695562443771,105.71304421895215
289,67.74999999999997,67.84176590453207,7.660278391851336,76.6327702621811,105.73952277122214
290,68.06999999999996,68.16360760058743,7.691837814459486,76.94858192230252,105.76599720937357
291,68.38999999999996,68.48544615622086,7.723396902954737,77.26439061602129,105.79246756489528
292,68.70999999999995,68.80728155205689,7.754955657311312,77.58019635504466,105.8189338693973
293,69.02999999999994,69.12911376897527,7.786514082405661,77.89599915053213,105.84539615409338
294,69.34999999999994,69.45094278810893,7.818072177849914,78.21179901399634,105.87185444986687
295,69.66999999999993,69.77276859084255,7.849629944406453,78.52759595678883,105.8983087872072
296,69.98999999999992,70.0945911588133,7.881187379867458,78.84338999056898,105.92475919657743
297,70.30999999999992,70.41641047391197,7.912744488400586,79.1591811269528,105.95120570844598
298,70.62999999999991,70.73822651827334,7.944301270269636,79.47496937747812,105.97764835280549
299,70.9499999999999,71.06003927428064,7.975857728487788,79.79075475387016,106.00408715948986
300,71.2699999999999,71.38184872455868,8.00741386562055,80.10653726747887,106.03052215798087
301,71.58999999999989,71.7036548519752,8.03896968318298,80.42231692969028,106.05695337768391
302,71.90999999999988,72.02545763963893,8.07052518105408,80.73809375213987,106.08338084777483
303,72.22999999999988,72.34725707089903,8.102080362203223,81.05386774639223,106.10980459726993
304,72.54999999999987,72.66905312934098,8.133635227721483,81.36963892411067,106.13622465489864
305,72.86999999999986,72.99084579878497,8.165189778625408,81.68540729676863,106.16264104920046
306,73.18999999999986,73.31263506328415,8.196744013957588,82.00117287590537,106.18905380848807
307,73.50999999999985,73.63442090712628,8.228297938915254,82.31693567306831,106.21546296081742
308,73.82999999999984,73.95620331482725,8.25985155406847,82.63269569992,106.24186853394916
309,74.14999999999984,74.27798227113244,8.291404861038783,82.94845296792295,106.26827055570396
310,74.46999999999983,74.59975776101427,8.32295786211722,83.26420748854095,106.29466905367528
311,74.78999999999982,74.9215297696682,8.354510557269311,83.57995927339829,106.32106405498976
312,75.10999999999981,75.24329828251611,8.38606295062332,83.89570833406515,106.3474555868249
313,75.42999999999981,75.56506328519886,8.417615043541185,84.21145468204124,106.37384367598854
314,75.7499999999998,75.88682476357657,8.449166833732583,84.52719832888181,106.40022834926317
315,76.0699999999998,76.20858270372774,8.480718323155374,84.84293928595217,106.42660963307992
316,76.38999999999979,76.53033709195029,8.512269514032395,85.15867756512479,106.45298755378592
317,76.70999999999978,76.85208791475335,8.543820407805134,85.4744131778444,106.47936213734617
318,77.02999999999977,77.1738351588582,8.57537100588508,85.7901461353309,106.50573340957307
319,77.34999999999977,77.49557881120043,8.606921309816856,86.10587644937651,106.5321013961666
320,77.66999999999976,77.81731885892272,8.63847131808027,86.42160413144167,106.5584661227388
321,77.98999999999975,78.13905528937595,8.670021034811711,86.73732919291855,106.58482761435386
322,78.30999999999975,78.46078809011712,8.701570460766723,87.0530516451931,106.61118589619264
323,78.62999999999974,78.78251724890858,8.733119598202833,87.36877149984849,106.63754099311677
324,78.94999999999973,79.10424275371668,8.764668450153975,87.68448876830936,106.66389293010516
325,79.26999999999973,79.42596459270489,8.796217016699616,88.00020346194967,106.6902417315415
326,79.58999999999972,79.74768275423845,8.82776529832785,88.31591559231339,106.71658742188276
327,79.90999999999971,80.0693972268772,8.85931329549932,88.63162517058593,106.74293002515427
328,80.2299999999997,80.39110799937932,8.890861011597163,88.94733220794022,106.76926956537024
329,80.5499999999997,80.71281506069671,8.922408447765367,89.26303671592278,106.79560606613909
330,80.86999999999969,81.03451839997395,8.953955604459503,89.57873870588332,106.82193955109724
331,81.18999999999969,81.35621800654802,8.985502483045666,89.89443818928848,106.84827004378022
332,81.50999999999968,81.67791386994297,9.017049084044581,90.21013517742979,106.87459756733615
333,81.82999999999967,81.99960597987,9.048595410002472,90.52582968140672,106.90092214461797
334,82.14999999999966,82.3212943262301,9.08014146474559,90.84152171254128,106.92724379865109
335,82.46999999999966,82.64297889910597,9.111687249682845,91.15721128198759,106.95356255213802
336,82.78999999999965,82.96465968876319,9.143232765234208,91.4728984010469,106.97987842756615
337,83.10999999999964,83.28633668564854,9.174778012635937,91.78858308076427,107.0061914473717
338,83.42999999999964,83.60800988038741,9.206322993623322,92.10426533218316,107.03250163358652
339,83.74999999999963,83.92967926378543,9.237867709408821,92.41994516653729,107.05880900834119
340,84.06999999999962,84.25134482682294,9.269412161705628,92.73562259491445,107.0851135933522
341,84.38999999999962,84.57300656065357,9.300956349509285,93.05129762836015,107.11141541013386
342,84.70999999999961,84.89466445660837,9.332500276895313,93.36697027797692,107.13771448029682
343,85.0299999999996,85.21631850618814,9.364043943498482,93.6826405549444,107.16401082523171
344,85.3499999999996,85.5379687010617,9.395587349362085,93.9983084701262,107.19030446598212
345,85.66999999999959,85.85961503306902,9.427130497566804,94.31397403464305,107.21659542340196
346,85.98999999999958,86.18125749421793,9.458673391776006,94.62963725931927,107.24288371851459
347,86.30999999999958,86.50289607667901,9.490216031167192,94.94529815515325,107.26916937190711
348,86.62999999999957,86.82453077278893,9.521758417527991,95.26095673314991,107.29545240413825
349,86.94999999999956,87.14616157504427,9.553300551822502,95.57661300410675,107.32173283535926
350,87.26999999999956,87.4677884761031,9.584842434301748,95.89226697886032,107.34801068568568
351,87.58999999999955,87.78941146878581,9.616384069259574,96.20791866845812,107.37428597504169
352,87.90999999999954,88.1110305460674,9.647925456363728,96.52356808357926,107.40055872327937
353,88.22999999999954,88.43264570108063,9.679466596643582,96.8392152349019,107.42682895022249
354,88.54999999999953,88.75425692711036,9.711007488057888,97.15486013295701,107.45309667536348
355,88.86999999999952,89.07586421759892,9.74254813532157,97.47050278834202,107.47936191810943
356,89.18999999999951,89.39746756614029,9.774088540272261,97.78614321179722,107.50562469775528
357,89.50999999999951,89.71906696647903,9.805628704770319,98.10178141409195,107.53188503339574
358,89.8299999999995,90.04066241250722,9.837168630534707,98.41741740588044,107.55814294375143
359,90.1499999999995,90.36225389826366,9.868708316536855,98.73305119772205,107.58439844752588
360,90.46999999999949,90.68384141793572,9.900247764647906,99.0486828000171,107.61065156356639
361,90.78999999999948,91.00542496585525,9.931786976020565,99.36431222339147,107.6369023103544
362,91.10999999999947,91.327004536496,9.96332595054622,99.67993947837631,107.66315070609487
363,91.42999999999947,91.64858012447478,9.99486468931247,99.99556457540463,107.68939676899947
364,91.74999999999946,91.97015172455005,10.026403195706315,100.3111875248526,107.71564051716209
365,92.06999999999945,92.29171933161801,10.057941470159694,100.62680833712669,107.74188196844621
366,92.38999999999945,92.61328294071276,10.089479514777471,100.94242702258354,107.76812114044574
367,92.70999999999944,92.9348425470039,10.121017329547698,101.2580435914276,107.79435805072917
368,93.02999999999943,93.25639814579709,10.152554916200204,101.57365805382656,107.82059271674996
369,93.34999999999943,93.57794973253371,10.184092278671875,101.88927042002628,107.84682515589675
370,93.66999999999942,93.89949730278549,10.21562941599898,102.2048807002835,107.87305538544051
371,93.98999999999941,94.22104085225466,10.24716632902946,102.52048890482624,107.89928342221582
372,94.3099999999994,94.54258037677523,10.278703019492971,102.83609504400512,107.92550928307989
373,94.6299999999994,94.86411587230754,10.310239489885694,103.15169912763665,107.95173298473986
374,94.94999999999939,95.18564733493997,10.341775739147877,103.46730116588934,107.97795454392168
375,95.26999999999938,95.50717476088879,10.37331176921884,103.78290116890862,108.00417397734273
376,95.58999999999938,95.82869814649118,10.404847580195172,104.09849914661964,108.0303913011837
377,95.90999999999937,96.15021748820895,10.436383174850397,104.4140951088171,108.0566065316165
378,96.22999999999936,96.47173278262599,10.467918555492949,104.72968906532222,108.0828196846737
379,96.54999999999936,96.79324402644772,10.49945372355253,105.0452810258912,108.10903077654035
380,96.86999999999935,97.11475121649761,10.530988678559032,105.36087100039015,108.13523982302917
381,97.18999999999934,97.43625434971777,10.562523420082384,105.67645899877623,108.16144683977606
382,97.50999999999934,97.75775342316767,10.594057949934411,105.99204503082112,108.18765184228842
383,97.82999999999933,98.0792484340232,10.625592269623231,106.30762910628955,108.21385484608061
384,98.14999999999932,98.40073937957379,10.657126380719127,106.62321123467206,108.24005586656558
385,98.46999999999932,98.72222625722387,10.688660286210462,106.93879142571141,108.26625491894002
386,98.78999999999931,99.04370906448695,10.720193986745592,107.25436968893968,108.29245201805125
387,99.1099999999993,99.3651877989897,10.751727481874282,107.56994603396993,108.3186471790777
388,99.4299999999993,99.68666245846812,10.783260773013122,107.88552047052775,108.3448404166542
389,99.74999999999929,100.00813304076672,10.814793861500101,108.20109300794024,108.37103174563518
390,100.06999999999928,100.32959954383784,10.846326747399669,108.516663655741,108.39722118073564
391,100.38999999999928,100.65106196573883,10.877859433399193,108.83223242306738,108.42340873636306
392,100.70999999999927,100.97252030463305,10.909391919404234,109.14779931942203,108.44959442689496
393,101.02999999999926,101.29397455878693,10.940924206406487,109.46336435403619,108.47577826650017
394,101.34999999999926,101.61542472657061,10.97245629505223,109.77892753632838,108.50196026923805
395,101.66999999999925,101.93687080645871,11.00398818790216,110.09448887584041,108.52814044929316
396,101.98999999999924,102.25831279702223,11.035519885139701,110.41004838168323,108.55431882043975
397,102.30999999999923,102.5797506969331,11.067051388580275,110.72560606286429,108.58049539656199
398,102.62999999999923,102.90118450496126,11.098582700075065,111.04116192844369,108.60667019124024
399,102.94999999999922,103.22261421997561,11.13011381807333,111.35671598777371,108.63284321831865
400,103.26999999999921,103.54403984093958,11.161644743564718,111.67226825002882,108.65901449103916
401,103.58999999999921,103.86546136691287,11.193175478319453,111.98781872425678,108.68518402277633
402,104.22999999999921,104.18687879704919,11.224706024316262,112.30336741942587,108.71135182678951
403,104.86999999999921,104.829701366882,11.287766550011515,112.93445950787239,108.76368230361598
404,105.50999999999921,105.47250754550907,11.350826334820425,113.56554458672609,108.81600602498877
405,106.14999999999921,106.11529732944044,11.413885386193936,114.19662272680506,108.86832309326213
406,106.78999999999921,106.7580707165871,11.476943711278379,114.8276939977853,108.9206336083717
407,107.42999999999921,107.40082770623707,11.540001313311146,115.45875846853028,108.97293766974542
408,108.06999999999921,108.04356829902194,11.603058198871851,116.08981620836614,109.02523537372691
409,108.70999999999921,108.6862924968956,11.666114379827443,116.72086728569751,109.07752681710224
410,109.34999999999921,109.32900030308653,11.729169869446718,117.35191176814,109.1298120934024
411,109.98999999999921,109.97169172207187,11.792224672230603,117.98294972236154,109.1820912951098
412,110.62999999999921,110.61436675955422,11.85527879083163,118.61398121449442,109.23436451395176
413,111.26999999999921,111.25702542243282,11.918332237712026,119.24500631017835,109.2866318395988
414,111.90999999999921,111.89966771876315,11.981385013752497,119.87602507462753,109.33889335912667
415,112.54999999999922,112.54229365774259,12.044437129570554,120.50703757149309,109.39114915910737
416,113.18999999999922,113.1849032496871,12.107488594682449,121.13804386563885,109.44339932484573
417,113.82999999999922,113.82749650599096,12.170539412329871,121.76904402012246,109.49564394108526
418,114.46999999999922,114.47007343910835,12.233589597620902,122.4000380984229,109.54788308944327
419,115.10999999999922,115.1126340625183,12.296639153036175,123.03102616158716,109.60011685221043
420,115.74999999999922,115.75517839070625,12.359688083321142,123.6620082711677,109.652345309105
421,116.38999999999922,116.39770643913911,12.42273640007211,124.29298448792998,109.70456853822395
422,117.02999999999922,117.04021822423968,12.485784103035154,124.923954872368,109.75678661741914
423,117.66999999999922,117.68271376336483,12.548831204047659,125.55491948443752,109.80899962245464
424,118.30999999999922,118.32519307477345,12.611877711027637,126.1858783822782,109.8612076282136
425,118.94999999999922,118.96765617761271,12.674923630700158,126.81683162472784,109.91341070793948
426,119.58999999999922,119.61010309188744,12.737968965055327,127.4477792696554,109.96560893362438
427,120.22999999999922,120.25253383845171,12.801013722980507,128.0787213743368,110.01780237779874
428,120.86999999999922,120.89494843897172,12.864057912711036,128.70965799527144,110.06999111081257
429,121.50999999999922,121.53734691590869,12.927101543012128,129.3405891890093,110.1221752008555
430,122.14999999999922,122.17972929249618,12.990144611830795,129.9715150109187,110.17435471642479
431,122.78999999999922,122.82209559272788,13.05318712862698,130.6024355165646,110.22652972424365
432,123.42999999999923,123.46444584132534,13.116229097973209,131.2333507602812,110.27870028985375
433,124.06999999999923,124.10678006372552,13.179270522680353,131.86426079686728,110.33086647719999
434,124.70999999999923,124.74909828605645,13.242311407196068,132.49516567910152,110.3830283499529
435,125.34999999999923,125.39140053512565,13.305351759544521,133.1260654599582,110.43518597068234
436,125.98999999999923,126.033686838392,13.368391586851304,133.75696019151184,110.48733940024044
437,126.62999999999923,126.67595722395599,13.431430897003043,134.38784992520607,110.53948869963158
438,127.26999999999923,127.31821172054146,13.494469699839815,135.01873471283832,110.59163392865138
439,127.90999999999923,127.96045035747358,13.557508002881638,135.64961460520576,110.64377514694706
440,128.54999999999922,128.6026731646519,13.620545811177301,136.28048965183365,110.69591241171676
441,129.1899999999992,129.24488017253984,13.683583121415127,136.9113599018208,110.74804577924674
442,129.8299999999992,129.88707141216008,13.746619939364017,137.54222540459534,110.8001753051543
443,130.46999999999917,130.52924691507368,13.809656276157225,138.17308620898217,110.85230104478923
444,131.10999999999916,131.17140671335784,13.872692136995628,138.8039423632419,110.90442305293523
445,131.74999999999915,131.8135508395914,13.935727524463376,139.4347939154867,110.95654138323457
446,132.38999999999913,132.45567932683494,13.998762447448097,140.06564091227528,111.00865608749518
447,133.02999999999912,133.09779220862345,14.06179691061335,140.69648340003155,111.06076721751799
448,133.6699999999991,133.73988951894992,14.124830922279944,141.3273214249134,111.1128748238085
449,134.3099999999991,134.38197129224733,14.187864485750236,141.95815503256307,111.1649789559919
450,134.94999999999908,135.02403756337884,14.250897605800528,142.5889842682952,111.2170796630198
451,135.58999999999907,135.66608836761705,14.313930283022765,143.21980917632794,111.26917699292405
452,136.22999999999905,136.30812374064476,14.376962524646713,143.85062980089924,111.32127099418827
453,136.86999999999904,136.95014371852827,14.4399943360852,144.4814461853598,111.37336171411422
454,137.50999999999902,137.59214833770443,14.503025717666498,145.11225837283226,111.42544919845908
455,138.149999999999,138.23413763497663,14.56605667956611,145.74306640604942,111.47753349225657
456,138.789999999999,138.87611164749643,14.62908722002137,146.37387032753657,111.52961464072122
457,139.42999999999898,139.51807041275208,14.692117347559352,147.00467017888835,111.58169268754516
458,140.06999999999897,140.16001396856072,14.755147069600598,147.6354660020223,111.63376767596354
459,140.70999999999896,140.80194235304833,14.8181763893028,148.2662578376456,111.68583964876817
460,141.34999999999894,141.44385560464144,14.881205310239391,148.89704572601337,111.73790864760936
461,141.98999999999893,142.08575376206252,14.944233837497507,149.52782970708407,111.78997471470015
462,142.62999999999892,142.72763686430667,15.007261972337341,150.1586098208763,111.84203788925376
463,143.2699999999989,143.36950495064335,15.070289714664899,150.7893861060136,111.89409821302192
464,143.9099999999989,144.0113580606019,15.133317077574436,151.42015860190043,111.9461557241346
465,144.54999999999887,144.6531962339568,15.196344063758795,152.05092734677393,111.9982104615931
466,145.18999999999886,145.29501951071828,15.259370676228546,152.68169237816136,112.05026246335919
467,145.82999999999885,145.93682793112708,15.322396918418292,153.3124537335453,112.1023117669552
468,146.46999999999883,146.57862153564344,15.385422792442194,153.94321144996456,112.15435840977736
469,147.10999999999882,147.22040036494042,15.448448306539209,154.57396556414983,112.20640242883964
470,147.7499999999988,147.86216445988134,15.511473460673342,155.20471611200935,112.25844385911785
471,148.3899999999988,148.50391386153007,15.574498261601875,155.83546312950108,112.31048273654476
472,149.02999999999878,149.14564861113058,15.637522709897722,156.4662066527113,112.36251909593472
473,149.66999999999877,149.787368750098,15.700546810745397,157.09694671676885,112.41455297086293
474,150.30999999999875,150.42907432001323,15.763570571933622,157.72768335648928,112.46658439398632
475,150.94999999999874,151.07076536261746,15.826593996499524,158.35841660623933,112.51861339936211
476,151.58999999999872,151.71244191979682,15.889617084207709,158.9891464995621,112.57064002017611
477,152.2299999999987,152.35410403358057,15.95263984221728,159.6198730694887,112.62266428892461
478,152.8699999999987,152.99575174613216,16.01566227370692,160.2505963499971,112.67468623650262
479,153.50999999999868,153.63738509973908,16.07868438476868,160.881316373497,112.72670589391016
480,154.14999999999867,154.27900413680348,16.141706169643978,161.5120331723864,112.77872329145706
481,154.78999999999866,154.92060889984737,16.20472763436929,162.14274677883904,112.83073845987735
482,155.42999999999864,155.5621994314955,16.267748786702377,162.77345722466833,112.8827514285647
483,156.06999999999863,156.2037757744739,16.330769632817315,163.40416454143823,112.93476222777568
484,156.70999999999862,156.8453379715942,16.39379017322827,164.03486876030507,112.98677088622402
485,157.3499999999986,157.48688606575269,16.456810411642895,164.6655699115266,113.03877743261128
486,157.9899999999986,158.12842009992204,16.519830347453134,165.29626802568458,113.0907818941403
487,158.62999999999857,158.7699401171516,16.58284998754847,165.9269631328661,113.14278429828731
488,159.26999999999856,159.4114461605549,16.645869330786322,166.5576552631686,113.19478467214189
489,159.90999999999855,160.0529382733074,16.70888838193933,167.18834444594424,113.24678304277937
490,160.54999999999853,160.69441649863668,16.771907147346834,167.81903071006346,113.2987794360053
491,161.18999999999852,161.33588087982142,16.83492562507192,168.44971408469917,113.35077387839985
492,161.8299999999985,161.9773314601815,16.89794382056645,169.08039459744546,113.40276639619418
493,162.4699999999985,162.61876828307612,16.960961736636527,169.71107227650805,113.4547570147765
494,163.10999999999848,163.26019139189665,17.02397937790078,170.34174715009723,113.50674575817187
495,163.74999999999847,163.90160083006043,17.086996743405425,170.9724192458608,113.55873265070676
496,164.38999999999845,164.5429966410092,17.150013839016726,171.60308859074442,113.61071771656643
497,165.02999999999844,165.1843788682031,17.21303067333975,172.23375521111197,113.66270097979145
498,165.66999999999842,165.82574755511448,17.276047248624725,172.86441913365783,113.714682463805
499,166.3099999999984,166.46710274521894,17.33906355981058,173.49508038496327,113.76666219066043
500,166.9499999999984,167.10844448200055,17.402079609722264,174.12573899085416,113.81864018319543
501,167.58999999999838,167.7497728089456,17.465095402710336,174.75639497751686,113.87061646373043
502,168.22999999999837,168.39108776953393,17.52811094193756,175.38704837042522,113.92259105449028
503,168.86999999999836,169.03238940723455,17.591126230610975,176.01769919430956,113.97456397733914
504,169.50999999999834,169.67367776550708,17.654141272056027,176.64834747466853,114.0265352535857
505,170.14999999999833,170.31495288778834,17.71715606642034,177.2789932362087,114.07850490328086
506,170.78999999999832,170.95621481749612,17.78017061644132,177.90963650285306,114.1304729472041
507,171.4299999999983,171.59746359802548,17.843184923856903,178.54027729886002,114.18243940580435
508,172.0699999999983,172.23869927274316,17.906198988415294,179.17091564793284,114.23440429995283
509,172.70999999999827,172.87992188498689,17.96921281644622,179.8015515739444,114.28636764961662
510,173.34999999999826,173.521131478056,18.032226414067686,180.4321850999636,114.33832947416096
511,173.98999999999825,174.16232809521196,18.095239782287226,181.06281624933206,114.39028979294362
512,174.62999999999823,174.8035117796738,18.158252921500292,181.69344504502135,114.44224862513117
513,175.26999999999822,175.44468257461503,18.221265837396533,182.32407150931962,114.4942059893235
514,175.9099999999982,176.0858405231599,18.284278530427926,182.9546956642431,114.54616190433308
515,176.5499999999982,176.72698566838432,18.34729100875885,183.58531753196536,114.59811638797756
516,177.18999999999818,177.36811805330566,18.410303269516554,184.2159371344851,114.65006945780567
517,177.82999999999817,178.0092377208848,18.473315310241595,184.8465544935428,114.70202113126524
518,178.46999999999815,178.65034471402402,18.536327133369557,185.4771696301696,114.75397142607883
519,179.10999999999814,179.2914390755653,18.599338742278707,186.10778256569722,114.80592035967956
520,179.74999999999812,179.9325208482834,18.662350139781122,186.73839332104424,114.85786794876933
521,180.3899999999981,180.57359007488665,18.725361329473948,187.36900191708236,114.90981421006349
522,181.0299999999981,181.2146467980121,18.78837231152588,187.99960837430473,114.96175916037039
523,181.66999999999808,181.85569106022297,18.851383088464853,188.63021271308503,115.01370281528565
524,182.30999999999807,182.496722904009,18.91439366483733,189.26081495331007,115.06564519092689
525,182.94999999999806,183.13774237178038,18.97740404129304,189.8914151143118,115.1175863034703
526,183.58999999999804,183.77874950586883,19.040414220455403,190.52201321579875,115.16952616805361
527,184.22999999999803,184.4197443485242,19.10342420543941,191.1526092772185,115.22146479948825
528,184.86999999999802,185.06072694191286,19.166433997036673,191.783203317742,115.27340221303672
529,185.509999999998,185.70169732811576,19.22944359654559,192.4137953561442,115.32533842415482
530,186.149999999998,186.34265554912417,19.292453004738935,193.0443854110713,115.37727344726466
531,186.78999999999797,186.98360164683925,19.355462219982577,193.67497350109244,115.42920729654588
532,187.42999999999796,187.62453566307417,19.418471244912524,194.30555964464983,115.48113998669058
533,188.06999999999795,188.2654576395482,19.481480083256322,194.93614385992325,115.53307153191683
534,188.70999999999793,188.90636761788045,19.544488732442044,195.56672616463786,115.58500194546652
535,189.34999999999792,189.5472656395965,19.607497197695405,196.19730657651166,115.63693124013811
536,189.9899999999979,190.18815174612868,19.670505484381675,196.82788511348068,115.68885943016822
537,190.6299999999979,190.82902597880414,19.73351359596326,197.45846179254693,115.74078652883297
538,191.26999999999788,191.46988837884874,19.796521531447436,198.0890366309395,115.79271254937575
539,191.90999999999786,192.1107389873848,19.85952929220728,198.71960964579807,115.84463750396564
540,192.54999999999785,192.7515778454343,19.922536882025277,199.3501808540411,115.89656140616499
541,193.18999999999784,193.392404993909,19.985544301997372,199.98075027213255,115.94848426817339
542,193.82999999999782,194.033220473613,20.048551549389046,200.61131791669266,116.00040610185039
543,194.4699999999978,194.67402432524642,20.111558631262564,201.24188380383652,116.05232691975957
544,195.1099999999978,195.3148165893991,20.174565550177437,201.87244794975476,116.10424673433221
545,195.74999999999778,195.95559730654784,20.237572310733196,202.50301037008728,116.15616555708978
546,196.38999999999777,196.59636651705642,20.300578913202074,203.13357108041,116.20808339945003
547,197.02999999999776,197.23712426117663,20.363585352456788,203.76413009648823,116.2600002734914
548,197.66999999999774,197.87787057904657,20.42659163162618,204.3946874336741,116.31191619030373
549,198.30999999999773,198.5186055106924,20.489597753788235,205.02524310771213,116.3638311613712
550,198.94999999999771,199.1593290960188,20.552603721600256,205.6557971331801,116.41574519733439
551,199.5899999999977,199.80004137481632,20.6156095354057,206.28634952517686,116.46765830926059
552,200.2299999999977,200.4407423867591,20.67861520070964,206.9169002985407,116.51957050814794
553,200.86999999999767,201.08143217140048,20.74162072079728,207.5474494679306,116.57148180432019
554,201.50999999999766,201.72211076817246,20.80462609214856,208.17799704797983,116.62339220821123
555,202.14999999999765,202.36277821638683,20.867631311365038,208.80854305318476,116.67530173016026
556,202.78999999999763,203.0034345552359,20.930636385253766,209.4390874974839,116.72721038017664
557,203.42999999999762,203.6440798237926,20.993641317930624,210.06963039535168,116.77911816868344
558,204.0699999999976,204.28471406100118,21.056646108614007,210.70017176022534,116.83102510557522
559,204.7099999999976,204.925337305683,21.11965075591321,211.3307116053705,116.8829312009775
560,205.34999999999758,205.56594959653827,21.182655258849405,211.96124994486286,116.93483646458702
561,205.98999999999756,206.20655097214012,21.245659621378653,212.59178679183404,116.98674090529794
562,206.62999999999755,206.84714147093916,21.308663849130735,213.222322159817,117.03864453199095
563,207.26999999999754,207.48772113125787,21.371667939369868,213.8528560619927,117.090547354171
564,207.90999999999752,208.12828999129258,21.434671888159787,214.4833885116821,117.14244938106965
565,208.5499999999975,208.7688480891157,21.497675701435774,215.1139195217215,117.19435062210835
566,209.1899999999975,209.40939546267094,21.560679383993595,215.74444910481958,117.24625108610644
567,209.82999999999748,210.0499321497722,21.62368293601072,216.3749772731407,117.29815078231329
568,210.46999999999747,210.69045818810645,21.686686359931308,217.00550403941386,117.35004971894084
569,211.10999999999746,211.3309736152329,21.749689658568016,217.6360294159892,117.40194790478142
570,211.74999999999744,211.97147846857817,21.8126928269537,218.26655341504767,117.45384534829188
571,212.38999999999743,212.61197278544236,21.875695868168112,218.89707604885294,117.50574205734038
572,213.02999999999741,213.2524566029974,21.938698782893628,219.52759732975665,117.55763804052503
573,213.6699999999974,213.8929299582826,22.001701573697854,220.15811726931162,117.60953330591391
574,214.3099999999974,214.53339288820513,22.064704234252876,220.78863587906935,117.66142786188854
575,214.94999999999737,215.17384542954673,22.127706772905942,221.41915317064957,117.71332171631099
576,215.58999999999736,215.81428761895523,22.190709191322135,222.04966915563458,117.76521487640716
577,216.22999999999735,216.4547194929493,22.25371149270254,222.6801838454675,117.81710734998232
578,216.86999999999733,217.09514108791512,22.316713676805175,223.31069725133236,117.86899914502365
579,217.50999999999732,217.735552440104,22.379715741353465,223.9412093841446,117.92089026821667
580,218.1499999999973,218.3759535856403,22.442717688760826,224.57172025509834,117.9727807269539
581,218.7899999999973,219.01634456051812,22.505719521364657,225.20222987545918,118.02467052896473
582,219.42999999999728,219.65672540059523,22.56872123655578,225.83273825598062,118.07655968121054
583,220.06999999999726,220.2970961415974,22.63172283404121,226.46324540703728,118.12844819047565
584,220.70999999999725,220.9374568191235,22.694724317359977,227.0937513393902,118.18033606469449
585,221.34999999999724,221.5778074686384,22.7577256898913,227.72425606367494,118.23222331063326
586,221.98999999999722,222.21814812547194,22.820726950297033,228.3547595901305,118.28410993488863
587,222.6299999999972,222.85847882482324,22.883728101814988,228.98526192885893,118.33599594392798
588,223.2699999999972,223.49879960176247,22.946729149799218,229.61576309002209,118.38788134527537
589,223.90999999999718,224.1391104912223,23.009730092254195,230.24626308349445,118.43976614515532
590,224.54999999999717,224.77941152800608,23.072730926486294,230.87676191955094,118.4916503505454
591,225.18999999999716,225.41970274678428,23.135731656257686,231.50725960784723,118.54353396768165
592,225.82999999999714,226.059984182097,23.19873228500387,232.13775615850867,118.5954170026859
593,226.46999999999713,226.70025586834885,23.26173281111773,232.76825158100928,118.64729946185274
594,227.10999999999711,227.34051783981417,23.324733235866628,233.39874588501445,118.69918135117813
595,227.7499999999971,227.98077013063366,23.387733559959457,234.0292390796185,118.75106267672189
596,228.3899999999971,228.6210127748195,23.45073378423863,234.65973117466288,118.80294344476998
597,229.02999999999707,229.26124580624887,23.513733908477278,235.29022217933075,118.85482366100089
598,229.66999999999706,229.90146925867023,23.576733937706113,235.92071210263768,118.90670333185341
599,230.30999999999705,230.5416831656961,23.639733868661743,236.5512009536325,118.95858246252847
600,230.94999999999703,231.181887560808,23.702733699066123,237.18168874113925,119.01046105855791
601,231.58999999999702,231.82208247736085,23.76573343326635,237.81217547426903,119.06233912604648
602,232.229999999997,232.46226794857589,23.828733071872733,238.44266116206612,119.11421667026862
603,232.869999999997,233.10244400754257,23.891732612983006,239.07314581313236,119.16609369722482
604,233.50999999999698,233.74261068722188,23.95473206135785,239.7036294362867,119.21797021227849
605,234.14999999999696,234.38276802044143,24.017731417618055,240.33411203977056,119.2698462208653
606,234.78999999999695,235.0229160398994,24.080730680508715,240.9645936321369,119.32172172866565
607,235.42999999999694,235.6630547781638,24.143729850898136,241.595074221834,119.37359674089075
608,236.06999999999692,236.3031842676724,24.206728934017786,242.22555381707136,119.42547126202864
609,236.7099999999969,236.94330454073184,24.269727926547407,242.85603242602232,119.47734529732955
610,237.3499999999969,237.58341562952165,24.332726830275476,243.48651005691354,119.52921885217677
611,237.98999999999688,238.22351756609064,24.395725648678926,244.1169867177556,119.5810919310436
612,238.62999999999687,238.86361038235867,24.45872437993181,244.7474624167472,119.63296453898072
613,239.26999999999686,239.50369411011616,24.5217230242621,245.37793716154027,119.68483668110419
614,239.90999999999684,240.14376878102698,24.584721584246438,246.00841096014855,119.7367083624476
615,240.54999999999683,240.7838344266248,24.64772006036782,246.6388838203351,119.78857958760607
616,241.18999999999681,241.42389107831403,24.71071845019086,247.26935574979925,119.84045036091446
617,241.8299999999968,242.06393876737351,24.773716757105806,247.899826756031,119.89232068712438
618,242.4699999999968,242.7039775249553,24.836714981627164,248.5302968469603,119.9441905709141
619,243.10999999999677,243.3440073820809,24.89971312337658,249.1607660296634,119.99606001663284
620,243.74999999999676,243.98402836964613,24.962711184151956,249.7912343114041,120.04792902836476
621,244.38999999999675,244.62404051842213,25.025709164247246,250.421701699473,120.09979761140214
622,245.02999999999673,245.2640438590528,25.088707062800385,251.05216820164858,120.15166576951846
623,245.66999999999672,245.90403842205447,25.151704880354828,251.68263382466532,120.20353350719942
624,246.3099999999967,246.5440242378189,25.2147026170397,252.31309857557946,120.25540082873893
625,246.9499999999967,247.18400133661194,25.277700275068135,252.9435624611819,120.30726773805397
626,247.58999999999668,247.82396974857713,25.34069785383286,253.5740254885861,120.35913424048891
627,248.22999999999666,248.46392950373107,25.40369535547229,254.20448766488832,120.41100033918434
628,248.86999999999665,249.1038806319664,25.466692780041836,254.83494899703751,120.46286603809502
629,249.50999999999664,249.74382316305272,25.52969013186282,255.4654094917807,120.51473134109794
630,250.14999999999662,250.38375712663415,25.59268740739854,256.0958691556663,120.56659625274786
631,250.7899999999966,251.02368255223274,25.65568460664682,256.7263279952405,120.61846077748649
632,251.4299999999966,251.66359946924808,25.718681731499753,257.3567860172773,120.670324918937
633,252.06999999999658,252.3035079069573,25.78167878667496,257.987243228162,120.72218868082095
634,252.70999999999657,252.94340789451343,25.844675770781723,258.6176996346254,120.77405206602114
635,253.34999999999656,253.58329946094932,25.907672685243657,259.24815524264136,120.82591507924519
636,253.98999999999654,254.2231826351762,25.970669529807157,259.8786100587331,120.87777772413196
637,254.62999999999653,254.8630574459837,26.033666305154014,260.5090640891981,120.9296400041121
638,255.26999999999651,255.50292392204037,26.09666301202465,261.1395173401577,120.98150192237414
639,255.9099999999965,256.1427820918966,26.15965964969044,261.76996981807105,121.03336348310509
640,256.5499999999965,256.7826319839808,26.222656217479376,262.40042152897087,121.08522468979095
641,257.1899999999965,257.42247362660186,26.285652715921906,263.0308724789808,121.13708554511683
642,257.82999999999646,258.0623070479486,26.34864914762736,263.6613226734155,121.18894605240303
643,258.46999999999645,258.7021322760954,26.41164551372004,264.291772118603,121.240806215774
644,259.10999999999643,259.34194933899425,26.474641812174625,264.9222208203217,121.29266603828066
645,259.7499999999964,259.9817582644814,26.53763804754764,265.5526687841264,121.3445255233699
646,260.3899999999964,260.62155908027444,26.600634216883936,266.1831160158019,121.3963846746099
647,261.0299999999964,261.2613518139752,26.66363032535325,266.81356252127995,121.44824349427623
648,261.6699999999964,261.90113649306954,26.7266263725384,267.44400830634714,121.50010198658806
649,262.30999999999636,262.5409131449222,26.789622353553465,268.07445337614945,121.55196015448064
650,262.94999999999635,263.1806817967874,26.85261827040633,268.7048977365658,121.603818001501
651,263.58999999999634,263.8204424758019,26.91561412496449,269.3353413932012,121.65567553010116
652,264.2299999999963,264.4601952089877,26.978609918172747,269.96578435149877,121.7075327435071
653,264.8699999999963,265.0999400232523,27.041605651752736,270.5962266167667,121.75938964476434
654,265.5099999999963,265.73967694538754,27.104601323903957,271.2266681944421,121.81124623636367
655,266.1499999999963,266.3794060020723,27.16759693442299,271.85710908954985,121.86310252180088
656,266.78999999999627,267.01912721987384,27.23059248589871,272.48754930761186,121.914958503862
657,267.42999999999626,267.6588406252446,27.2935879782415,273.1179888537446,121.96681418540513
658,268.06999999999624,268.29854624452605,27.35658341332225,273.7484277331599,122.01866956961554
659,268.7099999999962,268.93824410394546,27.41957878963801,274.3788659509085,122.07052465895647
660,269.3499999999962,269.57793422961896,27.482574108556715,275.0093035120324,122.12237945558931
661,269.9899999999962,270.21761664755263,27.545569371173848,275.6397404213038,122.17423396305442
662,270.6299999999962,270.85729138364246,27.60856457729469,276.2701766838886,122.22608818470142
663,271.2699999999962,271.49695846367234,27.671559728253968,276.9006123047205,122.27794212257902
664,271.90999999999616,272.13661791331657,27.73455482335978,277.5310472886415,122.3297957795601
665,272.54999999999615,272.77626975813956,27.797549862538563,278.16148164039447,122.38164915814548
666,273.18999999999613,273.41591402359705,27.860544845434227,278.7919153646119,122.43350226123214
667,273.8299999999961,274.05555073503706,27.923539771919458,279.4223484662676,122.48535509160062
668,274.4699999999961,274.6951799176976,27.98653464313914,280.05278094996913,122.5372076509298
669,275.1099999999961,275.3348015967105,28.049529461687893,280.6832128202418,122.58905994188525
670,275.7499999999961,275.9744157971008,28.11252423056458,281.3136440815643,122.64091196741586
671,276.38999999999606,276.61402254378595,28.175518951074242,281.9440747386876,122.6927637296689
672,277.02999999999605,277.2536218615749,28.238513618504022,282.5745047960073,122.74461523115593
673,277.66999999999604,277.893213775174,28.301508236065988,283.2049342581297,122.79646647457677
674,278.309999999996,278.53279830918234,28.364502806237972,283.8353631294408,122.84831746204705
675,278.949999999996,279.1723754880918,28.42749732452392,284.46579141424553,122.90016819567322
676,279.589999999996,279.8119453362935,28.490491791806242,285.0962191170536,122.9520186788352
677,280.229999999996,280.45150787807296,28.55348620751625,285.72664624240247,123.00386891402876
678,280.86999999999597,281.0910631376107,28.616480572126633,286.35707279451896,123.0557189032169
679,281.50999999999596,281.7306111389828,28.67947488709582,286.9874987772202,123.10756864809669
680,282.14999999999594,282.3701519061635,28.742469150649686,287.61792419474125,123.15941815098641
681,282.7899999999959,283.0096854630271,28.805463364665922,288.2483490515314,123.21126741471453
682,283.4299999999959,283.6492118333438,28.868457531382035,288.87877335169173,123.2631164412822
683,284.0699999999959,284.28873104078167,28.931451651206775,289.50919709937074,123.31496523237692
684,284.7099999999959,284.9282431089063,28.99444572277247,290.139620298428,123.3668137899491
685,285.3499999999959,285.5677480611861,29.05743974528431,290.7700429533509,123.41866211677814
686,285.98999999999586,286.2072459209863,29.12043372073666,291.40046506778043,123.47051021491718
687,286.62999999999585,286.84673671157276,29.183427650608763,292.0308866456011,123.52235808616788
688,287.26999999999583,287.48622045611205,29.24642153544952,292.6613076906011,123.5742057328775
689,287.9099999999958,288.12569717767116,29.309415374893415,293.2917282066648,123.62605315685622
690,288.5499999999958,288.7651668992185,29.37240916819502,293.92214819770237,123.67790035992678
691,289.1899999999958,289.4046296436263,29.435402919131533,294.5525676675413,123.72974734453962
692,289.8299999999958,290.04408543366503,29.498396624638783,295.1829866198947,123.78159411172841
693,290.46999999999576,290.68353429201153,29.561390285910953,295.8134050586675,123.83344066407561
694,291.10999999999575,291.3229762412441,29.624383903711113,296.4438229875223,123.88528700337932
695,291.74999999999574,291.96241130384607,29.687377479755177,297.0742404103012,123.93713313184222
696,292.3899999999957,292.6018395022024,29.750371012184782,297.7046573305983,123.98897905128169
697,293.0299999999957,293.24126085860297,29.813364499397714,298.3350737520528,124.04082476366636
698,293.6699999999957,293.8806753952431,29.87635794343405,298.9654896782046,124.09267027078972
699,294.3099999999957,294.52008313422283,29.939351343917412,299.5959051127167,124.14451557417945
700,294.94999999999567,295.1594840975471,30.002344701308033,300.226320059079,124.19636067492608
701,295.58999999999565,295.79887830712835,30.065338017110268,300.8567345208132,124.24820557500637
702,296.22999999999564,296.4382657847849,30.128331290059684,301.4871485013995,124.30005027636011
703,296.8699999999956,297.0776465522419,30.191324521799256,302.1175620041901,124.3518947805931
704,297.5099999999956,297.7170206311329,30.25431771207741,302.74797503279643,124.40373909003281
705,298.1499999999956,298.35638804299833,30.317310862318386,303.37838759038675,124.45558320660398
706,298.7899999999956,298.99574880928634,30.380303971100993,304.0087996805524,124.50742713165555
707,299.4299999999956,299.63510295135364,30.44329703780148,304.63921130665716,124.55927086683926
708,300.06999999999556,300.2744504904661,30.506290064286762,305.2696224717908,124.6111144137396
709,300.70999999999555,300.91379144779967,30.56928305315163,305.90003317918257,124.66295777417234
710,301.34999999999553,301.5531258444392,30.632276002715393,306.53044343208995,124.71480094993589
711,301.9899999999955,302.19245370138054,30.695268914666155,307.16085323380736,124.766643942506
712,302.6299999999955,302.8317750395293,30.758261790655574,307.7912625874721,124.81848675298198
713,303.2699999999955,303.4710898797012,30.821254628090802,308.4216714960324,124.87032938303065
714,303.9099999999955,304.11039824262474,30.884247428169413,309.0520799624053,124.92217183454552
715,304.54999999999546,304.7497001489406,30.947240191637864,309.68248798979135,124.97401410913153
716,305.18999999999545,305.388995619202,31.010232919755406,310.3128955814652,125.02585620818101
717,305.82999999999544,306.02828467387485,31.073225612552214,310.9433027406423,125.07769813352638
718,306.4699999999954,306.6675673333369,31.136218269880274,311.5737094702599,125.1295398864764
719,307.1099999999954,307.3068436178782,31.199210890871957,312.2041157731495,125.18138146787952
720,307.7499999999954,307.9461135477039,31.262203476050782,312.83452165194154,125.23322287943479
721,308.3899999999954,308.585377142934,31.325196025494346,313.4649271096425,125.28506412281956
722,309.02999999999537,309.2246344236052,31.38818854118818,314.095332149609,125.33690519976398
723,309.66999999999535,309.86388540966675,31.45118102343135,314.72573677481637,125.38874611143221
724,310.30999999999534,310.50313012098303,31.514173473591903,315.35614098783884,125.44058685907137
725,310.9499999999953,311.1423685773345,31.57716589110901,315.9865447915355,125.49242744383517
726,311.5899999999953,311.7816007984184,31.640158277422753,316.6169481886557,125.54426786714939
727,312.2299999999953,312.42082680384766,31.703150627959985,317.2473511820158,125.59610813080654
728,312.8699999999953,313.06004661315365,31.766142944801594,317.87775377440295,125.64794823631692
729,313.5099999999953,313.69926024578535,31.829135229255627,318.50815596871547,125.69978818522574
730,314.14999999999526,314.33846772110826,31.89212747975229,319.1385577678356,125.751627978455
731,314.78999999999525,314.97766905840587,31.955119696556995,319.7689591742507,125.80346761718724
732,315.42999999999523,315.6168642768808,32.01811187965245,320.3993601906772,125.8553071026563
733,316.0699999999952,316.2560533956548,32.081104032025394,321.02976081971195,125.90714643568282
734,316.7099999999952,316.89523643376873,32.14409615362302,321.66016106359757,125.95898561841656
735,317.3499999999952,317.53441341018396,32.207088244248645,322.29056092535757,126.01082465189091
736,317.9899999999952,318.1735843437807,32.27008030337782,322.9209604075979,126.06266353698726
737,318.62999999999516,318.8127492533604,32.333072331023295,323.5513595129639,126.11450227483377
738,319.26999999999515,319.4519081576461,32.39606432828845,324.1817582440037,126.16634086737103
739,319.90999999999514,320.0910610752808,32.45905629504357,324.81215660338825,126.2181793151804
740,320.5499999999951,320.73020802482927,32.52204823078717,325.44255459349466,126.27001761972375
741,321.1899999999951,321.3693490247779,32.58504013397728,326.0729522166903,126.32185578250031
742,321.8299999999951,322.0084840935367,32.64803200475968,326.7033494755319,126.3736938051945
743,322.4699999999951,322.64761324943703,32.711023844982236,327.3337463722274,126.42553168848882
744,323.10999999999507,323.2867365107344,32.77401565637868,327.96414290932836,126.47736943330496
745,323.74999999999505,323.92585389560753,32.83700744117797,328.5945390893262,126.5292070402697
746,324.38999999999504,324.564965422158,32.899999197540744,329.22493491459414,126.58104451024367
747,325.029999999995,325.2040711084123,32.962990924664574,329.85533038738413,126.63288184491135
748,325.669999999995,325.84317097232196,33.0259826232496,330.4857255101542,126.68471904554578
749,326.309999999995,326.48226503176244,33.08897429194657,331.1161202849875,126.73655611379857
750,326.949999999995,327.1213533045359,33.15196593180784,331.74651471456747,126.78839305039902
751,327.589999999995,327.76043580836756,33.21495754436827,332.37690880072756,126.8402298556955
752,328.22999999999496,328.39951256091115,33.277949129634656,333.0073025461824,126.89206653081449
753,328.86999999999495,329.03858357974525,33.340940686070375,333.6376959529864,126.9439030771531
754,329.50999999999493,329.6776488823749,33.40393221434004,334.26808902320334,126.99573949536001
755,330.1499999999949,330.3167084862332,33.46692371515979,334.8984817590782,127.04757578660961
756,330.7899999999949,330.95576240868076,33.52991518924842,335.52887416299285,127.0994119517155
757,331.4299999999949,331.59481066700556,33.592906636280375,336.15926623715444,127.15124799189093
758,332.0699999999949,332.2338532784235,33.65589805536927,336.7896579836896,127.20308390850174
759,332.70999999999486,332.87289026007966,33.71888944663393,337.42004940492257,127.25491970277531
760,333.34999999999485,333.51192162904744,33.781880812895515,338.05044050298704,127.30675537532804
761,333.98999999999484,334.1509474023287,33.844872153866966,338.6808312798283,127.3585909273405
762,334.6299999999948,334.78996759685504,33.90786347118217,339.3112217374784,127.41042635937842
763,335.2699999999948,335.42898222948793,33.97085476312227,339.94161187814865,127.46226167272108
764,336.5499999999948,336.0679913170168,34.03384602586956,340.572001703621,127.51409686780411
765,337.82999999999475,337.34599292358376,34.15982847362723,341.83278041770615,127.61776690592409
766,339.1099999999947,338.62397254950685,34.28581082280109,343.0935578955496,127.72143648356321
767,340.3899999999947,339.9019303266394,34.41179306723939,344.35433415405646,127.82510560997915
768,341.6699999999947,341.1798663857443,34.53777520534382,345.6151092091175,127.92877429096504
769,342.94999999999465,342.4577808565112,34.66375724677302,346.87588307580023,128.03244253293295
770,344.2299999999946,343.7356738675651,34.789739192804745,348.136655770261,128.1361103418149
771,345.5099999999946,345.0135455464735,34.915721041997855,349.39742730720263,128.23977772516227
772,346.78999999999456,346.2913960197532,35.04170279171309,350.6581976993481,128.34344468901068
773,348.06999999999454,347.5692254129027,35.16768446410134,351.91896696307595,128.44711124009856
774,349.3499999999945,348.8470338503856,35.293666054563516,353.1797351134234,128.5507773847985
775,350.6299999999945,350.12482145564564,35.41964755908607,354.4405021636592,128.65444312804865
776,351.90999999999445,351.4025883511278,35.54562898407317,355.70126812775413,128.7581084766612
777,353.1899999999944,352.68033465828074,35.67161032269623,356.96203301931683,128.8617734406675
778,354.4699999999944,353.95806049756436,35.79759157972985,358.2227968512834,128.9654380248738
779,355.7499999999944,355.2357659884586,35.92357275355175,359.48355963616024,129.0691022325302
780,357.02999999999435,356.5134512494803,36.049553841434225,360.74432138701457,129.17276606972683
781,358.3099999999943,357.79111639819166,36.1755348450435,362.0050821172774,129.27642954302866
782,359.5899999999943,359.06876155120005,36.30151576506679,363.26584183864543,129.3800926564792
783,360.86999999999426,360.3463868241795,36.42749661156565,364.5266005636497,129.48375541551124
784,362.14999999999424,361.6239923318711,36.55347738264822,365.7873583047705,129.58741782539892
785,363.4299999999942,362.9015781880942,36.67945808185097,367.04811507368584,129.69107989146775
786,364.7099999999942,364.17914450575734,36.80543870618191,368.30887088252143,129.79474162081206
787,365.98999999999415,365.4566913968636,36.93141925221963,369.56962574386057,129.8984030172198
788,367.2699999999941,366.7342189725194,37.057399721501994,370.8303796687824,130.0020640844839
789,368.5499999999941,368.01172734294636,37.183380116019656,372.0911326685351,130.10572482754884
790,369.8299999999941,369.28921661748666,37.30936043439932,373.35188475425673,130.209385250216
791,371.10999999999405,370.56668690461305,37.4353406730313,374.61263593616195,130.31304535916595
792,372.389999999994,371.84413831194564,37.56132084362365,375.8733862260396,130.41670516187327
793,373.669999999994,373.1215709462437,37.68730094508007,377.1341356356008,130.52036466001513
794,374.94999999999396,374.398984913419,37.813280970734816,378.3948841751045,130.62402385678922
795,376.22999999999394,375.6763803185504,37.9392609277982,379.65563185434564,130.72768275708938
796,377.5099999999939,376.9537572658909,38.06524082037017,380.91637868412255,130.83134136655042
797,378.7899999999939,378.2311158588637,38.1912206454826,382.1771246731561,130.93499968717703
798,380.06999999999385,379.5084562000856,38.317200404672576,383.4378698316515,131.03865772307162
799,381.3499999999938,380.78577839136625,38.44318010068066,384.6986141690681,131.14231547666267
800,382.6299999999938,382.0630825337201,38.569159721696366,385.95935769621303,131.24597295349412
801,383.9099999999938,383.3403687273726,38.69513927370667,387.22010042226657,131.34963015911282
802,385.18999999999374,384.6176370717603,38.821118755371955,388.4808423556696,131.45328709413982
803,386.4699999999937,385.89488766555536,38.94709817358718,389.7415835071555,131.5569437629997
804,387.7499999999937,387.1721206066548,39.07307753054683,391.0023238847628,131.66060016944311
805,389.02999999999366,388.44933599219985,39.19905682665353,392.2630634974094,131.76425632007798
806,390.30999999999364,389.72653391857955,39.32503606234484,393.52380235488346,131.86791221947485
807,391.5899999999936,391.0037144814324,39.45101524866779,394.7845404653282,131.97156786735653
808,392.8699999999936,392.2808777756595,39.576994384665404,396.04527783695283,132.07522326799824
809,394.14999999999355,393.5580238954336,39.702973463168554,397.3060144787368,132.17887842923622
810,395.4299999999935,394.8351529341987,39.828952486129666,398.5667503992398,132.28253335176157
811,396.7099999999935,396.1122649846793,39.95493144808115,399.8274856057746,132.3861880396937
812,397.9899999999935,397.38936013889133,40.08091034731656,401.08822010682064,132.4898424953553
813,399.26999999999344,398.6664384881497,40.20688919446983,402.34895391135314,132.59349672016384
814,400.5499999999934,399.9435001230668,40.33286798358222,403.6096870270532,132.69715071725193
815,401.8299999999934,401.2205451335665,40.45884671494231,404.8704194616513,132.80080449126112
816,403.10999999999336,402.49757360889,40.58482539859058,406.13115122221626,132.9044580481583
817,404.38999999999334,403.7745856375969,40.71080404002281,407.39188231667833,133.008111387744
818,405.6699999999933,405.051581307575,40.83678263675936,408.6526127532058,133.11176451106218
819,406.9499999999933,406.3285607060423,40.962761181135875,409.91334253781673,133.21541742097338
820,408.22999999999325,407.6055239195614,41.0887396717451,411.17407167762707,133.3190701201957
821,409.5099999999932,408.88247103404433,41.21471810810812,412.43480018042806,133.42272261235672
822,410.7899999999932,410.15940213475625,41.34069649493705,413.69552805327305,133.52637490152554
823,412.0699999999932,411.4363173063198,41.466674837981834,414.95625530256945,133.63002699087107
824,413.34999999999314,412.71321663272164,41.59265313571218,416.21698193574207,133.73367888127598
825,414.6299999999931,413.99010019732236,41.71863138868699,417.47770795973094,133.83733057801567
826,415.9099999999931,415.2669680828597,41.84460960353532,418.7384333814938,133.94098208485485
827,417.18999999999306,416.5438203714464,41.97058777371723,419.99915820682264,134.04463340195042
828,418.46999999999304,417.820657144587,42.09656589211773,421.25988244275067,134.1482845307017
829,419.749999999993,419.09747848318284,42.22254396871607,422.520606095385,134.25193547345543
830,421.029999999993,420.3742844675355,42.348522008343146,423.78132917138316,134.35558623319798
831,422.30999999999295,421.65107517734816,42.47450000744338,425.04205167698456,134.45923681119882
832,423.5899999999929,422.9278506917344,42.60047796694294,426.30277361762154,134.56288720947526
833,424.8699999999929,424.2046110892301,42.72645588652531,427.5634950006581,134.6665374330147
834,426.1499999999929,425.4813564477877,42.85243376677079,428.8242158320066,134.7701874835046
835,427.42999999999284,426.7580868447847,42.97841160526828,430.08493611722764,134.87383736200056
836,428.7099999999928,428.03480235703324,43.10438940039754,431.3456558629685,134.97748706908885
837,429.9899999999928,429.31150306078337,43.23036715939112,432.6063750743988,135.08113660794558
838,431.26999999999276,430.58818903172505,43.35634487466106,433.8670937569252,135.1847859817626
839,432.54999999999274,431.8648603449963,43.48232255020617,435.127811915441,135.2884351919141
840,433.8299999999927,433.1415170751873,43.60830017955073,436.38852955566387,135.39208423964286
841,435.1099999999927,434.41815929634964,43.73427776104213,437.64924668345424,135.49573312957426
842,436.38999999999265,435.6947870819969,43.860255302504,438.9099633042046,135.59938186373105
843,437.6699999999926,436.97140050511064,43.986232808429406,440.1706794236504,135.70303044490694
844,438.9499999999926,438.2479996381434,44.11221028197344,441.4313950470354,135.8066788753573
845,440.2299999999926,439.52458455302167,44.2381877159611,442.6921101796598,135.91032715528908
846,441.50999999999254,440.8011553211574,44.36416511291311,443.9528248264763,136.01397528846962
847,442.7899999999925,442.07771201344485,44.490142470643256,445.2135389924214,136.11762327326355
848,444.0699999999925,443.3542547002755,44.61611979553363,446.4742526827604,136.22127111331395
849,445.34999999999246,444.6307834515328,44.742097082017445,447.73496590230195,136.32491881180985
850,446.62999999999244,445.9072983365998,44.86807433139443,448.9956786555219,136.42856636879142
851,447.9099999999924,447.1837994243666,44.994051548071624,450.25639094773976,136.53221378415276
852,449.1899999999924,448.4602867832343,45.120028737810216,451.5171027837514,136.6358610615536
853,450.46999999999235,449.7367604811134,45.24600589124803,452.7778141684976,136.73950820203987
854,451.7499999999923,451.0132205854331,45.37198300278163,454.038525106229,136.84315520841665
855,453.0299999999923,452.2896671631478,45.49796008517879,455.2992356007438,136.94680208323663
856,454.30999999999227,453.5661002807366,45.623937138233806,456.55994565692686,137.0504488265436
857,455.58999999999224,454.8425200042113,45.749914161178864,457.82065527955154,137.15409544146016
858,456.8699999999922,456.1189263991166,45.875891155971466,459.0813644729051,137.25774192847655
859,458.1499999999922,457.39531953053523,46.00186811458277,460.34207324100595,137.3613882896603
860,459.42999999999216,458.6716994630964,46.12784503726387,461.60278158875064,137.46503452651157
861,460.70999999999214,459.9480662609761,46.25382193133639,462.8634895207676,137.56868063833417
862,461.9899999999921,461.22441998790106,46.37979879800951,464.12419704067,137.67232662839024
863,463.2699999999921,462.50076070715426,46.505775639714265,465.3849041529088,137.77597249779268
864,464.54999999999205,463.77708848157533,46.631752461598055,466.6456108609317,137.87961824588598
865,465.829999999992,465.05340337356773,46.757729255477614,467.90631716908507,137.98326387412615
866,467.109999999992,466.3297054451045,46.88370602215327,469.1670230815198,138.0869093858879
867,468.38999999999197,467.6059947577278,47.00968276136938,470.4277286024815,138.19055478157082
868,469.66999999999194,468.88227137255427,47.135659471517236,471.68843373555177,138.2942000638735
869,470.9499999999919,470.1585353502807,47.26163615665715,472.9491384849161,138.3978452345229
870,472.2299999999919,471.43478675118547,47.387612818716306,474.2098428542815,138.50149029658778
871,473.50999999999186,472.71102563513034,47.51358945270968,475.47054684754085,138.60513525096783
872,474.78999999999184,473.98725206156547,47.63956606045586,476.73125046853943,138.70878009415276
873,476.0699999999918,475.2634660895372,47.765542639634596,477.99195372106664,138.81242483036587
874,477.3499999999918,476.5396677776855,47.89151919642692,479.252656607642,138.9160694597734
875,478.62999999999175,477.8158571842509,48.01749572884229,480.5133591315953,139.01971398359768
876,479.9099999999917,479.0920343670796,48.1434722364724,481.7740612966815,139.12335840501203
877,481.1899999999917,480.36819938362254,48.269448717446025,483.03476310663314,139.22700272384307
878,482.46999999999167,481.64435229094124,48.39542517705881,484.29546456474094,139.33064693942566
879,483.74999999999164,482.9204931457101,48.521401610642876,485.55616567474794,139.4342910516087
880,485.0299999999916,484.19662200422454,48.647378022695555,486.8168664406633,139.53793506288662
881,486.3099999999916,485.4727389223944,48.773354407648,488.0775668645285,139.6415789758911
882,487.58999999999156,486.7488439557575,48.89933077043404,489.3382669496903,139.74522279286313
883,488.86999999999153,488.0249371594771,49.02530710804647,490.5989667001233,139.848866514226
884,490.1499999999915,489.3010185883467,49.15128342458021,491.85966611904894,139.9525101407872
885,491.4299999999915,490.57708829679177,49.2772597172233,493.12036520913165,140.05615367545752
886,492.70999999999145,491.853146338874,49.40323598689018,494.3810639733739,140.15979711864316
887,493.9899999999914,493.12919276829314,49.529212241213095,495.64176241381244,140.26344046896088
888,495.2699999999914,494.4052276383953,49.65518847687591,496.90246053450466,140.36708372924116
889,496.54999999999137,495.68125100217,49.7811646905368,498.163158338802,140.470726900939
890,497.82999999999134,496.95726291225503,49.90714088321045,499.4238558294286,140.57436998532452
891,499.1099999999913,498.2332634209384,50.03311705348941,500.68455300972835,140.67801297998562
892,500.3899999999913,499.509252580165,50.15909319769002,501.945249882685,140.78165588922428
893,501.66999999999126,500.78523044153513,50.28506931494906,503.20594645113226,140.88529871302006
894,502.94999999999123,502.0611970563096,50.41104540510858,504.4666427176374,140.98894145239439
895,504.2299999999912,503.337152475415,50.53702147300535,505.7273386856673,141.09258410878607
896,505.5099999999912,504.61309674943953,50.66299751398279,506.9880343576429,141.19622668204647
897,506.78999999999115,505.88902992864354,50.78897353685398,508.2487297361009,141.2998691731099
898,508.0699999999911,507.1649520629558,50.914949537730045,509.5094248238588,141.4035115808155
899,509.3499999999911,508.44086320198164,51.040925516699566,510.7701196238286,141.50715390621892
900,510.62999999999107,509.71676339500357,51.16690147450192,512.0308141382999,141.6107961527603
901,511.90999999999104,510.9926526909837,51.292877413545725,513.291508369977,141.71443832193972
902,513.1899999999911,512.2685311385653,51.41885333355739,514.5522023215839,141.81808041330243
903,514.469999999991,513.544398786077,51.544829236254536,515.8128959954121,141.9217224277171
904,515.749999999991,514.8202556815357,51.670805118539114,517.0735893945099,142.02536436696917
905,517.029999999991,516.0961018726482,51.7967809821698,518.3342825208235,142.1290062333813
906,518.309999999991,517.3719374068123,51.92275682609328,519.5949753765677,142.23264802701672
907,519.5899999999909,518.6477623311234,52.048732654475856,520.8556679649648,142.3362897459287
908,520.8699999999909,519.9235766923736,52.17470846428747,522.1163602882805,142.43993139169638
909,522.1499999999909,521.1993805370544,52.30068425327452,523.3770523485142,142.5435729655799
910,523.4299999999909,522.4751739113634,52.426660028965394,524.6377441483562,142.64721446872704
911,524.7099999999908,523.7509568611985,52.55263578470137,525.8984356896615,142.7508559003938
912,525.9899999999908,525.0267294321694,52.67861152596867,527.159126975292,142.85449726104062
913,527.2699999999908,526.3024916695932,52.8045872458221,528.4198180070896,142.95813855310027
914,528.5499999999907,527.5782436185018,52.930562945225496,529.6805087880956,143.06177977635227
915,529.8299999999907,528.8539853236398,53.056538628436904,530.9411993200584,143.16542093097485
916,531.1099999999907,530.1297168294705,53.18251429427471,532.2018896057597,143.26906201744157
917,532.3899999999907,531.4054381801767,53.30848994269139,533.4625796475053,143.37270303877284
918,533.6699999999906,532.6811494196609,53.43446557290885,534.7232694472311,143.47634399445974
919,534.9499999999906,533.9568505915505,53.560441186833714,535.9839590067735,143.57998488615473
920,536.2299999999906,535.232541739199,53.68641678326822,537.2446483283713,143.68362571486517
921,537.5099999999906,536.5082229056873,53.81239236159215,538.5053374134861,143.7872664821383
922,538.7899999999905,537.7838941338285,53.93836792628554,539.7660262642307,143.89090718878472
923,540.0699999999905,539.0595554661685,54.06434348165462,541.0267148830973,143.99454783361062
924,541.3499999999905,540.3352069449861,54.190319022780415,542.2874032721206,144.09818841711962
925,542.6299999999904,541.6108486122959,54.31629454260158,543.5480914326469,144.20182894045487
926,543.9099999999904,542.8864805098542,54.44227004481358,544.8087793669098,144.30546940314176
927,545.1899999999904,544.1621026791585,54.56824553263677,546.0694670767293,144.40910980523907
928,546.4699999999904,545.4377151614488,54.69422100422538,547.330154564237,144.5127501471319
929,547.7499999999903,546.713317997711,54.820196457784206,548.5908418313428,144.6163904309122
930,549.0299999999903,547.9889112286803,54.9461718972099,549.8515288803914,144.7200306584419
931,550.3099999999903,549.2644948948378,55.07214732175141,551.1122157131704,144.8236708286768
932,551.5899999999903,550.5400690364191,55.198122732783865,552.372902331951,144.92731094478742
933,552.8699999999902,551.8156336934103,55.324098131914646,553.6335887381939,145.03095100593475
934,554.1499999999902,553.0911889055532,55.450073518973724,554.8942749335487,145.13459101291508
935,555.4299999999902,554.3667347123467,55.57604888710653,556.1549609199577,145.2382309670433
936,556.7099999999901,555.6422711530495,55.702024241130026,557.4156466987984,145.34187087006774
937,557.9899999999901,556.9177982666799,55.827999579932374,558.6763322714186,145.44551072129838
938,559.2699999999901,558.1933160920207,55.9539749037384,559.937017639763,145.5491505213038
939,560.5499999999901,559.4688246676205,56.07995021806615,561.1977028063864,145.65279026976856
940,561.82999999999,560.7443240317913,56.20592551574737,562.4583877726218,145.7564299666291
941,563.10999999999,562.0198142226141,56.331900795622275,563.7190725403124,145.86006961066815
942,564.38999999999,563.2952952779417,56.45787606008542,564.9797571109754,145.96370920375819
943,565.66999999999,564.5707672353981,56.58385130697693,566.2404414862503,146.06734874607196
944,566.9499999999899,565.8462301323833,56.70982654007632,567.5011256682878,146.17098823914299
945,568.2299999999899,567.1216840060702,56.835801761244014,568.7618096582155,146.27462768256893
946,569.5099999999899,568.3971288934097,56.96177697348386,570.0224934579079,146.37826707562255
947,570.7899999999898,569.6725648311323,57.08775217598395,571.2831770687017,146.48190642128074
948,572.0699999999898,570.9479918557493,57.213727370103534,572.543860492868,146.58554571842856
949,574.6299999999898,572.223410003553,57.33970255610417,573.8045437315443,146.68918496793708
950,577.1899999999897,574.7742198128178,57.59165291013124,576.3259096569873,146.8964633339783
951,579.7499999999897,577.3249945449819,57.84360322583158,578.8472748584967,147.1037415225441
952,582.3099999999896,579.8757344827288,58.09555351852967,581.3686393490498,147.31101953488533
953,584.8699999999895,582.4264399054146,58.34750377917289,583.8900031384975,147.51829738477917
954,587.4299999999895,584.9771110891244,58.599454013593785,586.411366240893,147.72557506904826
955,589.9899999999894,587.5277483067098,58.8514041996747,588.9327286671602,147.93285258393286
956,592.5499999999894,590.0783518278544,59.103354336092934,591.4540904278342,148.14012993409827
957,595.1099999999893,592.6289219191062,59.35530441207521,593.9754515313451,148.34740711605593
958,597.6699999999893,595.1794588439458,59.60725442627754,596.4968119896922,148.55468413856727
959,600.2299999999892,597.7299628628163,59.85920440580822,599.0181718133877,148.7619609962309
960,602.7899999999892,600.2804342331708,60.11115435465174,601.5395310124256,148.96923769301173
961,605.3499999999891,602.8308732095212,60.36310426497666,604.0608895973825,149.1765142412671
962,607.909999999989,605.3812800434735,60.615054137180685,606.5822475780673,149.3837906404064
963,610.469999999989,607.931654983771,60.867003963864356,609.1036049619307,149.59106689022826
964,613.029999999989,610.4819982763483,61.11895374446309,611.6249617578045,149.79834299854926
965,615.5899999999889,613.0323101643644,61.3709034793391,614.1463179758617,150.00561896494622
966,618.1499999999888,615.5825908882474,61.62285318811299,616.6676736251703,150.21289479298716
967,620.7099999999888,618.1328406857298,61.87480287666646,619.189028715913,150.4201704824301
968,623.2699999999887,620.6830597918809,62.12675252279229,621.7103832522803,150.62744604536084
969,625.8299999999887,623.2332484391605,62.37870213318967,624.2317372439757,150.83472147909518
970,628.3899999999886,625.7834068574494,62.630651704778735,626.7530907011504,151.04199677839551
971,630.9499999999886,628.333535274084,62.88260122890041,629.2744436314812,151.2492719438953
972,633.5099999999885,630.8836339138998,63.13455071521747,631.795796041377,151.45654698246813
973,636.0699999999885,633.4337029992669,63.3865001895287,634.3171479401283,151.66382189356997
974,638.6299999999884,635.9837427501169,63.638449635756096,636.8384993347213,151.87109668888655
975,641.1899999999883,638.5337533839914,63.890399067803756,639.3598502356759,152.07837137829904
976,643.7499999999883,641.0837351160508,64.14234846720784,641.8812006499284,152.285645953664
977,646.3099999999882,643.6336881591317,64.39429784186532,644.4025505844975,152.4929204189383
978,648.8699999999882,646.1836127237699,64.6462471810717,646.9239000458736,152.7001947800453
979,651.4299999999881,648.7335090182312,64.89819647972804,649.4452490396335,152.9074690334724
980,653.9899999999881,651.2833772485553,65.1501457582496,651.966597575313,153.1147431725253
981,656.549999999988,653.8332176185739,65.40209501888312,654.4879456582572,153.32201720374977
982,659.109999999988,656.3830303299484,65.65404426205215,657.0092932956103,153.52929113194605
983,661.6699999999879,658.9328155821984,65.90599349379418,659.5306404939987,153.7365649655184
984,664.2299999999879,661.4825735727238,66.15794270603145,662.0519872598035,153.94383869763053
985,666.7899999999878,664.0323044968425,66.40989188731336,664.5733335980162,154.15111233462835
986,669.3499999999877,666.5820085478226,66.66184105251,667.0946795160613,154.3583858781137
987,671.9099999999877,669.1316859169019,66.91379019382764,669.6160250198543,154.56565933246995
988,674.4699999999876,671.681336793313,67.16573930416193,672.1373701135706,154.77293269286076
989,677.0299999999876,674.2309613643292,67.41768841855013,674.6587148044604,154.98020596025583
990,679.5899999999875,676.7805598152687,67.66963750134335,677.1800590988834,155.1874791403781
991,682.1499999999875,679.3301323295332,67.92158654316923,679.7014030033372,155.394752233163
992,684.7099999999874,681.8796790886338,68.17353556056297,682.2227465238211,155.60202523635448
993,687.2699999999874,684.4292002722137,68.42548456768263,684.7440896636798,155.80929815750068
994,689.8299999999873,686.9786960580716,68.67743355856948,687.265432427802,156.01657100055598
995,692.3899999999873,689.5281666221912,68.92938252601999,689.7867748234595,156.22384376818835
996,694.9499999999872,692.0776121387562,69.18133147345529,692.30811685408,156.4311164517264
997,697.5099999999871,694.6270327801908,69.43328040729664,694.8294585270841,156.63838905797266
998,700.0699999999871,697.1764287171644,69.68522931520307,697.3507998470567,156.8456615848389
999,702.629999999987,699.7258001186266,69.93717818966675,699.8721408182744,157.0529340391428
1000,705.189999999987,702.275147151825,70.18912702709322,702.3934814440283,157.26020642517167
1001,707.7499999999869,704.8244699823287,70.44107584150444,704.9148217277067,157.46747873611852
1002,710.3099999999869,707.3737687740535,70.69302463373711,707.4361616735748,157.67475097609727
1003,712.8699999999868,709.9230436892844,70.94497341524095,709.9575012875267,157.88202314791633
1004,715.4299999999868,712.4722948886899,71.19692218159062,712.4788405752525,158.08929525003848
1005,717.9899999999867,715.0215225313444,71.44887093209825,715.0001795404901,158.2965672819537
1006,720.5499999999867,717.5707267747539,71.70081966045929,717.5215181889661,158.5038392461334
1007,723.1099999999866,720.1199077748686,71.95276835996677,720.0428565246726,158.7111111369223
1008,725.6699999999865,722.6690656861116,72.20471703013867,722.564194550415,158.91838296360612
1009,728.2299999999865,725.2182006613988,72.45666570463388,725.0855322695515,159.12565473342036
1010,730.7899999999864,727.7673128521507,72.70861437745043,727.6068696887689,159.33292644436227
1011,733.3499999999864,730.3164024083073,72.96056303569281,730.1282068105555,159.54019809103679
1012,735.9099999999863,732.865469478363,73.21251168309269,732.649543639841,159.7474696783782
1013,738.4699999999863,735.4145142093718,73.46446031484977,735.1708801791873,159.9547412104443
1014,741.0299999999862,737.9635367469681,73.71640892567717,737.692216432951,160.16201267680154
1015,743.5899999999862,740.5125372353909,73.96835751349022,740.2135524052304,160.3692840804969
1016,746.1499999999861,743.0615158174949,74.2203060888831,742.7348880982754,160.57655541989524
1017,748.709999999986,745.6104726347689,74.47225463372956,745.2562235157491,160.78382669684652
1018,751.269999999986,748.1594078273569,74.72420315942625,747.7775586605949,160.99109791212197
1019,753.829999999986,750.7083215340747,74.97615167199895,750.298893537642,161.19836907153785
1020,756.3899999999859,753.257213892421,75.2281001642677,752.8202281511061,161.4056401786103
1021,758.9499999999858,755.8060850385959,75.4800486412726,755.3415625047245,161.61291123164895
1022,761.5099999999858,758.3549351075175,75.73199711450998,757.8628966016631,161.82018222820506
1023,764.0699999999857,760.9037642328333,75.98394556895617,760.3842304443841,162.02745316695342
1024,766.6299999999857,763.4525725469448,76.23589400621827,762.9055640367684,162.23472404652
1025,769.1899999999856,766.0013601810173,76.48784243541124,765.4268973807649,162.4419948681619
1026,771.7499999999856,768.5501272649941,76.73979085530303,767.9482304795005,162.64926562644104
1027,774.3099999999855,771.0988739276177,76.99173925241477,770.4695633376895,162.85653632921807
1028,776.8699999999855,773.6476002964349,77.24368762617507,772.9908959569823,163.06380697570071
1029,779.4299999999854,776.1963064978215,77.49563597667877,775.5122283414944,163.2710775708049
1030,781.9899999999853,778.7449926569915,77.7475843189852,778.0335604941323,163.47834812028375
1031,784.5499999999853,781.2936588980074,77.99953266056932,780.5548924176805,163.68561862060244
1032,787.1099999999852,783.8423053437979,78.25148098923285,783.076224115719,163.8928890729615
1033,789.6699999999852,786.3909321161725,78.50342931382005,785.5975555915037,164.100159477399
1034,792.2299999999851,788.9395393358319,78.75537763229477,788.1188868474055,164.3074298366065
1035,794.7899999999851,791.4881271223834,79.00732595094617,790.6402178855011,164.51470015104545
1036,797.349999999985,794.0366955943515,79.25927426465863,793.1615487076511,164.72197042249937
1037,799.909999999985,796.5852448691923,79.51122256825604,795.6828793160497,164.92924064797054
1038,802.4699999999849,799.1337750633105,79.76317086782173,798.2042097144033,165.13651083008398
1039,805.0299999999849,801.6822862920674,80.01511916730476,800.725539904766,165.3437809764376
1040,807.5899999999848,804.2307786697895,80.26706746791108,803.2468698886041,165.55105108431854
1041,810.1499999999847,806.7792523097861,80.51901575883714,805.7681996688533,165.75832115454008
1042,812.7099999999847,809.3277073243609,80.77096404065843,808.2895292491162,165.96559118428664
1043,815.2699999999846,811.8761438248217,81.02291231923553,810.8108586313713,166.17286117311735
1044,817.8299999999846,814.4245619214945,81.27486059634508,813.3321878178205,166.38013112664706
1045,820.3899999999845,816.9729617237317,81.52680885484857,815.8535168136852,166.58740103940582
1046,822.9499999999845,819.5213433399236,81.77875711976544,818.3748456188323,166.79467090604595
1047,825.5099999999844,822.0697068775113,82.03070537298531,820.896174237039,167.00194072282102
1048,828.0699999999844,824.6180524429983,82.28265361418983,823.4175026687531,167.20921050199877
1049,830.6299999999843,827.1663801419597,82.53460184358232,825.9388309159278,167.4164802435278
1050,833.1899999999843,829.7146900790559,82.7865500668318,828.46015898201,167.62374994922618
1051,835.7499999999842,832.2629823580355,83.03849828326418,830.9814868670351,167.8310196200985
1052,838.3099999999841,834.8112570817527,83.2904464884453,833.5028145739205,168.03828925508546
1053,840.8699999999841,837.3595143521759,83.54239469276207,836.0241421042792,168.24555885252727
1054,843.429999999984,839.9077542703969,83.79434288418157,838.5454694616224,168.45282841227743
1055,845.989999999984,842.4559769366414,84.04629107332748,841.0667966470342,168.66009793562964
1056,848.5499999999839,845.0041824502794,84.29823926502708,843.5881236628643,168.8673674256459
1057,851.1099999999839,847.5523709098296,84.55018745828825,846.1094505102938,169.07463687488863
1058,853.6699999999838,850.1005424129785,84.80213565588623,848.6307771923902,169.28190628825163
1059,856.2299999999838,852.6486970565829,85.0540838467314,851.1521037126388,169.489175669379
1060,858.7899999999837,855.1968349366794,85.30603203436551,853.6734300715984,169.69644502129324
1061,861.3499999999837,857.7449561484935,85.55798022213801,856.1947562694478,169.90371434776497
1062,863.9099999999836,860.2930607864525,85.80992840754038,858.7160823089679,170.11098364863204
1063,866.4699999999835,862.8411489441861,86.0618765889064,861.237408191134,170.31825291214437
1064,869.0299999999835,865.3892207145495,86.31382478246881,863.7587339199044,170.52552213886335
1065,871.5899999999834,867.9372761896185,86.56577297426604,866.2800594962603,170.73279133916625
1066,874.1499999999834,870.4853154606984,86.81772114678101,868.8013849222234,170.9400605005577
1067,876.7099999999833,873.0333386183413,87.06966930564693,871.322710198331,171.14732962543047
1068,879.2699999999833,875.5813457523528,87.32161746604488,873.844035327402,171.35459871497676
1069,881.8299999999832,878.129336951796,87.57356562646538,876.3653603104691,171.56186778100042
1070,884.3899999999832,880.6773123049958,87.82551377566715,878.8866851490928,171.76913681732464
1071,886.9499999999831,883.2252718995561,88.07746191200941,881.4080098460302,171.97640582296282
1072,889.509999999983,885.77321582236,88.32941003445482,883.9293344019968,172.18367479510655
1073,892.069999999983,888.3211441595828,88.58135813862123,886.4506588186201,172.3909437347565
1074,894.6299999999829,890.8690569966999,88.83330623888187,888.9719830980218,172.59821264148036
1075,897.1899999999829,893.4169544184896,89.08525433542093,891.4933072407244,172.80548151872753
1076,899.7499999999828,895.9648365090428,89.3372024264855,894.0146312481717,173.01275036505172
1077,902.3099999999828,898.5127033517738,89.58915051922338,896.5359551227708,173.22001918429825
1078,904.8699999999827,901.0605550294183,89.84109860192838,899.0572788646269,173.42728797407653
1079,907.4299999999827,903.6083916240532,90.09304666788844,901.5786024771559,173.63455674257395
1080,909.9899999999826,906.1562132170964,90.34499474204115,904.0999259615622,173.84182549199346
1081,912.5499999999826,908.7040198893109,90.5969428257191,906.6212493177055,174.04909422615043
1082,915.1099999999825,911.2518117208139,90.84889090584959,909.1425725478427,174.25636293698292
1083,917.6699999999825,913.7995887910837,91.10083896501763,911.6638956513557,174.46363162923905
1084,920.2299999999824,916.347351178969,91.35278700543994,914.1852186290529,174.67090029736553
1085,922.7899999999823,918.895098962697,91.60473501989408,916.7065414837357,174.8781689424458
1086,925.3499999999823,921.4428322198763,91.85668301984742,919.2278642172,175.08543756009405
1087,927.9099999999822,923.9905510275049,92.10863102063722,921.7491868310298,175.29270615055538
1088,930.4699999999822,926.5382554619716,92.3605790085281,924.270509325128,175.49997471617507
1089,933.0299999999821,929.085945599071,92.61252698939744,926.7918317015309,175.7072432635569
1090,935.5899999999821,931.6336215140022,92.86447496664783,929.3131539616295,175.9145117880078
1091,938.149999999982,934.1812832813795,93.11642294331571,931.8344761072924,176.12178029387027
1092,940.709999999982,936.7289309752331,93.36837091614662,934.3557981391189,176.32904877580486
1093,943.2699999999819,939.2765646690194,93.62031888333371,936.8771200576921,176.53631723373817
1094,945.8299999999819,941.8241844356313,93.87226685353303,939.3984418653458,176.74358567820542
1095,948.3899999999818,944.3717903473907,94.12421481632185,941.9197635620033,176.95085410340607
1096,950.9499999999817,946.9193824760657,94.37616276384703,944.4410851483555,177.15812251279362
1097,953.5099999999817,949.4669608928747,94.62811070515158,946.9624066263219,177.36539090616216
1098,956.0699999999816,952.0145256684908,94.88005864384462,949.4837279983221,177.57265928630494
1099,958.6299999999816,954.562076873045,95.13200659256219,952.0050492652028,177.7799276520465
1100,961.1899999999815,957.1096145761295,95.38395454776969,954.5263704273987,177.9871959916511
1101,963.7499999999815,959.6571388468114,95.6359025104757,957.047691486325,178.19446431063366
1102,966.3099999999814,962.2046497536303,95.88785047226693,959.5690124425686,178.40173260597263
1103,968.8699999999814,964.7521473646075,96.1397984292028,962.090333296531,178.60900087883098
1104,971.4299999999813,967.2996317472536,96.39174639391992,964.6116540503114,178.81626912815432
1105,973.9899999999813,969.8471029685691,96.6436943614442,967.1329747048966,179.02353736052027
1106,976.5499999999812,972.39456109505,96.89564232264692,969.6542952617986,179.23080558011844
1107,979.1099999999811,974.9420061926921,97.147590279693,972.1756157203048,179.43807378726822
1108,981.6699999999811,977.4894383269988,97.39953823393837,974.6969360819363,179.64534197637983
1109,984.229999999981,980.0368575629844,97.65148618886467,977.218256348334,179.85261014286786
1110,986.789999999981,982.5842639651792,97.90343414981612,979.7395765191308,180.05987828921283
1111,989.3499999999809,985.1316575976329,98.1553820961274,982.2608965958659,180.2671464164337
1112,991.9099999999809,987.6790385239242,98.40733004472025,984.7822165792032,180.4744145294422
1113,994.4699999999808,990.2264068071584,98.65927799150202,987.303536469821,180.6816826247727
1114,997.0299999999808,992.7737625099759,98.91122593068859,989.8248562688017,180.88895070168817
1115,999.5899999999807,995.3211056945574,99.16317386717668,992.3461759767542,181.09621876274952
1116,1002.1499999999807,997.8684364226297,99.41512179192617,994.8674955964678,181.30348681796562
1117,1004.7099999999806,1000.4157547554627,99.66706970802544,997.388815128865,181.5107548567352
1118,1007.2699999999805,1002.9630607538813,99.91901762756635,999.9101345742969,181.71802288086366
1119,1009.8299999999805,1005.5103544782683,100.17096556093367,1002.4314539331498,181.925290896924
1120,1014.9499999999805,1008.0576359885639,100.4229135050033,1004.9527732066354,182.13255889720344
1121,1020.0699999999805,1013.1521626044744,100.92680938285974,1009.9954115036618,182.5470948361871
1122,1025.1899999999805,1018.2466410725254,101.430705264911,1015.0380494691956,182.96163071337264
1123,1030.3099999999804,1023.3410718568633,101.93460112316005,1020.0806871077212,183.37616652265223
1124,1035.4299999999803,1028.4354554150168,102.43849702382053,1025.1233244271978,183.79070227148384
1125,1040.5499999999802,1033.529792197992,102.94239292112171,1030.1659614308421,184.20523796470144
1126,1045.66999999998,1038.624082650415,103.44628881617633,1035.208598123014,184.6197736089864
1127,1050.78999999998,1043.7183272106422,103.95018467536256,1040.251234509965,185.03430919860452
1128,1055.9099999999798,1048.8125263108925,104.45408050072913,1045.293870603141,185.44884474825832
1129,1061.0299999999797,1053.9066803773458,104.9579763301035,1050.3365064073712,185.86338027956668
1130,1066.1499999999796,1059.0007898302417,105.46187212781639,1055.3791419254117,186.27791577406063
1131,1071.2699999999795,1064.0948550840142,105.96576787198568,1060.421777163643,186.69245124559342
1132,1076.3899999999794,1069.1888765473852,106.46966361773119,1065.4644121258457,187.10698667535507
1133,1081.5099999999793,1074.2828546234687,106.97355934756916,1070.5070468184304,187.52152205884025
1134,1086.6299999999792,1079.376789709873,107.47745508357983,1075.5496812420417,187.93605740148695
1135,1091.749999999979,1084.4706821988045,107.98135080266364,1080.5923154079896,188.35059269833116
1136,1096.869999999979,1089.5645324771551,108.48524648217511,1085.6349493181497,188.7651279648751
1137,1101.9899999999789,1094.6583409266098,108.989142185024,1090.6775829792737,189.17966318836125
1138,1107.1099999999788,1099.7521079237192,109.49303791941793,1095.7202163916975,189.59419834022228
1139,1112.2299999999786,1104.8458338400228,109.99693371123442,1100.7628495652655,190.0087334582199
1140,1117.3499999999785,1109.9395190420937,110.50082944858158,1105.8054825040367,190.42326853818895
1141,1122.4699999999784,1115.0331638916628,111.00472519220746,1110.8481152095421,190.83780357565513
1142,1127.5899999999783,1120.1267687456836,111.50862094604861,1115.890747682164,191.252338563459
1143,1132.7099999999782,1125.2203339564292,112.01251669180614,1120.9333799299561,191.66687351331353
1144,1137.829999999978,1130.3138598715657,112.51641245693634,1125.976011958869,192.0814084158367
1145,1142.949999999978,1135.4073468342253,113.02030819335651,1131.0186437737764,192.49594326944788
1146,1148.0699999999779,1140.500795183101,113.52420393548405,1136.0612753798334,192.91047808899063
1147,1153.1899999999778,1145.5942052525002,114.0280996663901,1141.1039067787397,193.325012858636
1148,1158.3099999999777,1150.6875773724396,114.53199541963042,1146.1465379683177,193.73954760188823
1149,1163.4299999999776,1155.7809118687046,115.03589117579588,1151.189168953496,194.15408229838502
1150,1168.5499999999774,1160.8742090629366,115.539786963722,1156.231799742038,194.5686169518127
1151,1173.6699999999773,1165.9674692726849,116.04368276801411,1161.2744303342179,194.98315158112814
1152,1178.7899999999772,1171.0606928114792,116.54757856200654,1166.3170607321056,195.39768617587876
1153,1183.9099999999771,1176.1538799889054,117.05147432933542,1171.3596909401087,195.8122207393215
1154,1189.029999999977,1181.2470311106733,117.55537009098897,1176.4023209639645,196.22675529413704
1155,1194.149999999977,1186.3401464786612,118.05926583355578,1181.4449508042446,196.64128982338076
1156,1199.2699999999768,1191.4332263909955,118.56316156753884,1186.4875804649607,197.05582430483526
1157,1204.3899999999767,1196.5262711421103,119.06705728143201,1191.5302099469475,197.47035875761512
1158,1209.5099999999766,1201.6192810228174,119.57095302823805,1196.5728392554354,197.88489321616274
1159,1214.6299999999765,1206.7122563203372,120.07484881757884,1201.615468388586,198.29942767061343
1160,1219.7499999999764,1211.8051973183779,120.5787446006022,1206.65809735524,198.71396209713257
1161,1224.8699999999762,1216.898104297191,121.0826403959476,1211.7007261565152,199.12849651065935
1162,1229.9899999999761,1221.990977533626,121.58653623701677,1216.74335479593,199.54303090601397
1163,1235.109999999976,1227.0838173011796,122.09043210359008,1221.785983276496,199.9575652966559
1164,1240.229999999976,1232.1766238700475,122.59432795127334,1226.8286115996084,200.37209966766923
1165,1245.3499999999758,1237.2693975071857,123.09822379336292,1231.8712397667953,200.78663399709725
1166,1250.4699999999757,1242.3621384763687,123.6021196499407,1236.913867786452,201.20116830084518
1167,1255.5899999999756,1247.4548470382174,124.10601550144078,1241.956495656638,201.61570257630768
1168,1260.7099999999755,1252.5475234502626,124.60991135162409,1246.999123379512,202.03023680384854
1169,1265.8299999999754,1257.6401679669982,125.11380722819028,1252.041750958136,202.4447709888008
1170,1270.9499999999753,1262.7327808399182,125.61770309122008,1257.084378394049,202.85930515754657
1171,1276.0699999999752,1267.8253623175679,126.12159895987229,1262.127005692077,203.2738392835682
1172,1281.189999999975,1272.9179126455854,126.62549483152837,1267.1696328481692,203.68837337496646
1173,1286.309999999975,1278.0104320667551,127.12939068311415,1272.2122598657309,204.10290744644954
1174,1291.4299999999748,1283.10292082105,127.63328653280219,1277.2548867523176,204.51744149026715
1175,1296.5499999999747,1288.1953791456667,128.13718238093745,1282.2975135107602,204.9319755015995
1176,1301.6699999999746,1293.2878072750693,128.64107819772227,1287.3401401394124,205.34650948623792
1177,1306.7899999999745,1298.3802054410394,129.14497400940573,1292.3827666388602,205.7610434512388
1178,1311.9099999999744,1303.4725738727102,129.6488698091546,1297.4253930116456,206.17557739721389
1179,1317.0299999999743,1308.5649127966058,130.15276560091658,1302.4680192580531,206.59011131362175
1180,1322.1499999999742,1313.6572224366878,130.656661384888,1307.5106453814726,207.00464521452983
1181,1327.269999999974,1318.7495030143855,131.1605571583163,1312.5532713873342,207.4191790831086
1182,1332.389999999974,1323.8417547486354,131.66445292152324,1317.595897274707,207.83371291850955
1183,1337.5099999999738,1328.9339778559195,132.16834866497007,1322.6385230433143,208.24824673401355
1184,1342.6299999999737,1334.026172550303,132.67224438615284,1327.681148696478,208.66278051817764
1185,1347.7499999999736,1339.1183390434712,133.17614010850724,1332.723774234773,209.07731428048214
1186,1352.8699999999735,1344.210477544761,133.6800358227387,1337.7663996591107,209.4918480390057
1187,1357.9899999999734,1349.302588261195,134.1839315181223,1342.8090249734264,209.9063817807868
1188,1363.1099999999733,1354.3946713975176,134.68782718512233,1347.8516501803829,210.32091550954792
1189,1368.2299999999732,1359.486727156226,135.1917228283967,1352.8942752810588,210.73544921028878
1190,1373.349999999973,1364.5787557376082,135.69561846644368,1357.936900278064,211.14998289119637
1191,1378.469999999973,1369.6707573397634,136.19951406710902,1362.9795251692697,211.56451655281168
1192,1383.5899999999729,1374.7627321586535,136.7034096711044,1368.022149961717,211.97905019971506
1193,1388.7099999999728,1379.8546803881104,137.2073052781045,1373.0647746522343,212.3935838292518
1194,1393.8299999999726,1384.9466022198806,137.7112008701572,1378.1073992436752,212.80811743976753
1195,1398.9499999999725,1390.0384978436516,138.21509644751166,1383.1500237341213,213.22265105160497
1196,1404.0699999999724,1395.1303674470792,138.71899203313546,1388.1926481236308,213.6371846279327
1197,1409.1899999999723,1400.222211215825,139.22288762946258,1393.235272417951,214.05171817718428
1198,1414.3099999999722,1405.3140293335755,139.72678320437555,1398.2778966198514,214.4662517176385
1199,1419.429999999972,1410.4058219820745,140.23067878432727,1403.3205207317737,214.88078525859112
1200,1424.549999999972,1415.4975893411395,140.73457434621704,1408.363144752978,215.29531877847091
1201,1429.6699999999719,1420.5893315887063,141.2384699194574,1413.405768686446,215.70985228018947
1202,1434.7899999999718,1425.6810489008417,141.7423654757451,1418.4483925315596,216.12438578755044
1203,1439.9099999999717,1430.7727414517742,142.24626102617793,1423.4910162855922,216.5389193118004
1204,1445.0299999999716,1435.864409413918,142.75015656121784,1428.5336399519247,216.9534528309839
1205,1450.1499999999714,1440.9560529579035,143.2540521065777,1433.5762635332067,217.36798634044948
1206,1455.2699999999713,1446.0476722525937,143.7579476923664,1438.6188870289668,217.78251982454626
1207,1460.3899999999712,1451.1392674651122,144.2618432920845,1443.6615104392151,218.19705329988065
1208,1465.5099999999711,1456.2308387608687,144.76573889418574,1448.70413376757,218.61158676746692
1209,1470.629999999971,1461.3223863035814,145.26963451551492,1453.7467570158506,219.02612022734382
1210,1475.749999999971,1466.413910255297,145.7735301452966,1458.7893801850628,219.44065368607994
1211,1480.8699999999708,1471.5054107764145,146.27742579906632,1463.8320032760976,219.85518712999124
1212,1485.9899999999707,1476.596888025709,146.78132146518763,1468.874626290942,220.26972055887603
1213,1491.1099999999706,1481.6883421603532,147.28521713663196,1473.9172492332955,220.68425397011438
1214,1496.2299999999705,1486.7797733359353,147.78911280857685,1478.9598720993747,221.09878737453693
1215,1501.3499999999704,1491.8711817064836,148.2930084641099,1484.0024948920266,221.51332075739384
1216,1506.4699999999702,1496.9625674244874,148.79690409030317,1489.0451176113522,221.92785412183287
1217,1511.5899999999701,1502.0539306409173,149.3007997092478,1494.0877402532092,222.34238748854915
1218,1516.70999999997,1507.1452715052446,149.80469530088305,1499.1303628227067,222.75692083944554
1219,1521.82999999997,1512.2365901654603,150.30859085803635,1504.1729853227016,223.17145415972632
1220,1526.9499999999698,1517.3278867680979,150.81248641026002,1509.215607750465,223.58598747227649
1221,1532.0699999999697,1522.4191614582478,151.31638195427917,1514.2582301056696,224.00052078831968
1222,1537.1899999999696,1527.5104143795804,151.82027749691485,1519.3008523932915,224.41505410158373
1223,1542.3099999999695,1532.6016456743605,152.32417303642757,1524.3434746166354,224.8295874023663
1224,1547.4299999999694,1537.6928554834667,152.8280685730913,1529.3860967758972,225.24412069800198
1225,1552.5499999999693,1542.7840439464094,153.33196410267047,1534.4287188676983,225.65865401329052
1226,1557.6699999999691,1547.8752112013465,153.8358596192219,1539.4713408935706,226.0731873277298
1227,1562.789999999969,1552.9663573851085,154.33975514492528,1544.513962856439,226.48772063721373
1228,1567.909999999969,1558.057482633206,154.84365069471698,1549.5565847567075,226.90225393055974
1229,1573.0299999999688,1563.1485870798504,155.34754623041567,1554.5992065958717,227.3167872081406
1230,1578.1499999999687,1568.2396708579668,155.85144175286152,1559.6418283723647,227.7313204410283
1231,1583.2699999999686,1573.3307340992224,156.3553372741683,1564.6844500852478,228.14585366761716
1232,1588.3899999999685,1578.421776934032,156.85923279538653,1569.7270717376628,228.56038689459223
1233,1593.5099999999684,1583.512799491574,157.36312831113884,1574.7696933299442,228.97492012074892
1234,1598.6299999999683,1588.6038018998088,157.8670238145169,1579.8123148665743,229.38945334123414
1235,1603.7499999999682,1593.6947842854893,158.37091930613008,1584.85493634381,229.80398655832462
1236,1608.869999999968,1598.7857467741842,158.87481480831053,1589.8975577637354,230.21851977235715
1237,1613.989999999968,1603.876689490284,159.37871029845093,1594.9401791270482,230.63305297421903
1238,1619.1099999999678,1608.967612557025,159.88260576900782,1599.9828004390902,231.0475861727576
1239,1624.2299999999677,1614.0585160964906,160.3865012068039,1605.0254216957715,231.46211937207002
1240,1629.3499999999676,1619.1494002296367,160.89039664512984,1610.068042895237,231.87665255208196
1241,1634.4699999999675,1624.2402650763042,161.39429207384413,1615.1106640421801,232.2911857149037
1242,1639.5899999999674,1629.3311107552302,161.89818750740258,1620.1532851381567,232.70571886210084
1243,1644.7099999999673,1634.4219373840601,162.40208294240702,1625.1959061829293,233.12025199665803
1244,1649.8299999999672,1639.5127450793666,162.90597841790785,1630.238527176411,233.5347851449166
1245,1654.949999999967,1644.6035339566524,163.40987390281555,1635.2811481183276,233.94931830564346
1246,1660.069999999967,1649.6943041303705,163.91376941514667,1640.3237690086653,234.36385145787858
1247,1665.1899999999669,1654.7850557139384,164.41766496435335,1645.3663898500379,234.77838460599716
1248,1670.3099999999667,1659.875788819748,164.92156053827227,1650.4090106471,235.1929177504921
1249,1675.4299999999666,1664.9665035591718,165.425456085244,1655.4516313961033,235.60745090657858
1250,1680.5499999999665,1670.057200042587,165.92935161717642,1660.4942521004843,236.02198406833693
1251,1685.6699999999664,1675.147878379378,166.43324716794822,1665.5368727572743,236.43651721892817
1252,1690.7899999999663,1680.238538677951,166.9371426885,1670.579493365695,236.85105037642532
1253,1695.9099999999662,1685.3291810457479,167.44103818713558,1675.6221139261663,237.26558352943493
1254,1701.029999999966,1690.4198055892573,167.9449336714268,1680.6647344409018,237.68011667446913
1255,1706.149999999966,1695.510412414024,168.44882915466647,1685.7073549095567,238.0946498139922
1256,1711.2699999999659,1700.60100162466,168.95272463963767,1690.749975334551,238.50918293653373
1257,1716.3899999999658,1705.6915733248602,169.45662014914691,1695.7925957192276,238.9237160478789
1258,1721.5099999999657,1710.7821276174043,169.96051567039115,1700.835216065607,239.3382491526801
1259,1726.6299999999655,1715.8726646041696,170.46441118221892,1705.8778363711338,239.75278225028634
1260,1731.7499999999654,1720.9631843861462,170.96830671241852,1710.9204566332915,240.16731534122107
1261,1736.8699999999653,1726.0536870634448,171.4722022602137,1715.9630768500685,240.58184843792714
1262,1741.9899999999652,1731.1441727353097,171.97609782313273,1721.0056970265962,240.9963815330677
1263,1747.109999999965,1736.2346415001225,172.47999339614861,1726.0483171619678,241.4109146327816
1264,1752.229999999965,1741.325093455416,172.98388895035927,1731.090937256445,241.82544773447228
1265,1757.349999999965,1746.4155286978842,173.48778450363625,1736.1335573091994,242.23998084373827
1266,1762.4699999999648,1751.5059473233912,173.99168002342975,1741.1761773233918,242.65451395815393
1267,1767.5899999999647,1756.5963494269834,174.4955755476405,1746.2187973013206,243.0690470752633
1268,1772.7099999999646,1761.6867351028923,174.99947109021716,1751.2614172406636,243.48358018522433
1269,1777.8299999999645,1766.7771044445467,175.50336663393043,1756.3040371401646,243.89811329229113
1270,1782.9499999999643,1771.867457544586,176.00726218031681,1761.3466570029127,244.31264639748213
1271,1788.0699999999642,1776.95779449486,176.51115772721647,1766.3892768271103,244.72717947736172
1272,1793.1899999999641,1782.0481153864482,177.015053248994,1771.4318966129704,245.14171255406097
1273,1798.309999999964,1787.138420309666,177.51894878083903,1776.4745163626674,245.5562456387395
1274,1803.429999999964,1792.2287093540672,178.02284432000093,1781.5171360784693,245.9707787214618
1275,1808.5499999999638,1797.3189826084536,178.52673984445173,1786.5597557582446,246.3853117979268
1276,1813.6699999999637,1802.4092401608873,179.03063535738573,1791.602375403603,246.79984484998184
1277,1818.7899999999636,1807.4994820987001,179.53453087571398,1796.6449950147637,247.2143778823357
1278,1823.9099999999635,1812.5897085084994,180.03842641148557,1801.6876145929261,247.62891090815785
1279,1829.0299999999634,1817.6799194761752,180.54232194235905,1806.7302341411068,248.04344394474225
1280,1834.1499999999633,1822.7701150869048,181.04621747519573,1811.7728536557954,248.4579769913744
1281,1839.2699999999631,1827.860295425163,181.55011301232008,1816.815473134922,248.87251002657706
1282,1844.389999999963,1832.9504605747388,182.05400855828145,1821.8580925833783,249.28704307313714
1283,1849.509999999963,1838.0406106187277,182.55790411672388,1826.9007119972953,249.70157612288975
1284,1854.6299999999628,1843.1307456395486,183.06179968108907,1831.9433313765671,250.11610917445844
1285,1859.7499999999627,1848.2208657189497,183.56569526080577,1836.985950720113,250.53064222669713
1286,1864.8699999999626,1853.3109709380165,184.06959083977233,1842.0285700315414,250.9451752810601
1287,1869.9899999999625,1858.4010613771773,184.57348642692477,1847.0711893111452,251.35970834573044
1288,1875.1099999999624,1863.491137116209,185.07738200181188,1852.113808562251,251.77424139746591
1289,1880.2299999999623,1868.581198234247,185.58127758946992,1857.156427782776,252.18877444823238
1290,1885.3499999999622,1873.6712448097912,186.085173179713,1862.1990469751095,252.60330749997522
1291,1890.469999999962,1878.7612769207096,186.58906878010902,1867.2416661358452,253.01784055019587
1292,1895.589999999962,1883.8512946442493,187.09296439705616,1872.284285265826,253.43237358539938
1293,1900.7099999999618,1888.941298057041,187.59686002263913,1877.326904364553,253.84690661031868
1294,1905.8299999999617,1894.0312872351085,188.10075565154327,1882.3695234352888,254.26143962953807
1295,1910.9499999999616,1899.121262253871,188.6046512908369,1887.4121424764762,254.67597265645458
1296,1916.0699999999615,1904.2112231881506,189.10854695235346,1892.454761488371,255.09050567120084
1297,1921.1899999999614,1909.3011701121798,189.61244264073994,1897.49738046948,255.50503869074532
1298,1926.3099999999613,1914.3911030996053,190.11633833812976,1902.53999941932,255.91957171831385
1299,1931.4299999999612,1919.4810222234985,190.6202340521913,1907.5826183409267,256.33410473918013
1300,1936.549999999961,1924.5709275563534,191.12412974242505,1912.6252372335434,256.74863773615095
1301,1941.669999999961,1929.6608191701043,191.6280254127994,1917.6678560994535,257.1631707251928
1302,1946.7899999999609,1934.7506971361263,192.13192109015074,1922.7104749409762,257.57770371787
1303,1951.9099999999607,1939.8405615252352,192.6358167757364,1927.753093754878,257.9922367217139
1304,1962.1499999999608,1944.9304124076998,193.13971246525074,1932.7957125432865,258.4067697290659
1305,1972.3899999999608,1955.1100739310612,194.14750384838163,1942.8809500424138,259.2358357783816
1306,1982.6299999999608,1965.289682257594,195.1552952333815,1952.9661874353292,260.06490185959046
1307,1992.8699999999608,1975.46923793026,196.16308659733372,1963.0514247290523,260.89396793971184
1308,2003.1099999999608,1985.6487414837654,197.17087807273637,1973.1366619182745,261.7230339681127
1309,2013.3499999999608,1995.8281934447177,198.1786695026799,1983.2218990076396,262.5520998813449
1310,2023.5899999999608,2006.007594331823,199.18646105983504,1993.3071359970138,263.38116579595317
1311,2033.8299999999608,2016.1869446560036,200.1942526294544,2003.3923728966172,264.2102317402139
1312,2044.0699999999608,2026.3662449205635,201.2020440859965,2013.477609710853,265.0392977254624
1313,2054.309999999961,2036.5454956213407,202.20983541159558,2023.5628464383283,265.86836371234574
1314,2064.5499999999606,2046.7246972468622,203.21762669007077,2033.6480830746507,266.6974297105817
1315,2074.7899999999604,2056.90385027848,204.22541786514023,2043.7333196257484,267.5264957563078
1316,2085.02999999996,2067.082955190517,205.23320914417005,2053.8185560946586,268.3555617989908
1317,2095.26999999996,2077.2620124503846,206.24100046650565,2063.9037924834583,269.1846277970715
1318,2105.5099999999597,2087.441022518727,207.24879171664566,2073.98902879792,270.0136937220361
1319,2115.7499999999595,2097.6199858495584,208.25658285357844,2084.074265033779,270.84275963478245
1320,2125.9899999999593,2107.7989028903844,209.26437394308041,2094.1595011901,271.6718255507034
1321,2136.229999999959,2117.977774082332,210.27216509246318,2104.2447372741685,272.5008914658146
1322,2146.469999999959,2128.156599860249,211.27995623471978,2114.3299732789455,273.32995741867757
1323,2156.7099999999587,2138.3353806528407,212.28774737405848,2124.415209209664,274.1590233787512
1324,2166.9499999999584,2148.5141168827827,213.29553857565094,2134.5004450633332,274.9880893674056
1325,2177.189999999958,2158.6928089668286,214.30332978396004,2144.585680847231,275.8171553892967
1326,2187.429999999958,2168.8714573159154,215.31112095434156,2154.670916571898,276.64622128573706
1327,2197.669999999958,2179.0500623352855,216.31891210041385,2164.7561522329393,277.4752871205282
1328,2207.9099999999576,2189.2286244245884,217.32670329739756,2174.8413878264423,278.30435298828525
1329,2218.1499999999573,2199.407143977968,218.33449448613555,2184.9266233543135,279.1334188644692
1330,2228.389999999957,2209.5856213841753,219.3422855812777,2195.0118588160335,279.9624847941675
1331,2238.629999999957,2219.7640570266685,220.3500767729211,2205.0970942098384,280.79155069518976
1332,2248.8699999999567,2229.9424512837036,221.35786800010757,2215.1823295393883,281.6206166369634
1333,2259.1099999999565,2240.1208045284216,222.3656592408143,2225.267564807437,282.44968255153873
1334,2269.3499999999563,2250.2991171289495,223.37345053873142,2235.352800013053,283.2787483748047
1335,2279.589999999956,2260.477389448489,224.38124178343259,2245.4380351606765,284.1078141490061
1336,2289.829999999956,2270.6556218454066,225.38903295021922,2255.523270259483,284.9368799351059
1337,2300.0699999999556,2280.833814673303,226.39682407503872,2265.6085052912485,285.7659457115325
1338,2310.3099999999554,2291.0119682811314,227.4046152323627,2275.6937402729486,286.59501158430754
1339,2320.549999999955,2301.190083013234,228.41240639264632,2285.7789752027625,287.42407751060205
1340,2330.789999999955,2311.368159209444,229.42019753255312,2295.864210081218,288.2531434179305
1341,2341.0299999999547,2321.5461972051753,230.4279886961211,2305.949444917127,289.0822093049981
1342,2351.2699999999545,2331.724197331484,231.43577992125992,2316.034679707996,289.9112751992742
1343,2361.5099999999543,2341.9021599151397,232.4435711402949,2326.1199144465327,290.7403411210834
1344,2371.749999999954,2352.0800852787106,233.45136235795633,2336.2051491342213,291.5694070547114
1345,2381.989999999954,2362.257973740633,234.45915357349966,2346.2903837743575,292.398472995099
1346,2392.2299999999536,2372.435825615273,235.46694473681987,2356.37561836546,293.22753889063796
1347,2402.4699999999534,2382.613641213001,236.4747358341955,2366.460852898976,294.05660471787706
1348,2412.709999999953,2392.791420840274,237.48252689096475,2376.546087377749,294.88567061361647
1349,2422.949999999953,2402.96916479968,238.490317971497,2386.631321804418,295.71473652911743
1350,2433.1899999999528,2413.146873390013,239.49810910338104,2396.716556186666,296.5438024624883
1351,2443.4299999999525,2423.3245469063286,240.50590028813718,2406.8017905339266,297.37286835979677
1352,2453.6699999999523,2433.5021856400085,241.51369156279227,2416.8870248335625,298.20193427185495
1353,2463.909999999952,2443.6797898788195,242.52148286303478,2426.972259082782,299.0310001804149
1354,2474.149999999952,2453.8573599069823,243.52927420041595,2437.057493289685,299.8600660483345
1355,2484.3899999999517,2464.0348960052233,244.53706547019667,2447.1427274604875,300.68913193017335
1356,2494.6299999999515,2474.212398450832,245.5448567737299,2457.2279615908224,301.51819781150056
1357,2504.8699999999512,2484.389867517714,246.55264799554197,2467.313195680247,302.34726376358077
1358,2515.109999999951,2494.5673034764454,247.56043915769794,2477.398429718642,303.17632979743036
1359,2525.349999999951,2504.7447065943393,248.56823035670732,2487.483663716008,304.0053958437981
1360,2535.5899999999506,2514.9220771354826,249.57602160424608,2497.5688976745173,304.8344619077472
1361,2545.8299999999504,2525.099415360792,250.58381291756606,2507.654131598694,305.6635279008175
1362,2556.06999999995,2535.2767215280614,251.5916042532628,2517.739365477666,306.49259385144813
1363,2566.30999999995,2545.453995892025,252.59939561158768,2527.824599318999,307.3216597883604
1364,2576.5499999999497,2555.631238704395,253.60718696872001,2537.909833129733,308.15072572290165
1365,2586.7899999999495,2565.808450213906,254.6149783480683,2547.995066911349,308.979791633158
1366,2597.0299999999493,2575.9856306663687,255.622769757108,2558.0803006543365,309.80885757556234
1367,2607.269999999949,2586.16278030471,256.63056117208083,2568.1655343616453,310.6379235264547
1368,2617.509999999949,2596.3398993690203,257.63835259503895,2578.2507680269064,311.46698949732973
1369,2627.7499999999486,2606.5169880966027,258.6461440904877,2588.336001652223,312.29605546107285
1370,2637.9899999999484,2616.694046722008,259.6539356453456,2598.4212352437576,313.1251213696264
1371,2648.229999999948,2626.8710754770823,260.6617272664678,2608.50646881073,313.95418717724664
1372,2658.469999999948,2637.0480745910045,261.669518899184,2618.591702348837,314.7832529568071
1373,2668.7099999999477,2647.22504429033,262.6773105454409,2628.676935858061,315.61231873929546
1374,2678.9499999999475,2657.4019847990276,263.68510221427783,2638.762169339314,316.4413844819711
1375,2689.1899999999473,2667.578896338525,264.69289387412965,2648.8474028007286,317.2704502445255
1376,2699.429999999947,2677.755779127737,265.70068551498446,2658.9326362392326,318.09951601934984
1377,2709.669999999947,2687.932633383105,266.70847709510707,2669.017869647116,318.9285817774921
1378,2719.9099999999466,2698.109459318649,267.71626870909904,2679.10310302493,319.7576475412345
1379,2730.1499999999464,2708.286257145986,268.72406033197035,2689.188336377006,320.58671329687206
1380,2740.389999999946,2718.46302707437,269.73185193986683,2699.2735696992577,321.41577903026206
1381,2750.629999999946,2728.63976931073,270.739643476625,2709.3588029930656,322.2448447091099
1382,2760.869999999946,2738.816484059712,271.74743501467,2719.444036258285,323.0739104139369
1383,2771.1099999999456,2748.9931715236994,272.7552265412592,2729.5292695016733,323.9029761544986
1384,2781.3499999999453,2759.1698319028474,273.7630180305907,2739.614502725999,324.7320418587755
1385,2791.589999999945,2769.346465395125,274.7708095036903,2749.6997359309025,325.56110761855734
1386,2801.829999999945,2779.5230721963308,275.77860093327143,2759.784969109756,326.3901733747705
1387,2812.0699999999447,2789.6996525001437,276.78639238127016,2769.8702022667194,327.2192391260087
1388,2822.3099999999445,2799.8762064981433,277.79418387682665,2779.9554354034804,328.04830487991387
1389,2832.5499999999442,2810.052734379834,278.8019754329107,2790.040668516848,328.8773705864351
1390,2842.789999999944,2820.2292363326883,279.80976702889865,2800.1259016097965,329.7064362628719
1391,2853.029999999944,2830.40571254217,280.8175586159234,2810.211134688227,330.5355019987964
1392,2863.2699999999436,2840.5821631917565,281.82535022525826,2820.296367740486,331.3645678103526
1393,2873.5099999999434,2850.7585884629666,282.8331418270109,2830.3816007636715,332.1936335556126
1394,2883.749999999943,2860.934988535401,283.84093341702714,2840.4668337567873,333.02269922186343
1395,2893.989999999943,2871.1113635867714,284.84872500780835,2850.5520667266655,333.851764951028
1396,2904.2299999999427,2881.287713792908,285.85651659056305,2860.637299671973,334.6808307052273
1397,2914.4699999999425,2891.4640393277978,286.8643081638905,2870.7225325900818,335.50989651194743
1398,2924.7099999999423,2901.64034036361,287.8720997422564,2880.8077654907347,336.3389623572906
1399,2934.949999999942,2911.8166170707204,288.87989136181756,2890.8929983786074,337.1680282301852
1400,2945.189999999942,2921.9928696177312,289.8876830274998,2900.9782312542243,337.99709411717197
1401,2955.4299999999416,2932.1690981714964,290.8954746657815,2911.0634641122633,338.8261600063228
1402,2965.6699999999414,2942.3453028971526,291.9032663170921,2921.1486969515045,339.6552258786138
1403,2975.909999999941,2952.5214839581377,292.91105795097235,2931.2339297671506,340.4842917734102
1404,2986.149999999941,2962.697641516219,293.9188495963757,2941.319162561966,341.3133577056147
1405,2996.3899999999408,2972.87377573151,294.9266412686808,2951.4043953369955,342.1424236600076
1406,3006.6299999999405,2983.0498867624933,295.9344329006633,2961.489628097142,342.97148962150544
1407,3016.8699999999403,2993.2259747660487,296.94222456156257,2971.574860839695,343.8005556323788
1408,3027.10999999994,3003.4020398974653,297.9500162977545,2981.660093564106,344.62962160257104
1409,3037.34999999994,3013.578082310473,298.9578080836431,2991.7453262752824,345.45868758907477
1410,3047.5899999999397,3023.7541021572533,299.9655999110164,3001.830558969432,346.28775359871054
1411,3057.8299999999394,3033.9300995884646,300.9733918232304,3011.9157916442396,347.1168195450183
1412,3068.0699999999392,3044.106074753268,301.98118383238835,3022.0010242994435,347.94588552586964
1413,3078.309999999939,3054.282027799339,302.98897590771065,3032.0862569400874,348.77495152380357
1414,3088.549999999939,3064.4579588728902,303.99676796941117,3042.1714895703008,349.6040175533772
1415,3098.7899999999386,3074.6338681186808,305.0045599556383,3052.2567221815084,350.4330835436249
1416,3109.0299999999384,3084.8097556800567,306.01235188850745,3062.3419547743492,351.2621495112169
1417,3119.269999999938,3094.9856216989565,307.0201437661898,3072.427187356396,352.0912154374215
1418,3129.509999999938,3105.1614663159316,308.0279356913458,3082.5124199219254,352.9202813386845
1419,3139.7499999999377,3115.337289670156,309.0357275809962,3092.5976524674625,353.7493471905391
1420,3149.9899999999375,3125.5130918994623,310.043519447713,3102.6828850007664,354.5784130513125
1421,3160.2299999999373,3135.6888731403374,311.05131120595655,3112.7681175237894,355.4074788426805
1422,3170.469999999937,3145.864633527956,312.05910291952193,3122.8533500262174,356.2365446033162
1423,3180.709999999937,3156.040373196194,313.0668946083463,3132.938582515424,357.06561031883876
1424,3190.9499999999366,3166.2160922776425,314.07468628988397,3143.023814984794,357.894676043779
1425,3201.1899999999364,3176.3917909036213,315.08247793952614,3153.1090474362068,358.72374176077733
1426,3211.429999999936,3186.5674692042053,316.0902695974394,3163.1942798755576,359.5528074808775
1427,3221.669999999936,3196.743127308229,317.0980612630018,3173.2795123071855,360.3818731766096
1428,3231.9099999999357,3206.918765343307,318.10585294424544,3183.364744727185,361.2109388818419
1429,3242.1499999999355,3217.094383435845,319.11364461640864,3193.449977135072,362.0400045375385
1430,3252.3899999999353,3227.2699817110665,320.12143627708025,3203.535209530823,362.8690702359548
1431,3262.629999999935,3237.4455602930143,321.129227954703,3213.6204419062624,363.698135965275
1432,3272.869999999935,3247.621119304573,322.1370196597352,3223.705674262686,364.5272016882233
1433,3283.1099999999346,3257.7966588674817,323.144811447473,3233.7909066058537,365.3562673535759
1434,3293.3499999999344,3267.9721791023494,324.1526033101199,3243.8761389384144,366.18533295793895
1435,3303.589999999934,3278.147680128665,325.16039518361356,3253.9613712605283,367.01439855513905
1436,3313.829999999934,3288.323162064813,326.1681870460709,3264.0466035713107,367.8434641382374
1437,3324.0699999999338,3298.4986250280917,327.1759789197994,3274.1318358696526,368.67252977716106
1438,3334.3099999999336,3308.674069134717,328.18377081803004,3284.2170681512875,369.50159542952275
1439,3344.5499999999333,3318.849494499843,329.191562746369,3294.302300424137,370.3306610453092
1440,3354.789999999933,3329.0249012375743,330.19935463822907,3304.3875326878597,371.15972668409245
1441,3365.029999999933,3339.200289460973,331.2071464847369,3314.472764939867,371.98879229930566
1442,3375.2699999999327,3349.375659282079,332.2149383003698,3324.557997179476,372.8178578808523
1443,3385.5099999999325,3359.551010811922,333.2227301197146,3334.6432294104975,373.64692345936885
1444,3395.7499999999322,3369.726344160527,334.2305219549627,3344.728461633366,374.4759890169721
1445,3405.989999999932,3379.9016594369305,335.2383138093375,3354.813693848963,375.3050545648799
1446,3416.229999999932,3390.076956749188,336.2461056076126,3364.8989260580756,376.1341200478095
1447,3426.4699999999316,3400.252236204393,337.25389739651166,3374.9841582560593,376.9631854961275
1448,3436.7099999999314,3410.427497908685,338.261689187994,3385.0693904406226,377.79225090149185
1449,3446.949999999931,3420.6027419672587,339.26948092790593,3395.15462261675,378.62131626407
1450,3457.189999999931,3430.777968484376,340.27727260820075,3405.2398547766898,379.45038158220905
1451,3467.4299999999307,3440.9531775633864,341.2850643052167,3415.3250869238304,380.27944691404355
1452,3477.6699999999305,3451.1283693067244,342.29285608535315,3425.4103190550277,381.10851228437383
1453,3487.9099999999303,3461.3035438159204,343.3006478789864,3435.4955511655794,381.937577684607
1454,3498.14999999993,3471.4787011916205,344.3084396638371,3445.58078326458,382.7666430581174
1455,3508.38999999993,3481.6538415335945,345.31623148432897,3455.6660153525672,383.5957084554174
1456,3518.6299999999296,3491.828964940742,346.3240233528736,3465.751247436767,384.4247738811453
1457,3528.8699999999294,3502.0040715111018,347.33181518238877,3475.8364795177586,385.2538393315203
1458,3539.109999999929,3512.179161341863,348.3396069762434,3485.9217115931456,386.0829047905015
1459,3549.349999999929,3522.354234529379,349.34739874256996,3496.0069436592894,386.9119702530426
1460,3559.5899999999288,3532.5292911691745,350.3551904640407,3506.0921757204314,387.7410357115201
1461,3569.8299999999285,3542.704331355954,351.3629821645346,3516.1774077737978,388.5701011986222
1462,3580.0699999999283,3552.8793551836097,352.3707738913202,3526.2626398125353,389.39916668228574
1463,3590.309999999928,3563.054362745237,353.37856564382554,3536.347871842878,390.2282321562683
1464,3600.549999999928,3573.229354133135,354.38635740615086,3546.433103860439,391.0572976319098
1465,3610.7899999999277,3583.4043294388243,355.3941491539224,3556.5183358703266,391.88636313036113
1466,3621.0299999999274,3593.579288753047,356.40194083638687,3566.603567869017,392.71542867560584
1467,3631.269999999927,3603.7542321657834,357.4097324443836,3576.6887998644024,393.5444942562024
1468,3641.509999999927,3613.9291597662536,358.41752404163407,3586.7740318493547,394.3735598167559
1469,3651.749999999927,3624.104071642932,359.42531570102034,3596.859263824559,395.2026253239318
1470,3661.9899999999266,3634.278967883551,360.4331074042027,3606.9444957894034,396.0316907608064
1471,3672.2299999999263,3644.453848575115,361.44089911479807,3617.0297277495397,396.86075620386583
1472,3682.469999999926,3654.6287138039033,362.4486908480366,3627.1149597081208,397.6898216680539
1473,3692.709999999926,3664.8035636554755,363.4564826021781,3637.200191659704,398.518887118954
1474,3702.9499999999257,3674.9783982146832,364.464274308109,3647.2854236036483,399.3479525431857
1475,3713.1899999999255,3685.1532175656816,365.4720660050986,3657.3706555410213,400.17701792066174
1476,3723.4299999999253,3695.328021791933,366.4798576896942,3667.4558874692543,401.0060832963918
1477,3733.669999999925,3705.502810976215,367.48764936562026,3677.54111939006,401.835148674397
1478,3743.909999999925,3715.677585200629,368.4954410349192,3687.6263513069707,402.6642140632327
1479,3754.1499999999246,3725.8523445466026,369.5032327147523,3697.7115832176096,403.49327939747724
1480,3764.3899999999244,3736.0270890949046,370.51102440308,3707.796815124569,404.32234473203914
1481,3774.629999999924,3746.2018189256473,371.5188160790249,3717.882047027358,405.1514101084629
1482,3784.869999999924,3756.3765341182916,372.52660771971745,3727.967278920856,405.98047553591044
1483,3795.1099999999237,3766.55123475166,373.5343993596566,3738.052510807071,406.8095409949225
1484,3805.3499999999235,3776.72592090394,374.54219103881496,3748.1377426845706,407.63860647131946
1485,3815.5899999999233,3786.9005926526884,375.54998273893636,3758.222974556494,408.46767188188335
1486,3825.829999999923,3797.0752500748426,376.55777440323095,3768.3082064207533,409.29673725671967
1487,3836.069999999923,3807.2498932467256,377.56556601979986,3778.393438273121,410.12580265804394
1488,3846.3099999999226,3817.424522244054,378.5733576630406,3788.4786701160424,410.95486803143206
1489,3856.5499999999224,3827.599137141944,379.58114934626826,3798.563901954104,411.78393336691636
1490,3866.789999999922,3837.773738014911,380.58894102860984,3808.6491337822454,412.61299866899174
1491,3877.029999999922,3847.9483249368864,381.59673271653287,3818.734365600083,413.44206396736433
1492,3887.2699999999218,3858.12289798122,382.60452433723344,3828.8195974122505,414.2711293654188
1493,3897.5099999999215,3868.297457220681,383.6123159734466,3838.904829218704,415.10019478774024
1494,3907.7499999999213,3878.472002727471,384.6201076840061,3848.9900610225977,415.92926018672796
1495,3917.989999999921,3888.6465345732227,385.6278993615795,3859.075292819644,416.75832560481985
1496,3928.229999999921,3898.8210528290106,386.6356910647395,3869.160524605553,417.5873909887756
1497,3938.4699999999207,3908.9955575653603,387.6434827588722,3879.245756384707,418.41645637872995
1498,3948.7099999999205,3919.170048852248,388.6512744205706,3889.330988158809,419.2455217952996
1499,3958.9499999999202,3929.3445267591064,389.6590660770022,3899.4162199247658,420.07458718280503
1500,3969.18999999992,3939.5189913548365,390.6668576900406,3909.50145168787,420.903652602478
1501,3979.42999999992,3949.693442707805,391.6746492852218,3919.5866834398103,421.7327180570199
1502,3989.6699999999196,3959.867880885854,392.6824408640762,3929.6719151879824,422.56178348620705
1503,3999.9099999999194,3970.0423059563072,393.6902324316173,3939.757146929563,423.39084889659773
1504,4010.149999999919,3980.2167179859757,394.6980240189506,3949.842378668241,424.21991432840724
1505,4020.389999999919,3990.3911170411584,395.7058156244728,3959.927610403041,425.04897980371624
1506,4030.6299999999187,4000.565503187648,396.71360721831434,3970.0128421288787,425.87804530288906
1507,4040.8699999999185,4010.7398764907407,397.721398793253,3980.0980738457165,426.7071108098193
1508,4051.1099999999183,4020.914237015239,398.7291903983551,3990.183305554856,427.53617628205404
1509,4061.349999999918,4031.0885848254566,399.7369820498039,4000.26853725533,428.36524171239074
1510,4071.589999999918,4041.2629199852236,400.7447737288134,4010.353768951405,429.19430713201706
1511,4081.8299999999176,4051.4372425578904,401.7525654657728,4020.439000642269,430.02337255492597
1512,4092.0699999999174,4061.6115526063327,402.7603571701855,4030.5242323310026,430.8524380150064
1513,4102.309999999918,4071.785850192953,403.7681488153529,4040.6094640113984,431.6815034972643
1514,4112.549999999917,4081.960135379694,404.77594043220523,4050.694695683359,432.51056899418643
1515,4122.789999999917,4092.134408228036,405.78373208473187,4060.779927349655,433.3396345148625
1516,4133.029999999917,4102.3086687990035,406.79152374635726,4070.8651590087147,434.16870001239624
1517,4143.269999999917,4112.482917153167,407.79931545300093,4080.9503906591417,434.99776545990994
1518,4153.5099999999165,4122.657153350657,408.80710717496095,4091.0356223052104,435.8268309057314
1519,4163.749999999916,4132.8313774511535,409.81489887762626,4101.120853946484,436.65589636198973
1520,4173.989999999916,4143.005589513904,410.8226906173526,4111.20608558632,437.48496183293025
1521,4184.229999999916,4153.17978959772,411.8304823685746,4121.291317221049,438.3140273194652
1522,4194.469999999916,4163.353977760983,412.83827416271015,4131.376548853986,439.14309282753464
1523,4204.709999999915,4173.528154061648,413.8460659879153,4141.461780481726,439.9721583470066
1524,4214.949999999915,4183.702318557249,414.85385785399006,4151.547012106602,440.80122387053683
1525,4225.189999999915,4193.876471304904,415.8616497586433,4161.632243728726,441.6302893854558
1526,4235.429999999915,4204.050612361313,416.8694416513459,4171.7174753442,442.4593548983836
1527,4245.669999999915,4214.224741782771,417.87723355262705,4181.802706953454,443.28842040530634
1528,4255.909999999914,4224.39885962517,418.8850254692244,4191.887938565259,444.1174858966992
1529,4266.149999999914,4234.572965943996,419.8928174127765,4201.973170174038,444.94655137372393
1530,4276.389999999914,4244.747060794334,420.90060934672533,4212.058401776092,445.7756168328911
1531,4286.629999999914,4254.921144230883,421.90840129081744,4222.143633370725,446.60468233944624
1532,4296.8699999999135,4265.09521630795,422.9161932537752,4232.2288649578195,447.43374784122
1533,4307.109999999913,4275.269277079452,423.92398523297794,4242.314096543846,448.2628133242276
1534,4317.349999999913,4285.4433265989255,424.9317772210367,4252.399328125351,449.09187883395856
1535,4327.589999999913,4295.617364919526,425.9395691995466,4262.484559703425,449.9209443320488
1536,4337.829999999913,4305.7913920940355,426.94736118661564,4272.569791276811,450.7500098708918
1537,4348.069999999912,4315.965408174862,427.95515317976634,4282.655022838479,451.5790754423821
1538,4358.309999999912,4326.139413214046,428.96294515533185,4292.740254391874,452.40814099528643
1539,4368.549999999912,4336.313407263262,429.97073712095414,4302.825485942825,453.2372065433579
1540,4378.789999999912,4346.487390373825,430.9785290851092,4312.910717488855,454.0662720843616
1541,4389.0299999999115,4356.661362596689,431.98632104545254,4322.995949029183,454.89533756773665
1542,4399.269999999911,4366.835323982455,432.994112999634,4333.081180562996,455.72440304664894
1543,4409.509999999911,4377.009274581369,434.0019049452767,4343.166412091792,456.5534685322776
1544,4419.749999999911,4387.183214443333,435.00969687995394,4353.251643617486,457.38253401869065
1545,4429.989999999911,4397.357143617903,436.01748880226666,4363.336875139758,458.2115995197191
1546,4440.22999999991,4407.531062154288,437.025280753042,4373.422106661369,459.0406649824712
1547,4450.46999999991,4417.704970101361,438.0330727068111,4383.5073381754755,459.8697304590443
1548,4460.70999999991,4427.87886750766,439.0408646640045,4393.592569682261,460.6987959106655
1549,4470.94999999991,4438.052754421389,440.0486566244901,4403.677801182169,461.52786133863
1550,4481.18999999991,4448.226630890425,441.0564486068556,4413.7630326763165,462.35692676345246
1551,4491.429999999909,4458.400496962315,442.06424061285975,4423.848264168234,463.1859921912415
1552,4501.669999999909,4468.5743526842825,443.0720326142182,4433.933495656942,464.01505763683
1553,4511.909999999909,4478.7481981032315,444.0798245840217,4444.018727146547,464.8441230853805
1554,4522.149999999909,4488.922033265749,445.0876165270757,4454.103958639591,465.6731885692705
1555,4532.3899999999085,4499.0958582181,446.09540843915096,4464.189190128033,466.5022540676288
1556,4542.629999999908,4509.269673006245,447.1032003721396,4474.274421612767,467.3313195496124
1557,4552.869999999908,4519.4434776758335,448.1109923282557,4484.359653097541,468.1603850128519
1558,4573.349999999908,4529.617272272206,449.1187842514143,4494.444884581895,468.9894505047529
1559,4593.829999999907,4549.964831425152,451.1343680173005,4514.615347544092,470.6475815554475
1560,4614.309999999907,4570.312350821779,453.1499517072908,4534.785810483536,472.3057126831308
1561,4634.789999999906,4590.659830814053,455.16553535550486,4554.9562733883895,473.96384391816343
1562,4655.269999999906,4611.007271749296,457.18111902355946,4575.126736283475,475.62197523653873
1563,4675.749999999905,4631.354673970242,459.1967026386918,4595.297199152765,477.2801065802918
1564,4696.229999999905,4651.702037815148,461.21228622072965,4615.46766199734,478.93823792577024
1565,4716.7099999999045,4672.0493636178635,463.22786988173516,4635.638124846947,480.5963692569703
1566,4737.189999999904,4692.396651707892,465.24345355503,4655.808587700831,482.2545005769227
1567,4757.669999999904,4712.7439024104715,467.25903703717114,4675.979050552205,483.91263186233726
1568,4778.149999999903,4733.091116046657,469.2746204602686,4696.149513383311,485.5707630904896
1569,4798.629999999903,4753.438292933393,471.2902039663233,4716.319976205506,487.2288942386107
1570,4819.109999999902,4773.785433383574,473.3057874117576,4736.490439020927,488.88702543058974
1571,4839.589999999902,4794.132537706111,475.3213708958982,4756.660901803985,490.5451566799145
1572,4860.0699999999015,4814.479606206017,477.33695443068166,4776.831364574946,492.20328810745605
1573,4880.549999999901,4834.82663918445,479.3525379151363,4797.001827346481,493.86141968768464
1574,4901.029999999901,4855.173636938789,481.368121486016,4817.1722901033545,495.51955135187126
1575,4921.5099999999,4875.520599762691,483.38370508327074,4837.342752847544,497.17768294195645
1576,4941.9899999999,4895.867527946156,485.39928859382024,4857.513215567591,498.8358144262304
1577,4962.469999999899,4916.214421775598,487.41487197422595,4877.683678286903,500.4939458339817
1578,4982.949999999899,4936.56128153389,489.4304552571934,4897.854141001171,502.1520771224959
1579,5003.429999999898,4956.908107500434,491.44603867895006,4918.02460369936,503.81020855929177
1580,5023.909999999898,4977.254899951197,493.46162210317766,4938.195066380288,505.4683399675323
1581,5044.389999999898,4997.601659158785,495.47720553386284,4958.365529042888,507.12647120707544
1582,5064.869999999897,5017.948385392494,497.4927888901358,4978.535991697526,508.78460237034267
1583,5085.349999999897,5038.295078918366,499.50837218022406,4998.706454353499,510.44273350968933
1584,5105.829999999896,5058.64173999923,501.52395531815176,5018.876917015316,512.1008645612626
1585,5126.309999999896,5078.988368894765,503.5395383709409,5039.047379671266,513.7589956190474
1586,5146.789999999895,5099.3349658615425,505.5551214482072,5059.2178423115465,515.4171266098418
1587,5167.269999999895,5119.681531153087,507.570704604927,5079.388304948014,517.0752576993725
1588,5187.7499999998945,5140.028065019909,509.58628778537764,5099.55876758735,518.7333888297975
1589,5208.229999999894,5160.374567709562,511.60187094948895,5119.72923022683,520.39151997565
1590,5228.709999999894,5180.72103946668,513.617454102722,5139.899692848363,522.0496511704101
1591,5249.189999999893,5201.067480533031,515.6330373287817,5160.070155456705,523.7077821883994
1592,5269.669999999893,5221.41389114757,517.6486205733349,5180.2406180610415,525.3659131544932
1593,5290.149999999892,5241.76027154647,519.6642038089285,5200.411080664961,527.0240441923254
1594,5310.629999999892,5262.106621963161,521.6797871263622,5220.581543271411,528.6821751120533
1595,5331.109999999891,5282.452942628386,523.6953705420626,5240.752005873399,530.3403060532204
1596,5351.589999999891,5302.799233770232,525.7109539848798,5260.9224684742285,531.9984370366202
1597,5372.069999999891,5323.145495614171,527.7265373596914,5281.092931069749,533.6565680144237
1598,5392.54999999989,5343.491728383109,529.7421207646023,5301.26339367233,535.3146989767383
1599,5413.02999999989,5363.837932297409,531.7577041273665,5321.433856268664,536.9728298470035
1600,5433.509999999889,5384.184107574949,533.7732874764424,5341.604318865905,538.6309607046477
1601,5453.989999999889,5404.530254431149,535.788870901445,5361.774781470099,540.2890915603724
1602,5474.469999999888,5424.876373078997,537.804454368499,5381.945244057319,541.9472223647844
1603,5494.949999999888,5445.222463729099,539.820037838179,5402.115706620977,543.605353115115
1604,5515.4299999998875,5465.568526589717,541.8356212048758,5422.286169164366,545.2634837826006
1605,5535.909999999887,5485.914561866802,543.8512045101385,5442.45663170203,546.9216144200938
1606,5556.389999999887,5506.260569764021,545.866787890258,5462.627094224909,548.579745158761
1607,5576.869999999886,5526.60655048279,547.8823712416731,5482.797556731292,550.2378758922118
1608,5597.349999999886,5546.952504222318,549.8979546242983,5502.9680192322,551.8960066743892
1609,5617.829999999885,5567.298431179627,551.9135380305878,5523.1384817155695,553.5541374943535
1610,5638.309999999885,5587.6443315495935,553.9291214915371,5543.308944193738,555.212268380191
1611,5658.7899999998845,5607.990205524974,555.9447050015777,5563.479406675641,556.8703993230893
1612,5679.269999999884,5628.336053296425,557.9602883974673,5583.649869147863,558.5285301564486
1613,5699.749999999884,5648.681875052562,559.9758717158011,5603.820331623255,560.1866609150904
1614,5720.229999999883,5669.027670979964,561.9914549652141,5623.990794103589,561.8447916022617
1615,5740.709999999883,5689.373441263208,564.0070380955348,5644.161256575491,563.5029221651737
1616,5761.189999999882,5709.719186084904,566.0226211686427,5664.331719026715,565.1610526777224
1617,5781.669999999882,5730.064905625721,568.0382041973892,5684.502181468815,566.8191831484187
1618,5802.149999999881,5750.4106000644015,570.0537870546369,5704.672643889274,568.4773134330609
1619,5822.629999999881,5770.756269577811,572.0693697399738,5724.843106294886,570.1354435285648
1620,5843.1099999998805,5791.101914340953,574.0849523335614,5745.013568708594,571.7935735128434
1621,5863.58999999988,5811.447534526994,576.1005350025802,5765.184031100642,573.4517035782255
1622,5884.06999999988,5831.7931303072855,578.1161177053914,5785.354493475978,575.1098336797163
1623,5904.549999999879,5852.138701851398,580.1317004107856,5805.524955842282,576.7679637965736
1624,5925.029999999879,5872.484249327136,582.1472831112771,5825.6954182061945,578.4260939049202
1625,5945.509999999878,5892.829772900574,584.1628659329662,5845.865880557872,580.0842241922796
1626,5965.989999999878,5913.175272736073,586.1784488671976,5866.036342914225,581.7423546043597
1627,5986.4699999998775,5933.520748996292,588.1940317165664,5886.206805262893,583.4004849484136
1628,6006.949999999877,5953.866201842232,590.2096144440177,5906.377267603018,585.0586151292598
1629,6027.429999999877,5974.211631433256,592.225197064513,5926.547729946944,586.7167452225921
1630,6047.909999999876,5994.557037927107,594.2407797019771,5946.7181922913505,588.374875320596
1631,6068.389999999876,6014.90242147992,596.2563623643417,5966.888654634302,590.0330054545432
1632,6088.869999999875,6035.24778224626,598.2719450046903,5987.059116977781,591.6911355395154
1633,6109.349999999875,6055.593120379128,600.2875276211945,6007.22957931216,593.3492656424198
1634,6129.829999999874,6075.938436029998,602.3031102878878,6027.4000416437275,595.0073957468402
1635,6150.309999999874,6096.283729348821,604.3186929103948,6047.570503965758,596.6655258700249
1636,6170.7899999998735,6116.629000484054,606.3342754301522,6067.740966283474,598.3236558943636
1637,6191.269999999873,6136.974249582685,608.3498579925514,6087.911428590357,599.9817859012172
1638,6211.749999999873,6157.319476790243,610.3654405932651,6108.081890892304,601.6399159108364
1639,6232.229999999872,6177.664682250816,612.381023103556,6128.252353197651,603.2980457940153
1640,6273.189999999872,6198.009866107086,614.3966056773269,6148.422815513042,604.9561756783326
1641,6314.149999999872,6238.70016957042,618.4277709362829,6188.763740125469,608.2724353601507
1642,6355.109999999872,6279.390388293985,622.4589365239724,6229.104664723431,611.5886951215637
1643,6396.069999999872,6320.080523369985,626.490102462864,6269.445589288016,614.9049549492852
1644,6437.029999999872,6360.770575869636,630.521268417994,6309.786513809536,618.2212144879153
1645,6477.989999999872,6401.460546843742,634.5524346029707,6350.127438347002,621.5374739388012
1646,6518.9499999998725,6442.150437323173,638.583601162917,6390.468362902724,624.8537337982493
1647,6559.9099999998725,6482.840248319346,642.6147677493641,6430.809287429763,628.1699938243191
1648,6600.869999999873,6523.5299808247555,646.6459342056589,6471.150211969169,631.4862538919294
1649,6641.829999999873,6564.219635813428,650.6771004193898,6511.4911365316975,634.8025142830865
1650,6682.789999999873,6604.90921424137,654.708266882265,6551.8320610454975,638.118775420037
1651,6723.749999999873,6645.59871704701,658.7394332030052,6592.172985537215,641.4350370247295
1652,6764.709999999873,6686.288145151619,662.7705991495087,6632.51391003347,644.751298235995
1653,6805.669999999873,6726.977499459759,666.8017652812583,6672.854834499563,648.0675593011387
1654,6846.629999999873,6767.666780859666,670.8329315365582,6713.195758932371,651.3838208929856
1655,6887.589999999873,6808.355990223615,674.8640977365989,6753.536683348135,654.7000822403048
1656,6928.549999999873,6849.045128408341,678.8952639384779,6793.877607752739,658.016343609343
1657,6969.509999999873,6889.734196255381,682.9264301039776,6834.218532162465,661.332604727284
1658,7010.469999999873,6930.423194591433,686.9575960480792,6874.559456541059,664.6488656424581
1659,7051.429999999873,6971.112124228717,690.9887614992198,6914.900380915719,667.9651266131314
1660,7092.389999999873,7011.800985965322,695.0199273793291,6955.24130531914,671.2813880176291
1661,7133.349999999873,7052.489780585463,699.0510929196504,6995.582229693619,674.5976493495265
1662,7174.309999999873,7093.178508859874,703.0822581296028,7035.923154042399,677.9139104888137
1663,7215.269999999873,7133.867171546107,707.1134234265965,7076.264078416208,681.2301715708844
1664,7256.229999999873,7174.555769388796,711.1445888612546,7116.6050028195095,684.5464323371791
1665,7297.189999999873,7215.244303119952,715.1757538143183,7156.945927226137,687.8626923009185
1666,7338.149999999873,7255.9327734593,719.2069185206673,7197.286851656928,691.1789523754177
1667,7379.109999999873,7296.621181114494,723.238083360943,7237.627776046524,694.495212967025
1668,7420.069999999873,7337.30952678141,727.269248559309,7277.968700382883,697.811473982559
1669,7461.029999999873,7377.997811144401,731.3004136476898,7318.309624739396,701.1277354659968
1670,7501.989999999873,7418.686034876547,735.3315787595338,7358.650549084949,704.4439973753947
1671,7542.949999999873,7459.374198639895,739.3627434137128,7398.991473417682,707.7602594184157
1672,7583.909999999873,7500.062303085723,743.3939077944852,7439.332397740397,711.0765214406566
1673,7624.8699999998735,7540.750348854761,747.4250724086053,7479.6733220403785,714.3927835100912
1674,7665.8299999998735,7581.438336577415,751.4562374113945,7520.0142463406955,717.70904584726
1675,7706.7899999998735,7622.126266873979,755.4874028853941,7560.35517063068,721.025308314475
1676,7747.749999999874,7662.81414035486,759.5185687041251,7600.696094918246,724.3415707669893
1677,7788.709999999874,7703.50195762078,763.5497346050985,7641.037019190723,727.6578332833784
1678,7829.669999999874,7744.189719262986,767.5809002035833,7681.3779434402195,730.9740959060252
1679,7870.629999999874,7784.8774258634485,771.612065511363,7721.718867651074,734.2903586183038
1680,7911.589999999874,7825.565077995061,775.6432307628432,7762.059791842604,737.606621385197
1681,7952.549999999874,7866.252676221814,779.6743956650695,7802.400716050364,740.9228839779363
1682,7993.509999999874,7906.9402210989765,783.7055597098072,7842.741640248039,744.2391463951549
1683,8034.469999999874,7947.627713173306,787.7367235409853,7883.08256445788,747.5554088570168
1684,8075.429999999874,7988.315152983181,791.7678873416727,7923.423488670318,750.8716712452853
1685,8116.389999999874,8029.002541058799,795.7990510192594,7963.764412901862,754.1879336578315
1686,8157.349999999874,8069.689877922318,799.830215077062,8004.105337101762,757.5041959329149
1687,8198.309999999874,8110.377164088037,803.861378991095,8044.446261240727,760.8204584208275
1688,8239.269999999873,8151.064400062547,807.8925424224637,8084.787185361995,764.1367212959116
1689,8280.229999999872,8191.751586344887,811.9237056280306,8125.1281094615115,767.452984301151
1690,8321.189999999871,8232.438723426687,815.954868721448,8165.46903350718,770.7692474725856
1691,8362.14999999987,8273.125811792324,819.9860315494119,8205.809957539019,774.0855108570979
1692,8403.10999999987,8313.812851919052,824.0171944112681,8246.150881541,777.4017741501715
1693,8444.069999999869,8354.49984427715,828.0483574000816,8286.49180552576,780.7180372041082
1694,8485.029999999868,8395.186789330062,832.0795205709708,8326.832729531303,784.0343003254521
1695,8525.989999999867,8435.873687534504,836.1106837890312,8367.173653540001,787.3505633149807
1696,8566.949999999866,8476.560539340619,840.1418471451378,8407.514577530535,790.6668261318569
1697,8607.909999999865,8517.247345192085,844.1730104848973,8447.855501487753,793.9830887500829
1698,8648.869999999864,8557.934105526263,848.204173917901,8488.196425437596,797.2993512004758
1699,8689.829999999864,8598.62082077429,852.2353374215983,8528.53734938219,800.6156135922336
1700,8730.789999999863,8639.307491361207,856.2665009772794,8568.878273300894,803.9318757944808
1701,8771.749999999862,8679.994117706085,860.2976645647389,8609.219197216587,807.2481384143878
1702,8812.70999999986,8720.68070022211,864.3288281640025,8649.560121142493,810.564401055309
1703,8853.66999999986,8761.36723931671,868.3599917555664,8689.901045082392,813.8806635024167
1704,8894.62999999986,8802.053735391659,872.3911553203573,8730.24196902682,817.1969254482203
1705,8935.589999999858,8842.740188843187,876.4223188479417,8770.582892975617,820.5131875272305
1706,8976.549999999857,8883.426600062081,880.4534823372667,8810.923816958768,823.8294502745189
1707,9017.509999999857,8924.11296943376,884.4846457407423,8851.26474092731,827.1457133369192
1708,9058.469999999856,8964.799297338404,888.5158093642191,8891.605664857254,830.4619771221735
1709,9099.429999999855,9005.485584151033,892.5469730384644,8931.946588778557,833.7782413558808
1710,9140.389999999854,9046.171830241594,896.578136896466,8972.287512697509,837.0945053962024
1711,9181.349999999853,9086.85803597507,900.6093008376122,9012.628436624973,840.4107689888667
1712,9222.309999999852,9127.544201711564,904.6404649228346,9052.969360546593,843.72703272622
1713,9263.269999999851,9168.230327806366,908.6716288239458,9093.310284465177,847.0432962850707
1714,9304.22999999985,9208.916414610063,912.7027925248781,9133.65120840732,850.3595591683323
1715,9345.18999999985,9249.602462468622,916.7339560095079,9173.992132372197,853.6758222015699
1716,9386.149999999849,9290.288471723454,920.7651196863865,9214.333056365014,856.9920855784411
1717,9427.109999999848,9330.974442711498,924.7962837359574,9254.673980359108,860.3083491713398
1718,9468.069999999847,9371.660375765294,928.8274478135417,9295.014904360565,863.6246128310783
1719,9509.029999999846,9412.346271213073,932.8586116470979,9335.355828371465,866.9408765990421
1720,9549.989999999845,9453.032129378831,936.88977576058,9375.69675240477,870.2571404084048
1721,9590.949999999844,9493.717950582382,940.9209399745067,9416.03767642329,873.5734043350385
1722,9631.909999999843,9534.403735139445,944.9521040732709,9456.37860041124,876.8896681905052
1723,9672.869999999843,9575.08948336172,948.9832683406318,9496.719524361864,880.2059322439997
1724,9713.829999999842,9615.77519555695,953.0144325440971,9537.060448324615,883.5221964912828
1725,9754.78999999984,9656.46087202898,957.045597030206,9577.401372325481,886.8384609499357
1726,9795.74999999984,9697.146513077827,961.0767614166402,9617.742296351431,890.1547258028545
1727,9836.709999999839,9737.832118999739,965.1079258143895,9658.083220389086,893.4709908675891
1728,9877.669999999838,9778.517690087267,969.1390904086988,9698.424144407894,896.7872560245615
1729,9918.629999999837,9819.203226629317,973.1702547716087,9738.765068427825,900.1035211259009
1730,9959.589999999836,9859.888728911232,977.2014191511731,9779.105992439147,903.4197864804322
1731,10000.549999999836,9900.574197214819,981.2325835666012,9819.446916427496,906.7360518703375
1732,10041.509999999835,9941.259631818428,985.263748086871,9859.787840413515,910.0523169108699
1733,10082.469999999834,9981.945032997004,989.2949125012324,9900.128764376315,913.3685819321677
1734,10123.429999999833,10022.630401022147,993.3260771837774,9940.469688303157,916.6848472783446
1735,10164.389999999832,10063.315736162147,997.357241895963,9980.810612208454,920.0011126570807
1736,10205.349999999831,10104.001038682056,1001.3884064938006,10021.15153607592,923.3173780588446
1737,10246.30999999983,10144.686308843735,1005.4195707252015,10061.49245993302,926.6336435992781
1738,10287.26999999983,10185.371546905912,1009.4507347296891,10101.833383787305,929.9499090870459
1739,10328.229999999829,10226.056753124218,1013.4818987203302,10142.174307638754,933.2661745543276
1740,10369.189999999828,10266.741927751244,1017.5130630329718,10182.515231451373,936.5824402164099
1741,10410.149999999827,10307.427071036584,1021.544227393919,10222.85615524553,939.8987058323196
1742,10451.109999999826,10348.112183226885,1025.5753917484576,10263.197078991963,943.2149713651962
1743,10492.069999999825,10388.79726456591,1029.6065563646246,10303.538002753712,946.5312370995973
1744,10533.029999999824,10429.482315294554,1033.6377211051463,10343.878926529791,949.8475029462584
1745,10573.989999999823,10470.167335650893,1037.6688858913437,10384.219850307089,953.1637685223694
1746,10614.949999999822,10510.85232587025,1041.7000504932373,10424.560774105501,956.4800337789165
1747,10655.909999999822,10551.53728618522,1045.7312150156677,10464.901697887686,959.7962991442001
1748,10696.86999999982,10592.222216825714,1049.762379479302,10505.24262167969,963.1125647166597
1749,10737.82999999982,10632.907118019006,1053.793543773762,10545.583545465543,966.4288304359466
1750,10778.789999999819,10673.591989989762,1057.8247081657337,10585.92446922341,969.7450963634545
1751,10819.749999999818,10714.276832960102,1061.855872736405,10626.265392999096,973.0613624858366
1752,10860.709999999817,10754.961647149605,1065.88703741957,10666.606316778625,976.3776284924373
1753,10901.669999999816,10795.646432775371,1069.918202064428,10706.947240562777,979.6938944056327
1754,10942.629999999815,10836.331190052055,1073.9493665594753,10747.288164329571,983.0101601216005
1755,10983.589999999815,10877.015919191903,1077.980531280878,10787.629088090307,986.3264258781526
1756,11024.549999999814,10917.700620404792,1082.0116962390719,10827.97001186483,989.642691764868
1757,11065.509999999813,10958.385293898255,1086.0428614372702,10868.31093566662,992.9589576174166
1758,11106.469999999812,10999.069939877505,1090.0740262436352,10908.651859468579,996.275223456185
1759,11147.429999999811,11039.754558545501,1094.1051906841647,10948.992783286018,999.591489205951
1760,11188.38999999981,11080.439150102966,1098.136354862164,10989.333707118958,1002.907754925438
1761,11229.34999999981,11121.123714748412,1102.1675189977555,11029.674630974521,1006.2240207201385
1762,11270.309999999808,11161.808252678184,1106.1986833283509,11070.015554836798,1009.5402865721362
1763,11311.269999999808,11202.49276408648,1110.2298479281085,11110.35647869212,1012.8565524336583
1764,11352.229999999807,11243.1772491654,1114.2610128354884,11150.697402575852,1016.1728183723521
1765,11393.189999999806,11283.861708104941,1118.292177345073,11191.03832642605,1019.4890843982093
1766,11434.149999999805,11324.546141093071,1122.3233418518582,11231.379250266855,1022.8053504126655
1767,11475.109999999804,11365.230548315729,1126.3545062077105,11271.720174099479,1026.1216164012578
1768,11516.069999999803,11405.914929956873,1130.3856703327874,11312.061097945765,1029.4378826013453
1769,11557.029999999802,11446.59928619849,1134.4168343074855,11352.402021800248,1032.7541489113287
1770,11597.989999999802,11487.283617220633,1138.4479984929587,11392.742945645878,1036.0704152290464
1771,11638.9499999998,11527.967923201448,1142.4791627210295,11433.083869498223,1039.386681724023
1772,11679.9099999998,11568.652204317199,1146.510326833433,11473.424793334856,1042.702948365312
1773,11720.869999999799,11609.336460742297,1150.5414909265955,11513.765717164937,1046.0192149954898
1774,11761.829999999798,11650.020692649321,1154.5726546499122,11554.106640994869,1049.3354819094895
1775,11802.789999999797,11690.70490020905,1158.6038181316324,11594.447564804257,1052.6517487612532
1776,11843.749999999796,11731.389083590491,1162.6349818469846,11634.788488610837,1055.9680155029996
1777,11884.709999999795,11772.073242960885,1166.6661456692882,11675.129412399132,1059.284282017191
1778,11925.669999999795,11812.757378485749,1170.697309299965,11715.470336189217,1062.600548365331
1779,11966.629999999794,11853.441490328898,1174.7284729422713,11755.81125996389,1065.9168146380937
1780,12007.589999999793,11894.125578652465,1178.7596366225516,11796.152183748698,1069.2330808919967
1781,12048.549999999792,11934.809643616922,1182.7908003266932,11836.49310754051,1072.5493470361462
1782,12089.509999999791,11975.493685381101,1186.8219638224527,11876.834031346054,1075.8656132785807
1783,12130.46999999979,12016.177704102225,1190.8531273022345,11917.174955142329,1079.1818795976703
1784,12171.42999999979,12056.861699935918,1194.8842909486798,11957.515878915907,1082.4981457423103
1785,12212.389999999788,12097.545673036237,1198.9154545982508,11997.856802662045,1085.8144117355791
1786,12253.349999999788,12138.229623555686,1202.946617890298,12038.197726412842,1089.1306780051739
1787,12294.309999999787,12178.913551645246,1206.977780951826,12078.538650166875,1092.4469445774857
1788,12335.269999999786,12219.597457454383,1211.0089438472883,12118.879573905351,1095.763211218289
1789,12376.229999999785,12260.281341131078,1215.0401068159817,12159.220497647271,1099.0794778795946
1790,12417.189999999784,12300.96520282184,1219.071269744689,12199.561421378152,1102.3957448598467
1791,12458.149999999783,12341.649042671725,1223.1024325896121,12239.902345099625,1105.7120117704883
1792,12499.109999999782,12382.332860824363,1227.133595308394,12280.243268834756,1109.0282787396739
1793,12540.069999999781,12423.016657421973,1231.1647578276613,12320.584192587237,1112.3445458235385
1794,12581.02999999978,12463.700432605381,1235.1959201410057,12360.92511636263,1115.6608132839522
1795,12621.98999999978,12504.38418651403,1239.2270823818512,12401.26604014564,1118.9770806423414
1796,12662.949999999779,12545.067919286006,1243.2582440796607,12441.606963917262,1122.2933482637295
1797,12703.909999999778,12585.751631058058,1247.2894054043904,12481.947887662003,1125.6096159489919
1798,12744.869999999777,12626.435321965613,1251.320566434995,12522.2888113845,1128.9258835580308
1799,12785.829999999776,12667.118992142794,1255.3517273653647,12562.629735115805,1132.2421507687243
1800,12826.789999999775,12707.802641722436,1259.3828882890964,12602.970658851083,1135.558417756414
1801,12867.749999999774,12748.486270836102,1263.4140493806717,12643.311582602213,1138.8746848257676
1802,12908.709999999774,12789.169879614094,1267.4452105274693,12683.652506370536,1142.1909518629784
1803,12949.669999999773,12829.853468185474,1271.4763716172035,12723.993430165885,1145.5072188096874
1804,12990.629999999772,12870.53703667808,1275.5075325411656,12764.334353956572,1148.8234858375897
1805,13031.589999999771,12911.22058521854,1279.5386933891264,12804.675277742735,1152.1397528783978
1806,13072.54999999977,12951.904113932287,1283.569854257884,12845.016201532977,1155.4560197946385
1807,13113.50999999977,12992.58762294358,1287.6010152350896,12885.357125324057,1158.7722869508077
1808,13154.469999999768,13033.271112375509,1291.6321762064467,12925.698049113376,1162.0885540892277
1809,13195.429999999767,13073.954582350018,1295.663337156784,12966.038972903307,1165.404821305318
1810,13236.389999999767,13114.63803298791,1299.6944981437948,13006.379896694836,1168.7210887094782
1811,13277.349999999766,13155.321464408871,1303.7256590456773,13046.720820514283,1172.037356310726
1812,13318.309999999765,13196.004876731482,1307.7568198823444,13087.061744362043,1175.3536241209167
1813,13359.269999999764,13236.688270073217,1311.7879807578809,13127.402668218132,1178.6698920924755
1814,13400.229999999763,13277.371644550482,1315.8191416619031,13167.743592084604,1181.9861600276222
1815,13441.189999999762,13318.055000278611,1319.8503026090448,13208.084515941353,1185.3024279278486
1816,13482.149999999761,13358.738337371884,1323.8814636151733,13248.42543978801,1188.618696034488
1817,13523.10999999976,13399.421655943539,1327.9126246814308,13288.76636363833,1191.9349642100615
1818,13564.06999999976,13440.104956105786,1331.9437858372257,13329.107287487626,1195.2512324057227
1819,13605.029999999759,13480.788237969815,1335.9749470355466,13369.448211339408,1198.5675007158165
1820,13645.989999999758,13521.471501645812,1340.0061080802448,13409.789135192907,1201.8837689086224
1821,13686.949999999757,13562.154747242974,1344.0372690437828,13450.130059033709,1205.200036841464
1822,13727.909999999756,13602.837974869517,1348.0684300583086,13490.470982867877,1208.5163046541838
1823,13768.869999999755,13643.521184632691,1352.09959133215,13530.811906694817,1211.832572394724
1824,13809.829999999754,13684.204376638785,1356.1307526963562,13571.152830504108,1215.1488401306465
1825,13850.789999999753,13724.88755099314,1360.1619141325357,13611.493754299574,1218.4651076586167
1826,13891.749999999753,13765.570707800169,1364.1930755259698,13651.83467809318,1221.7813749485745
1827,13932.709999999752,13806.253847163356,1368.2242369421967,13692.175601877716,1225.097642405253
1828,13973.66999999975,13846.936969185275,1372.2553982668235,13732.51652564238,1228.413910225728
1829,14014.62999999975,13887.620073967595,1376.2865594785355,13772.857449403155,1231.7301779939742
1830,14055.58999999975,13928.303161611097,1380.3177205528661,13813.198373152894,1235.0464457140197
1831,14096.549999999748,13968.986232215679,1384.348881713824,13853.539296892128,1238.3627136293678
1832,14137.509999999747,14009.66928588037,1388.380042784815,13893.880220623232,1241.678981444404
1833,14178.469999999747,14050.352322703337,1392.411203919008,13934.221144351464,1244.9952491966774
1834,14219.429999999746,14091.035342781892,1396.442364937325,13974.562068063036,1248.3115168686554
1835,14260.389999999745,14131.71834621251,1400.4735257044022,14014.90299177121,1251.6277844379676
1836,14301.349999999744,14172.401333090836,1404.5046862873323,14055.243915470122,1254.944051731335
1837,14342.309999999743,14213.08430351169,1408.5358466983303,14095.584839147945,1258.2603187885827
1838,14383.269999999742,14253.767257569087,1412.5670070944495,14135.9257628115,1261.5765859648047
1839,14424.229999999741,14294.45019535623,1416.598167410109,14176.266686482517,1264.892853287086
1840,14465.18999999974,14335.133116965535,1420.6293277855189,14216.60761017253,1268.2091205237707
1841,14506.14999999974,14375.816022488627,1424.66048829901,14256.94853385307,1271.5253878324802
1842,14547.109999999739,14416.498912016357,1428.6916488965887,14297.289457517596,1274.8416552280173
1843,14588.069999999738,14457.181785638806,1432.722809436816,14337.630381191771,1278.1579224418774
1844,14629.029999999737,14497.864643445304,1436.7539702375807,14377.971304881385,1281.4741897108313
1845,14669.989999999736,14538.547485524423,1440.7851311285062,14418.312228576577,1284.7904570219719
1846,14710.949999999735,14579.230311963991,1444.8162918671353,14458.653152250099,1288.1067241615565
1847,14751.909999999734,14619.91312285111,1448.8474526125894,14498.994075929078,1291.4229914161274
1848,14792.869999999733,14660.595918272158,1452.8786134961256,14539.334999619981,1294.7392588905875
1849,14833.829999999733,14701.278698312783,1456.9097744070143,14579.675923319897,1298.0555262255584
1850,14874.789999999732,14741.961463057933,1460.940935463643,14620.016847020248,1301.3717936622866
1851,14915.74999999973,14782.644212591857,1464.9720965447584,14660.357770728142,1304.6880612496154
1852,14956.70999999973,14823.326946998095,1469.0032576194847,14700.698694432489,1308.0043287939118
1853,14997.669999999729,14864.009666359518,1473.0344189555558,14741.039618126271,1311.3205963894306
1854,15038.629999999728,14904.692370758312,1477.06558046756,14781.380541815017,1314.6368641821916
1855,15079.589999999727,14945.375060275986,1481.0967423291308,14821.721465466951,1317.9531322171997
1856,15120.549999999726,14986.05773499339,1485.1279041533335,14862.06238911297,1321.269400435666
1857,15161.509999999726,15026.740394990715,1489.1590658900614,14902.403312755649,1324.5856689362117
