r,phi
5,0
4.999114581158022,0.00010394145492964856
4.997343856942948,0.0003119348576224815
4.993802862871017,0.0007283641386814146
4.986722696029471,0.0015629966471658956
4.972569678638739,0.0032393899429379227
4.944293159747138,0.006620951918221314
4.9285353562543035,0.00852433204652713
4.912790053478075,0.010439917547156122
4.8813373626155645,0.014308137457099251
4.865824653120728,0.016236726074431856
4.850324542679173,0.018177646035164727
4.819362532196411,0.022096914905126948
4.804090198807412,0.024051165744879723
4.788830564485904,0.02601787623829742
4.758349806992875,0.029989113256611993
4.743313923874877,0.031969403167906404
4.728290840401477,0.033962282303890284
4.698283486992436,0.037986247437965893
4.683480216666098,0.039992959037704834
4.668689847104568,0.042012390683247275
4.639148225483037,0.04608985537950953
4.624573818089817,0.0481233768910045
4.610012413100895,0.05016975050460728
4.580929026089919,0.05430149734434367
4.566579818587737,0.056362222415643974
4.552243715620595,0.05843593286117749
4.523611239532816,0.06262275517457447
4.509483652815626,0.06471108297369436
4.495369273226828,0.06681253061465932
4.4671805521005465,0.0710552326663431
4.45327108993381,0.0731715677197823
4.439374937918903,0.07530115825358549
4.411622981369407,0.07960055489818801
4.397928228649362,0.08174530701045862
4.38424688949936,0.08390345138472417
4.356924869223391,0.08826036788966515
4.3434414912824595,0.09043395188515771
4.329971630684287,0.0926210660341561
4.303072879045856,0.09703633753589039
4.28979762121935,0.09923917291897923
4.2765359848167135,0.10145567741732733
4.250053993951065,0.10593014820919054
4.236983677679388,0.10816265936922721
4.22392708717602,0.11040897963729829
4.197855501199288,0.11494350358158761
4.184987024590383,0.11720611926246617
4.172132378304434,0.11948268502720469
4.146464994397957,0.124078124450117
4.133795329776014,0.12637127768658526
4.121139600186661,0.12867852291494708
4.095870363683797,0.13333574846470903
4.083396555688965,0.1356598764242196
4.070936787532908,0.1379982391609903
4.046059788102332,0.14271812947121165
4.033778954611856,0.14507367274520935
4.0215122657947315,0.14744359439356036
3.997021739233677,0.15222703461165127
3.9849310664431856,0.1546144375611662
3.9728546431240725,0.1570163632305605
3.948744961537207,0.16186424572062866
3.936841706758722,0.1642839553398653
3.924952806133633,0.1667183326938536
3.9012184834559154,0.17163155468420113
3.8894999690583627,0.1740840211493783
3.877795913306686,0.17655130095937624
3.8544315932144078,0.18153076566516316
3.842895207944106,0.18401644142506687
3.8313733855376975,0.1865170766480967
3.808373844032051,0.19156369138784915
3.797017039805706,0.19408303113328512
3.785674902301186,0.1966174768794615
3.763035041290861,0.20173215300413722
3.7518553320837493,0.20428561319495128
3.7406903930049227,0.20685432624726185
3.7184052380535224,0.21203797815784994
3.7074001975050854,0.2146260168111441
3.6964100299460414,0.21722945540970562
3.674474725470819,0.22248300011378766
3.663641985821627,0.2251060762784521
3.652824221377765,0.22774469958745036
3.6312340284937648,0.23306905561008345
3.620571278440152,0.23572762906753916
3.6099236050597505,0.2384018968712559
3.5886738972737793,0.24379798363281022
3.578178878606658,0.24649251491206936
3.5676990372303643,0.24920288762906107
3.5467852937221758,0.25467162547105054
3.536455801413597,0.2574025750083212
3.5261415860521192,0.2601495128401506
3.505559391803037,0.26569182128976687
3.4953932693358616,0.2684596497924712
3.4852425224046444,0.27124361309124717
3.464987558882305,0.2768604116073502
3.4549826967772486,0.27966557964761657
3.444993307619882,0.28248702850397905
3.4250613498142126,0.28817923563650844
3.4152156834021583,0.2910222034479286
3.4053855860615516,0.2938815974848542
3.3857724980238584,0.2996501304536737
3.3760840048876144,0.30253135785114005
3.3664111755481145,0.305429156142382
3.3471129052766386,0.3112749306701431
3.3375796025387228,0.3141948770642237
3.3280620568153854,0.31713153814847356
3.3090746308385897,0.3230554684885329
3.2996945726261213,0.32601459290704327
3.2903303630312184,0.3289905748094399
3.2716498813459567,0.334993573788941
3.262421155900522,0.3379923350767275
3.2532083689569773,0.3410080955106692
3.2348309992664337,0.34709107494060126
3.225751725985285,0.35012993207477316
3.2166884792726176,0.353185928760486
3.198610451092844,0.35934980008323353
3.1896787772445525,0.3624292127098635
3.180763216121489,0.365525903916882
3.1629808142479994,0.37177157930903093
3.154194913250567,0.37489200786596005
3.1454252091355976,0.37802985253695875
3.1279347702121236,0.3843582451603471
3.1192928388363135,0.3875201514543514
3.1106671864181403,0.3906996097884149
3.0934650933793573,0.3971116349754981
3.0849653493213167,0.4003154827589314
3.0764819641383356,0.40353701679413967
3.0595646413898745,0.41003359323148697
3.051205318555618,0.4132798498012495
3.042862432297368,0.41654392503065474
3.0262263363703865,0.42312597804283314
3.0180056857696096,0.42641511389467834
3.009801547167213,0.4297221989157852
2.9934431684892213,0.4363906597498925
2.9853594524471423,0.4397231509301214
2.9772923215088585,0.4430737198212405
2.961208172946938,0.4498295304747435
2.9532596664165607,0.4532058583336615
2.9453278157368956,0.4566003904030448
2.929514435206488,0.4634445031091242
2.921699420033726,0.4668651570744754
2.9139011290851133,0.4703041396619577
2.8983550682140318,0.4772375225786235
2.890671834273012,0.48070300029934326
2.883005390540707,0.48418692891911114
2.8677232169377826,0.49121056641189675
2.8601700591499077,0.4947213757859511
2.852633755168697,0.4982507561733011
2.8376120465507406,0.5053656529663301
2.8301872635849126,0.508922313669969
2.8227793956511564,0.5124976633233485
2.808014737302906,0.519704847622307
2.8007166311248635,0.5233078924124258
2.7934354988547074,0.526929741905527
2.778924482772141,0.5342302680514405
2.7717513562794633,0.5378802451810114
2.7645952602624257,0.5415491405988846
2.7503344805161802,0.5489440940030852
2.743284639973773,0.5526415674367858
2.7362518842051795,0.5563580705883727
2.7222379417961355,0.5638485681481673
2.7153096932103273,0.5675941209611092
2.7083985814914135,0.5713588128073032
2.694628077229551,0.5789460098509782
2.687819727512914,0.5827402454331942
2.6810285646199326,0.5865537272967725
2.667498101475371,0.5942388200198538
2.660807960018955,0.5980823630855818
2.654135053277335,0.6019452576633713
2.640841239534319,0.609729485161562
2.634267616278708,0.6136229848349404
2.6277112736539676,0.617535939306642
2.6146507191526025,0.6254205898633839
2.608191927108183,0.6293647204125251
2.601750459723762,0.6333284071730755
2.5889197808880633,0.6413148197188696
2.5825741362157304,0.6453102827362408
2.5762458584435097,0.649325401588329
2.5636416784918716,0.6574149701222911
2.557407502085464,0.6614624959008285
2.5511907331299795,0.6655297754342053
2.5388096852487316,0.6737239517920852
2.532685303695149,0.6778243011241635
2.526578368558443,0.6819445005212005
2.5144170978455582,0.6902447980061504
2.5084008454585693,0.6943987633146743
2.5024020769722397,0.6985726734807253
2.4904572444957953,0.7069806691214889
2.4845474636157205,0.7111890767684187
2.4786552027481537,0.7154175226502493
2.4669234861833074,0.7239348618676527
2.4611185314052104,0.728198571722491
2.4553311314736517,0.7324824118596432
2.4438092334777317,0.7411108075171636
2.438107471575382,0.7454307154187639
2.4324232981777434,0.7497708444155446
2.4211079462772367,0.758512081793731
2.4155077592652856,0.7628891197366309
2.4099251933306682,0.7672864684362802
2.3988131459867437,0.7761424055439381
2.3933129332638527,0.7805775423422835
2.3878303731879247,0.7850330784830529
2.3769184240434673,0.7940056473453387
2.3715166046829528,0.7984998890089038
2.366132468608416,0.8030146175892998
2.355417451017954,0.8121058249453076
2.3501124657174235,0.8166602151335878
2.3448251934740947,0.8212351788562418
2.3343039843548397,0.8304471070155477
2.3290942989237395,0.8350627259307826
2.3239023554945213,0.8396990040711008
2.313571882192982,0.8490338085771709
2.3084559897652928,0.8537117725402337
2.30335786748332,0.8584104805046016
2.2932151121224997,0.8678703891975887
2.2881915360856264,0.872611849216581
2.2831857575405077,0.8773741370847236
2.273227762763982,0.88696144710684
2.268295059597956,0.8917675870261622
2.263380180450243,0.8965946376711652
2.2536040549764516,0.9063117116189869
2.248760817887223,0.9111837449069401
2.243935430468231,0.9160767707431463
2.2343383561892978,0.9259260300436525
2.229583217428131,0.9308651971585675
2.2248459530320277,0.9358254374747408
2.215425189515783,0.9458093569523791
2.210756825096138,0.950816919499244
2.206106358648243,0.9558456345566682
2.1968592523287467,0.9659667304533776
2.1922763848673097,0.9710439662082243
2.1877114377260374,0.9761424322170708
2.1786354273901947,0.9864032520007846
2.1741368304476336,0.9915514472471035
2.169656174690344,0.996720948635448
2.160748799884902,1.0071240553357472
2.1563333016331154,1.0123444965693302
2.1519357636684475,1.0175863176197733
2.143194671760205,1.0281342728965863
2.1388611605757237,1.03342823471221
2.1345456266608536,1.0387436473541898
2.1259685836431266,1.049438986799503
2.121716011376137,1.0548077206097193
2.117481430821939,1.0601979730575264
2.109066327534172,1.0710431832298963
2.1048937154436174,1.0764879006996753
2.100739106457293,1.0819542007711
2.092483969993921,1.0929516854859067
2.088390413265118,1.0984735411662672
2.0843148673792697,1.1040170388036579
2.0762178696837874,1.115169083839098
2.072202543039524,1.1207691535948685
2.068205230617324,1.1263909191581607
2.0602646991767997,1.137699648439184
2.056326861237506,1.1433789063698934
2.0524070357293804,1.1490799074242741
2.0446214617799146,1.1605472362011036
2.0407604607033822,1.1663065262884842
2.036917464163236,1.172087599093113
2.0292855133550702,1.1837151764458633
2.025500790480756,1.1895551831361038
2.021734057096188,1.1954170030773894
2.01425457621571,1.2072061523402187
2.0105456700994013,1.2131273664842928
2.006854730100909,1.2190704138520354
1.9995267545172453,1.2310220636782825
1.9958933018841654,1.2370247489758117
1.9922777823953823,1.2430492752689042
1.9851005374575532,1.255163891834537
1.9815422751720049,1.2612480454735737
1.9780019020620214,1.2673540338829092
1.970974806457626,1.279631541389115
1.9674915670569277,1.2857968612826498
1.964026160418226,1.2919839938445574
1.957148816967869,1.304423708583909
1.9537405244935635,1.3106695571460814
1.9503499944174234,1.3169371784354786
1.9436221814651025,1.3295377359381633
1.9402888428537828,1.3358631091089617
1.9369731808166664,1.3422101952439363
1.9303948349963567,1.3549694882361851
1.9271365248894476,1.3613729959024037
1.923895788639989,1.3677981350462096
1.9174669748880104,1.3807132747069937
1.9142838197249812,1.3871931238630655
1.9111181174816003,1.3936944995013605
1.9048389977512075,1.4067617823750957
1.9017311517281,1.413315779617931
1.8986406183542828,1.4198911733111006
1.8925114046211846,1.4331060875924506
1.8894790249527145,1.439731649623751
1.88646379747529,1.4463784518192435
1.8804847035457974,1.459735699913645
1.8775279202492545,1.4664298845696675
1.8745881079943072,1.4731451260648387
1.8687592908337776,1.4866386888164653
1.8658781759649758,1.4933982396216428
1.8630138301906072,1.5001786366114178
1.8573353303773796,1.5138018648804348
1.8545298679197366,1.5206232684890701
1.8517409521320534,1.5274652805447695
1.8462126357654056,1.5412110127727445
1.8434826931085104,1.548090568706572
1.840769054983235,1.5549904690764518
1.8353905588482502,1.5688511735691135
1.8327358626289822,1.5757850702628096
1.8300972102736535,1.5827390224586673
1.8248678956191344,1.5967069521719781
1.8222880133243944,1.6036913449655157
1.8197238972551903,1.6106954812422196
1.8146428148581708,1.6247628321899732
1.812137143197641,1.6317939186209043
1.8096469450175316,1.638844415673659
1.804712813443434,1.6530034795222794
1.8022805743530017,1.6600775664208929
1.7998635029714336,1.6671707127762032
1.7950747016498447,1.6814140124987553
1.792714944213313,1.6885275758480975
1.790370037907044,1.695659831923999
1.7857246116587584,1.7099802425059563
1.7834362213925459,1.7171299718925621
1.781162357127023,1.7242980145208096
1.7766580349062588,1.7386888522047173
1.774439747223678,1.7458716848137907
1.7722356540851907,1.753072441218734
1.7678698757383613,1.767527531400434
1.7657202933023348,1.774740672957779
1.763584569750155,1.781971341593746
1.7593545202111278,1.7964850601729396
1.757272132689926,1.8037259941881203
1.7552032661598826,1.8109840538103035
1.7511059141952299,1.825551344807154
1.7490891185920623,1.8328178337127783
1.747085505645578,1.8401010443053984
1.7431176436072322,1.8547174210772033
1.7411647646749053,1.8620074993804987
1.7392247312120765,1.869313895067572
1.7353830148566127,1.8839754254036092
1.733492324549171,1.8912873875024545
1.7316141450530462,1.8986152641126335
1.7278951314073094,1.91331854460773
1.7260648667510419,1.9206509292449394
1.7242467819557645,1.9279988285174385
1.720646964044769,1.9427409522376458
1.718875343171128,1.9500925247897263
1.7171155759022712,1.9574592164251652
1.713631413853127,1.9722377362957604
1.7119166500381073,1.9796074700540294
1.7102134190741505,1.9869919327739898
1.7068413673069018,2.001804823034874
1.705181681126424,2.009191879782265
1.7035332131916314,2.0165932817021437
1.700269743919556,2.03143889804335
1.6986633730327916,2.0388426110306868
1.6970679124420123,2.046260292460906
1.6939095345477921,2.0611373371017905
1.692354742147698,2.068557193018445
1.6908105591302203,2.0759906482737707
1.6877538344360326,2.090898133100054
1.6862489159441996,2.0983337557448674
1.6847543132308287,2.105782616677003
1.6817958693516164,2.120719829893515
1.680339157389641,2.128170966629453
1.6788924750961736,2.135634988967903
1.6760290149451809,2.150601467441425
1.6746188835499491,2.1580679747019857
1.6732185033123212,2.1655470234558973
1.670446813133352,2.1805425232077913
1.6690816804484605,2.1880243556511956
1.6677260280530835,2.1955183941828698
1.6650429825000161,2.2105428682964963
1.6637213129868018,2.2180400671420255
1.6624088605260146,2.2255491454292446
1.6598114268090887,2.2406027203550627
1.6585317324031195,2.248115404532999
1.6572609993900054,2.255639650262536
1.6547462393823065,2.2707226078380787
1.6535070802457978,2.278250965105747
1.6522766343303454,2.2857905747397567
1.649841705893152,2.3009033341756275
1.648641690621341,2.30844761341615
1.6474501477682315,2.3160028444510186
1.6450923050224817,2.3311459467309477
1.643930090179068,2.338706452842531
1.6427761141842983,2.3462776186708223
1.6404927064887724,2.361451716195245
1.6393669963837787,2.3690288022755595
1.6382492986308377,2.3766162643393183
1.6360377700309705,2.3918221051406996
1.6349473157141632,2.3994161686563578
1.6338646541574358,2.407020332600627
1.6317225413232244,2.4222587526040713
1.6306661397240156,2.4298702299934254
1.6296173180174007,2.437491540251489
1.6275422484679816,2.4527634523941204
1.626518741089108,2.4603928162619995
1.6255026072755794,2.468031753241933
1.6234922967469565,2.483338141822685
1.6225005685853229,2.4909858962693243
1.62151601401132,2.49864297167179
1.6195682642667866,2.5139848829549267
1.6186072424527744,2.521651560719256
1.617653200405947,2.5293273146761015
1.6157658965077069,2.544705851155461
1.6148345488731273,2.552392011364537
1.6139099931506908,2.560087010186213
1.6120811005985183,2.57550332607498
1.6111784343407176,2.5832095513517346
1.6102823779134994,2.590924384632531
1.6085099399733638,2.6063796800671652
1.607635000251171,2.6141065743217156
1.6067664938613682,2.6218418527311114
1.6050486287670036,2.637337369355021
1.6042004972520783,2.645085556243329
1.6033586279679601,2.652841909986825
1.6016935260408778,2.6683789278792895
1.6008713195823059,2.6761490486061867
1.6000552094653793,2.683927125229586
1.5984411304574386,2.6995069585188576
1.5976439996331742,2.7072996710455004
1.5968528042946954,2.7151001346470016
1.5952880745167524,2.7307241299489795
1.5945152023200189,2.738540107433486
1.5937481096113129,2.746363637107563
1.5922311193260261,2.7620331704238854
1.5914817198663591,2.7698730999480037
1.590737948584332,2.7777203885161463
1.5892671494309838,2.7934368627084414
1.5885404666025813,2.8013014448661475
1.5878192651637997,2.809173198471279
1.5863931675239213,2.8249380424678785
1.5856884738728947,2.8328279894047337
1.5849891191843124,2.840724925553544
1.5836062899339327,2.8565395904435973
1.5829228853825403,2.8644556259130587
1.5822446815720395,2.8723784735390834
1.5809037415618963,2.8882444327193535
1.5802409522354088,2.8961872916894977
1.5795832294841223,2.9041367907655964
1.5782828512209066,2.9200555391830147
1.5776400283702712,2.9280259669213278
1.5770021418398983,2.9360028675492535
1.5757410473550642,2.951975919894745
1.5751175663021053,2.959974671312619
1.5744988950850134,2.9679797330727067
1.573275853849883,2.9840086224964373
1.5726711128983621,2.992036462549776
1.5720710589346647,3.0000704549082755
1.5708848857127626,3.0161567338547206
1.570298305247361,3.0242144361657575
1.569716292427594,3.032278137100414
1.5685658454912839,3.0484233745710934
1.5679968669840616,3.0565117217884916
1.5674323401612766,3.064605918155011
1.5663165193329462,3.080811700460692
1.5657646044215692,3.0889314843466322
1.5652170284946108,3.0970569719714414
1.5641347733284876,3.1133249029348513
1.5635994030163358,3.1214769232951394
1.5630682621335816,3.1296345059093555
1.562018550334244,3.145966204744935
1.5614992240561503,3.1541512709323185
1.5609840206874397,3.1623417616823613
1.5599658662722742,3.178738866039419
1.559462101205219,3.18695779543407
1.558962355455353,3.1951820153650248
1.5579748073901016,3.2116461783033454
1.55748613763976,3.2198997972116623
1.557001386440198,3.228158576172116
1.5560435270378443,3.2446914679897874
1.5555695030032843,3.252980610250535
1.555099299479573,3.2612747855015978
1.554170243143504,3.2778780909618965
1.553710430688176,3.2862036003957837
1.553254343337135,3.2945340190681653
1.5523532349340603,3.3112094423361738
1.5519072148362696,3.319572171082024
1.5514648269785776,3.3279396885143653
1.5505908407501572,3.3446889498402976
1.5501582080466416,3.353089758993613
1.5497291171745555,3.361495239375923
1.5488814554452814,3.3783200763966588
1.5484618188291321,3.38675983627852
1.548045636008012,3.395204152925274
1.547223527999106,3.412106321223236
1.546816509257496,3.4205859114431054
1.5464128585668044,3.4290699468598493
1.545615559288063,3.4460512201076576
1.5452207927477686,3.454571530025064
1.5448293107300353,3.4630961763741506
1.544056099888099,3.480158347278302
1.5436732319258464,3.4887202756521485
1.5432935670996728,3.497286434405095
1.5425437481320523,3.5144313140199035
1.542172436653528,3.523035769837846
1.5418042489960393,3.5316443526088257
1.5410771480463457,3.5488737720157637
1.5407170620110688,3.5575216749230045
1.5403600224857397,3.56617360390114
1.5396549874682064,3.583489415083937
1.5393058064615013,3.5921816952305488
1.5389595965925407,3.600877903030034
1.538275996348044,3.6182819785833815
1.5379374101635672,3.627019576652374
1.5376017216208973,3.6357610063434245
1.5369389450943018,3.6532552395435673
1.5366106532858352,3.662039108095719
1.5362851874400925,3.6708267145533076
1.5356426427998482,3.6884130220672002
1.5353243543056732,3.6972441256389916
1.5350088218547884,3.7060788756433776
1.5343859357527143,3.7237591977375604
1.534077368520146,3.732638513404576
1.5337714891162786,3.74152138620758
1.5331677059486382,3.759297687889376
1.532868586647488,3.768226203731119
1.5325720886115382,3.777158189522048
1.5319868699512689,3.7950324574748104
1.5316969335303356,3.8040111760062603
1.5314095534123904,3.812993279348427
1.5308423771417665,3.830967528819375
1.5305613665882762,3.839997465098214
1.5302828489276763,3.8490307030367443
1.5297332087603954,3.8671069740544097
1.5294608747346803,3.8761891579246126
1.5291909716976608,3.8852745622337195
1.5286583764629582,3.903454924113494
1.5283944770681268,3.9125903986846198
1.528132948218246,3.921729014347675
1.5276169214040722,3.940015562654366
1.5273612218296404,3.9492053873585524
1.527107833774551,3.9583982756290306
1.526607912830474,3.976793138310518
1.526360185153097,3.9860383871753493
1.526114711345788,3.9952866238501685
1.5256304472870479,4.013791957785588
1.5253904701942844,4.023093720647841
1.5251526906588475,4.032398397283581
1.524683647523884,4.051016390723135
1.5244512060480087,4.060375774695426
1.5242209071154336,4.069738000077415
1.5237666614433922,4.088470875587877
1.5235415467654296,4.097889004269878
1.5233185208784736,4.107309903624362
1.5228786613214762,4.12615991651626
1.522660670509081,4.135637932235826
1.5224447159623176,4.1451186494738
1.5220188427720225,4.164088092297194
1.5218077786201905,4.1736271545546915
1.521598699401119,4.183168850716615
1.5211864241121795,4.202260050151718
1.5209820948736534,4.211861339202439
1.5207797003956613,4.221465196043895
1.5203806452992468,4.240680520082063
1.5201828645653133,4.250345234325509
1.519986969548345,4.260012451706187
1.5196007674531566,4.2793543044270415
1.5194093539178177,4.289083663388661
1.519219778154692,4.298815462256815
1.518846071925979,4.318286289805269
1.518660849224274,4.3280815342222505
1.5184774174198763,4.337879156701521
1.5181158596604418,4.357481447464538
1.5179366561959717,4.367343840253529
1.517759197795949,4.377208550612112
1.5174094505070284,4.396944837161348
1.5172360992900322,4.406875664283608
1.5170644483199296,4.416808749800699
1.5167261825826492,4.436681610629295
1.5165585210970998,4.446682180682203
1.5163925160300424,4.456684951240189
1.5160654117425505,4.4766970099492
1.5159032817623597,4.486768657073877
1.515742765336924,4.496842448068069
1.5154265108550806,4.516996379192219
1.5152697583395207,4.527140461812633
1.515114577455358,4.537286632890547
1.5148088693846231,4.557585159377374
1.5146573443060245,4.567803063411366
1.5145073498531716,4.578023001685813
1.5142118927120198,4.598468901327954
1.5140654489744194,4.608762038023173
1.5139204957518348,4.619057155907954
1.513635001808534,4.639653257013905
1.5134934970528604,4.6500230687621125
1.5133534435758427,4.660394809789217
1.513077632469898,4.681144002826289
1.5129409280466541,4.691591957836617
1.5128056365184555,4.702041791327989
1.5125392352007352,4.722947018261477
1.5124071959781027,4.733474617152752
1.5122765321003548,4.744004044815622
1.5120192744608012,4.765068312308408
1.5118917687366047,4.775677087979842
1.5117656016215895,4.786287643777765
1.51151722831469,4.807514022933411
1.511394127757755,4.818205537933765
1.5112723298694841,4.8288987854553485
1.5110325881956588,4.850290406554352
1.5109137676775763,4.86106625986372
1.510796214665627,4.871843799107099
1.5105648582450082,4.893403865183793
1.51045019578688,4.904265690050135
1.510336766432883,4.915129155259116
1.510113555097573,4.9368609377728125
1.5100029317847659,4.947810402190927
1.509893507917604,4.958761462334485
1.5096782075434028,4.9806683021301055
1.509571507391644,4.991707114626062
1.5094659737551015,5.002747479184797
1.509258356001402,5.024832798071723
1.5091554659277269,5.035962703780018
1.5090537101507981,5.047094118822408
1.508853552399351,5.0693614117244
1.508754362093949,5.080584198646106
1.5086562745642245,5.091808453088661
1.5084633596704622,5.1142613005700746
1.5083677615616984,5.125578796585535
1.5082732353899568,5.136897719204877
1.5080873516109363,5.1595397814930415
1.5079952407646133,5.170953858696237
1.5079041716851258,5.182369322464807
1.507725112483229,5.20520434812544
1.5076363865266142,5.2167169252175745
1.5075486728217364,5.228230849697936
1.507376236715535,5.251262680425852
1.5072907957817216,5.262875722981091
1.5072063382264052,5.274490074591828
1.5070403286801393,5.297722645743248
1.5069580753496254,5.30943816687818
1.5068767771532343,5.321154959563637
1.5067170024611718,5.344592301496522
1.5066378416708066,5.356412367584782
1.506559608387098,5.368233668531032
1.5064058814965442,5.391879918040974
1.506329720514963,5.403806645582488
1.5062544600170673,5.415734572085942
1.506106598477016,5.439593966141544
1.5060333468142784,5.451629528404652
1.505960969205434,5.463666254515605
1.5058187949912742,5.487743143549798
1.5057483643558003,5.499889770931632
1.505678781926339,5.512037527814683
1.50554212135398,5.536336376445678
1.505474425603824,5.548596357751308
1.505407552782644,5.560857434964738
1.5052762364120709,5.585382824555518
1.5052111914929867,5.597758511000317
1.5051469447861683,5.610135260499164
1.5050208073003006,5.634891897165716
1.5049583311975776,5.647385704636411
1.50489662914048,5.659880543033842
1.504775509250145,5.684873262168869
1.5047155219443356,5.697487673078533
1.5046562850575154,5.7101030835010675
1.504540025413864,5.735336853485137
1.5044824488313335,5.748074420049274
1.5044255995714433,5.7608129554133125
1.504314046668778,5.786292884169211
1.5042588046369958,5.799156231279812
1.5042042673523355,5.812020517166008
1.504097271439998,5.837751857908479
1.504044289645323,5.850743685922619
1.5039919905338546,5.8637364233647675
1.503889405532929,5.889724580179123
1.5038386114762314,5.902847668739092
1.503788478541508,5.915971638044658
1.503690161957603,5.942222173528989
1.5036414849158435,5.955479384521501
1.5035934479287747,5.96873744823104
1.5034992607761055,5.995256089415765
1.5034526317675974,6.008650369294325
1.5034066222318212,6.022045474503992
1.5033164289642904,6.048838117497261
1.5032717806962843,6.06237250518616
1.503227731796354,6.0759076914524845
1.5031414002056946,6.10298041725203
1.5030986670614932,6.1166580413607745
1.503056513649575,6.13033643791452
1.5029739148375452,6.1576955068337345
1.5029330328247954,6.171519594323174
1.5028927113695847,6.185344428736285
1.5028137196476283,6.2129962977405055
1.5027746263577406,6.22697018092044
1.5027360749042538,6.240944786104123
1.5026605677141849,6.26889612280822
1.5026232023132442,6.28302323587691
1.5025863604732554,6.297151046620506
1.5025142183667617,6.3254087223647595
1.5024785215451746,6.339692612289594
1.5024433304475282,6.353977176142116
1.502374436988741,6.382548287757848
1.5023403509347677,6.396992617985363
1.5023067531989502,6.411437598965557
1.5022409949117228,6.440329476195384
1.5022084632776032,6.454938033856738
1.5021764029801352,6.469547219658901
1.502113669281607,6.498767439569392
1.5020826371643905,6.513544137017186
1.50205205981952,6.5283214405477885
1.5019922429811143,6.5578778306021555
1.5019626568861915,6.57282671490191
1.5019335094097952,6.587776183771562
1.5018765044861113,6.617676840815
1.5018483123061677,6.632802097076919
1.5018205429946498,6.647927916932047
1.5017662477811065,6.678181213854867
1.5017393987622112,6.693487175568055
1.5017129572589292,6.708793680425561
1.5016612722256018,6.739408286833789
1.5016357169447325,6.754899441510174
1.501610554217539,6.770391119401371
1.5015613824643141,6.801376012904681
1.5015370728036652,6.81705701002046
1.5015131411193463,6.832738510932675
1.5014663883251669,6.86410299302808
1.5014432774533164,6.879978648259065
1.5014205303586825,6.8958547883708885
1.5013761047435306,6.92760849291293
1.5013541470810328,6.943683803285625
1.501332539368933,6.959759580118537
1.5012903516270861,6.991912503624155
1.5012695028301588,7.008192652226878
1.5012489905230497,7.0244732493562045
1.5012089537898783,7.057035760426177
1.5011891707252625,7.0735261276252945
1.5011697110502287,7.090016925896644
1.5011317408527156,7.122999787649094
1.501112981574818,7.139705962043704
1.5010945329408218,7.156412550527798
1.501058547152374,7.189826942508225
1.501040770884765,7.206754729097553
1.501023292864117,7.223682913257572
1.5009892116674406,7.257540447773455
1.5009723787760407,7.2746958846328225
1.5009558320778449,7.291851703000714
1.5009235779125856,7.326164458475109
1.5009076498935054,7.343553820799462
1.5008919963512808,7.360943549019174
1.500861493888644,7.395724078076326
1.500846433336799,7.413353902417331
1.50083163587753,7.430984077482481
1.5008028119596433,7.4662454554248425
1.5007885825565725,7.484122546133655
1.5007746051883295,7.501999972830038
1.5007473888029212,7.537755810522506
1.5007339552919947,7.555887261015232
1.5007207630793795,7.574019033186586
1.5006950853113616,7.610283519588948
1.5006824134856076,7.628676719596061
1.5006699725373884,7.647070227393222
1.500645766543571,7.68385814405772
1.5006338232183503,7.7025208080454215
1.5006221006604827,7.721183766348149
1.5005993016166308,7.7585105442644595
1.5005880546182413,7.777450720058549
1.5005770185822669,7.796391177099113
1.5005555636592978,7.834272913940722
1.5005449817986183,7.853499015505961
1.5005346013956466,7.872725385648958
1.500514429708587,7.911178911334099
1.5005044827722895,7.930699725224221
1.5004947280839152,7.95022079541618
1.5004757806728748,7.989263685005888
1.5004664393975577,8.009088407560249
1.5004572814503347,8.02891337452674
1.500439501230448,8.068564022620388
1.5004307372892314,8.08870227811934
1.5004221480411533,8.108840766520194
1.500405479775214,8.149118423565481
1.5003972657590838,8.16958029406749
1.5003892180810174,8.190042386334012
1.5003736083426038,8.230967218301746
1.500365917744695,8.251763269682383
1.500358385404642,8.272559532056347
1.500343782546583,8.314152672518325
1.500336589742409,8.335293993661159
1.5003295473858838,8.356435515385863
1.5003159015014451,8.398719143897566
1.5003091817351755,8.420217373687342
1.500302604871395,8.441715794000688
1.5002898677664067,8.48471319008708
1.500283597134081,8.506580554198843
1.500277462119212,8.5284480991225
1.500265587278667,8.572183715856513
1.5002597427082347,8.594433079547226
1.5002540267256144,8.61668261467847
1.5002429692746264,8.66118218426535
1.500237528514707,8.683827079792739
1.5002322095634173,8.706472137723075
1.5002219262438454,8.751762726336917
1.500216867842875,8.774817418779309
1.5002119247171206,8.797872264914597
1.500202373846985,8.843982404339485
1.5001976771420649,8.867461924598928
1.5001930894198339,8.890941590162255
1.5001842308700994,8.937901343797277
1.5001798759674518,8.961821561136693
1.5001756239911552,8.985741915705777
1.5001674191475463,9.033583023640546
1.5001633869071778,9.057960709013479
1.500159451768321,9.082338523850417
1.5001518635006907,9.131094529524592
1.500148135522706,9.155947414201789
1.5001444990481358,9.180800420879548
1.5001374916827614,9.230506788335562
1.5001340502913751,9.25585364010999
1.5001306950273268,9.281200606717476
1.5001242343151133,9.331894873010796
1.5001210625419603,9.357755587669887
1.5001179717374469,9.383616410284295
1.5001120248209359,9.435338368428443
1.5001091063900762,9.46173406107071
1.5001062639818987,9.488129855074137
1.5001007993652986,9.540921736673917
1.500098118679456,9.567874830016533
1.5000955092783816,9.594828018403481
1.5000904967997584,9.648734670269775
1.5000880389236997,9.676269017728663
1.5000856477979276,9.70380345418625
1.500081058596386,9.758872584496746
1.5000788092419672,9.787013594576276
1.500076622302186,9.815154687873928
1.5000724287880094,9.871437114952563
1.5000703743001487,9.900211877035012
1.500068378085466,9.92898671681389
1.5000645539118669,9.986536620709536
1.5000626812528517,10.015974064803483
1.5000608629151537,10.045411581324933
1.5000573829471329,10.104286823308486
1.500055679681661,10.13441789202178
1.5000540269706681,10.164549028140321
1.500050867255174,10.22481149465075
1.5000493215361588,10.25566932217989
1.5000478227852043,10.286527212332551
1.5000449605226154,10.348243172955469
1.50004356107524,10.379863319044183
1.5000422051854017,10.411483523209203
1.5000396186980112,10.474724098594542
1.500038354806576,10.507144756097277
1.500037131233439,10.539565467357464
1.500034799938741,10.604407044345908
1.5000336614301992,10.637669347382444
1.5000325601675066,10.670931700079956
1.5000304645458251,10.73745654801291
1.5000294417765792,10.77160484345211
1.50002845334295,10.805753184672092
1.5000265749106532,10.87404999835867
1.5000256587518315,10.909132184261804
1.5000247741760457,10.94421441227573
1.5000230954561447,11.01437898887948
1.5000222772776914,11.050446952707421
1.5000214880828775,11.086514955180407
1.5000199925736706,11.158651070634294
1.5000192642313301,11.195761082530996
1.5000185624218532,11.23287112980517
1.5000172345704446,11.307091325377982
1.5000165883902858,11.345304585091672
1.5000159664363455,11.383517877107446
1.5000147916080384,11.459944553246597
1.5000142203726388,11.4993277424852
1.50001367119641,11.538710961136655
1.5000126356468744,11.617477482178806
1.5000121325801161,11.658103482854663
1.5000116495406084,11.698729510234346
1.500010740385768,11.779981640895247
1.5000102991389346,11.821930289136098
1.5000098760180514,11.863878961545948
1.5000090812061189,11.947776374942178
1.5000086958434986,11.991135360046764
1.5000083268316475,12.034494366953753
1.5000076351143437,12.121212442514002
1.5000073000986853,12.166078372977335
1.5000069797802447,12.210944323038737
1.5000063806837771,12.30067627855445
1.5000060908615613,12.34715597655765
1.500005814200187,12.393635692110944
1.5000052979959582,12.486595172716275
1.5000050485836176,12.534807070467544
1.500004810908416,12.58301898387134
1.5000043685852351,12.679442854724865
1.500004155154463,12.729518767392578
1.5000039521453241,12.779594693959758
1.5000035753801413,12.879746586110933
1.5000033938434274,12.931833812052924
1.5000032215165633,12.983921050279958
1.5000029026455535,13.088095561127862
1.5000027492420198,13.1423593062485
1.5000026039357661,13.196623062172538
1.500002335925828,13.305150604180069
1.5000022072064145,13.36177707152859
1.5000020855664262,13.418403548325886
1.5000018619855882,13.53165652821688
1.500001754798645,13.590856510760398
1.500001653763433,13.65005650151934
1.5000014687517496,13.768456505824807
1.500001380228116,13.830469875136766
1.5000012970140695,13.892483251546468
1.5000011452534725,14.01651002398216
1.5000010727913038,14.081611193778809
1.500001004877405,14.146712369665734
1.5000008815607544,14.276914738205953
1.5000008228095794,14.345419533484616
1.5000007679212837,14.41392433395115
1.5000006687195107,14.550933949106845
1.5000006215634971,14.623207791497201
1.5000005776556398,14.695481638273337
1.5000004986823547,14.840029343797003
1.5000004612211955,14.916497835039372
1.5000004264583096,14.992966329961856
1.5000003642284614,15.145903329808696
1.5000003347552537,15.227064384769523
1.5000003074883288,15.308225442798728
1.5000002588678467,15.470547567165356
1.5000002358405289,15.556984488319465
1.5000002145763531,15.643421412024265
1.5000001767135376,15.816295266327883
1.5000001587146712,15.908684523505668
1.5000001420715212,16.001073782815638
1.5000001122940831,16.185852307216447
1.5000000979694736,16.2849359591057
1.500000084607474,16.384019612822318
1.5000000602543098,16.582186925280833
1.5000000482168574,16.688570291914488
1.5000000367256106,16.794953660215278
1.5000000148657482,17.007720401563653
1.5000000035746401,17.120895544322252
1.4999999923293674,17.23407068877941
1.4999999693983062,17.46042098282707
1.499999957148299,17.576095881565404
1.4999999443242669,17.69177078223521
1.499999916256999,17.923120589803133
1.4999999013148297,18.03396728130026
1.4999998851588747,18.14481397509312
1.4999998483933938,18.366507370372158
1.4999998289776983,18.469060263694082
1.499999807761768,18.5716131597915
1.499999759014604,18.776718961389577
1.4999997332983641,18.8711222565923
1.4999997052035183,18.965525555179145
1.4999996408522973,19.1543321637979
1.4999996069220998,19.241606893824915
1.4999995699959743,19.32888162797196
1.4999994860052033,19.503431110119394
1.4999994417901437,19.58456936724426
1.4999993938981389,19.66570762934867
1.4999992857951336,19.82798417019014
1.4999992290112278,19.903811769728673
1.4999991677921467,19.979639375229617
1.4999990306122484,20.131294606019644
1.4999989587239035,20.202485128306392
1.4999988815560477,20.273675657664416
1.4999987097880132,20.41605673971073
1.4999986199799022,20.48316265521491
1.4999985239549458,20.55026857902965
1.49999831149421,20.68448045393238
1.4999982006489607,20.747959609364717
1.4999980825506045,20.81143877448258
1.499997822659211,20.938397136351796
1.4999976873380474,20.99863313799775
1.499997543623138,21.058869150845684
1.4999972288932732,21.17934121297018
1.4999970653182952,21.236658755540233
1.4999968920993636,21.293976310976255
1.4999965144191298,21.408611463525283
1.4999963184566154,21.46328789722742
1.4999961114853364,21.517964345613258
1.4999956620061,21.62731728978211
1.499995429150399,21.679591484196564
1.4999951838015853,21.731865695272447
1.4999946529062422,21.836414171032224
1.499994378263666,21.886493460763905
1.4999940895191866,21.936572769301076
1.4999934667900658,22.036731446703946
1.4999931450632809,22.084796989770016
1.4999928074965039,22.132862553958315
1.4999920816843895,22.228993749912682
1.499991707157208,22.275204767370816
1.4999913149178474,22.321415808446922
1.4999904739118488,22.413837965973755
1.4999900404330813,22.45833527871446
1.4999895872309976,22.502832617754283
1.4999886180259694,22.59182737957231
1.499988118994833,22.634736078784208
1.4999875980855353,22.67764480716808
1.4999864867533808,22.763462356623716
1.4999859151035295,22.80489415303855
1.499985319272155,22.846325981696314
1.4999840509296105,22.929189741254177
1.4999833991141855,22.969244796616678
1.4999827206605905,23.0092998874975
1.4999812794395433,23.089410181679874
1.4999805394160204,23.128178661965126
1.4999797701396425,23.166947181254855
1.4999781391568967,23.24448434307631
1.4999773023718692,23.282047722831802
1.499976433556516,23.319611145295017
1.4999745948833823,23.394738124946564
1.49997365225696,23.431170298386686
1.499972674655179,23.467602518461227
1.499970609286125,23.540467105499484
1.4999695511974536,23.57583527921768
1.4999684550161143,23.61120350372672
1.499966142840123,23.681940112497784
1.4999649591120348,23.71630560826265
1.499963733996963,23.750671159210814
1.4999611537667437,23.819402434442623
1.4999598336504352,23.85282136913228
1.4999584686710798,23.88624036364005
1.4999555979723718,23.953078540311196
1.4999541301330457,23.985602386396913
1.4999526137681738,24.01812629718417
1.4999494289913062,24.083174321490777
1.4999478014927945,24.11485042119292
1.499946121615095,24.146526590734915
1.4999425979241183,24.20987914840269
1.4999407982138755,24.24075114811623
1.499938942074953,24.27162322306911
1.4999350533776397,24.333367608204355
1.4999330682719048,24.363475834510286
1.4999310224874565,24.393584141722457
1.4999267414056954,24.453801008834795
1.4999245570750415,24.48318279363383
1.4999223076104398,24.512564665279665
1.4999176054515027,24.57132867954925
1.4999152074061013,24.600018652319946
1.499912739561668,24.628708718157835
1.499907586288787,24.68608913995151
1.4999049593634215,24.71411948800433
1.4999022577594332,24.74214993563081
1.4998966219617866,24.79821114101029
1.499893750300621,24.82561184037611
1.4998907988620567,24.853012646114355
1.4998846477242012,24.907814588613384
1.4998815147677063,24.93461358833732
1.4998782967112758,24.96141270153087
1.4998715959875133,25.01501128074225
1.4998681844570363,25.04123469229494
1.499864682275705,25.067458224719005
1.499857396258994,25.11990566511736
1.4998536881419315,25.14557792316516
1.4998498835900875,25.171250309796875
1.499841975082359,25.222595482279218
1.4998379516193958,25.247739474959218
1.4998338257001889,25.27288360425249
1.4998252559873353,25.323172286687477
1.4998208976566445,25.347809494821217
1.4998164306061184,25.372446847920536
1.4998071594260372,25.42172200357643
1.4998024459310952,25.44587260312218
1.4997976172061183,25.47002335631474
1.4997876027249455,25.518325338763134
1.4997825129782112,25.54200831742601
1.4997773012400566,25.565691458751992
1.4997665000190097,25.613058245088798
1.499761012128383,25.63629149096294
1.4997553952292335,25.659524908857595
1.4997437621977563,25.705992276987036
1.4997378534556343,25.728792650477917
1.4997318084277933,25.75159320569369
1.4997192968624724,25.79719487817189
1.4997129437282029,25.81957830552168
1.4997064467663843,25.841961924653784
1.4996930082550026,25.886729755740657
1.4996861863440705,25.908711286373208
1.4996792127947376,25.930693019204405
1.4996647972154387,25.974657109552556
1.4996574812874512,25.996250976352236
1.4996500056368847,26.017845056131577
1.4996345611345565,26.06103387334342
1.4996267250746318,26.082253566996584
1.4996187209301028,26.103473484781162
1.4996021938780468,26.145914012093385
1.4995938106895899,26.16677231496512
1.499585250772427,26.18763085349641
1.4995675857594015,26.229348657531446
1.499558627548097,26.249857701365514
1.4995494836775674,26.27036699276951
1.4995306234752004,26.31138633893625
1.4995210614383763,26.331557643559265
1.4995113045211705,26.35172920805046
1.4994911900632961,26.39207313795176
1.499480994477421,26.41191765251375
1.4994705944951776,26.431762439635687
1.4994491648529709,26.471452853549348
1.4994383050575952,26.490981000876726
1.4994272310507235,26.510509433855102
1.4994044233999761,26.549567179440604
1.499392867794747,26.568788873002575
1.499381087859846,26.58801086571116
1.4993568374770547,26.626455771939828
1.4993445534975467,26.645380469965573
1.499332034762777,26.664305481043954
1.4993062749744557,26.702156466436374
1.4992932290939232,26.7207931779708
1.4992799377213293,26.73943021687941
1.4992525999104254,26.77670530161313
1.4992387576199315,26.795062628216527
1.4992246587852718,26.81342029693671
1.4991956723498874,26.850136686247595
1.4991809981510353,26.86822284088613
1.4991660560367046,26.88630935281036
1.4991353483765342,26.92248347477234
1.4991198057696888,26.940306306508663
1.4991039835529454,26.958129511131148
1.4990714800457428,26.99377706603734
1.4990550315206221,27.011344080186692
1.499038291364267,27.0289114832594
1.4990039153474684,27.06404748393385
1.4989865223774954,27.081365857694312
1.4989688254244289,27.09868463685691
1.4989324981848997,27.133323439913664
1.498914121211096,27.15040004819267
1.498895427568032,27.167477078799312
1.4988570683089346,27.201632436296727
1.4988376667338652,27.218473865161666
1.4988179354654563,27.235315733731355
1.4987774612950453,27.269000820072126
1.4987569934771943,27.285613380223023
1.4987361826005758,27.30222639791205
1.4986935085218136,27.33545383678741
1.4986719317593677,27.351843585156914
1.4986499982277437,27.36823380935916
1.4986050371048458,27.401015716950283
1.4985823076432623,27.41718845835343
1.498559207354065,27.4333616943493
1.4985118699306508,27.465709682622816
1.4984879429405313,27.48167099478969
1.4984636307128718,27.497632820779376
1.4984138255655401,27.529558047555646
1.4983886551428776,27.54531328756674
1.4983630847181129,27.56106906110513
1.4983107182585764,27.59258224292678
1.4982842574161375,27.6081365601844
1.4982573814492683,27.6236914311525
1.4982023579071697,27.65480286922725
1.498174558578433,27.6701612105401
1.498146328642433,27.68552012622912
1.498088550075223,27.716239716596295
1.4980593630965366,27.731406844032456
1.4980297296641998,27.746574566997165
1.4979690959198526,27.776911836235808
1.497938471036219,27.791892330553065
1.4979073834863699,27.806873442041557
1.4978437922171188,27.83683755412823
1.4978116780732567,27.851635826551735
1.4977790846817556,27.86643473828323
1.4977124313259171,27.89603451814783
1.4976787754621261,27.910654818858948
1.4976446233978202,27.925275781512482
1.4975748011719554,27.954519732015402
1.4975395500326383,27.968966153142706
1.4975037853663273,27.983413259347568
1.4974306852845316,28.01230956725867
1.4973937842052298,28.02658605547542
1.4973563518964799,28.04086325240894
1.497279862743321,28.069419813604135
1.4972412559563815,28.08353017415466
1.4972020998595172,28.097641267568136
1.497122108203016,28.12586569507999
1.4970817388378528,28.13981359838229
1.4970408017023604,28.15376225920345
1.496957191895215,28.181661896425485
1.4969150019737976,28.195450886088594
1.4968722254398015,28.20924065843896
1.4967848796103027,28.236822595160568
1.4967408100620359,28.250456089352504
1.4966961346756973,28.264090391914678
1.496604932760117,28.29136146705349
1.4965589234119876,28.304842768337398
1.4965122886154512,28.318324904191456
1.4964171083372984,28.345291725467142
1.496369097928896,28.358624022431524
1.4963204420757863,28.371957180684664
1.4962211589782666,28.39862612787619
1.4961710851505217,28.411812504640352
1.496120345494417,28.424999769932676
1.4960168329165455,28.451377013891108
1.4959646322306441,28.464420450724685
1.4959117449445336,28.477464803848033
1.4958038740617197,28.50355630773199
1.4957494820155515,28.5164596833667
1.4956943822087154,28.52936400357581
1.4955820220678326,28.55517552747205
1.4955253730880835,28.567941627511242
1.4954679947979472,28.580708700933666
1.4953510123003013,28.606245818677966
1.4952920397434537,28.618877340935395
1.4952323159365932,28.631509865910257
1.495110575839927,28.656777975765
1.495049212033512,28.669277527022377
1.4949870746479124,28.681778110856605
1.4948604396540268,28.70678242901912
1.4947966158869503,28.71915253356955
1.4947319958219933,28.731523701081773
1.4946003265556476,28.756269278773622
1.4945339730919514,28.7685123813701
1.494466800222428,28.78075657783886
1.4943299552601348,28.805248307201254
1.494261001362369,28.817366774459842
1.4941912045623158,28.829486367026096
1.494049040481431,28.853728983923116
1.4939774144105373,28.865725110174438
1.493904921552975,28.877722393693325
1.493757292930708,28.90172048941608
1.4936829219878218,28.913596495197407
1.4936076599874197,28.92547369072917
1.4934544194888024,28.949231708974178
1.4933772300066426,28.960989748387767
1.493299124810703,28.972749010556672
1.4931401231693027,28.996271262145406
1.4930600405602876,29.007913420880843
1.4929790171978152,29.019556835896232
1.4928141033167803,29.04284749481347
1.492731052074471,29.054375795876272
1.4926470346574041,29.065905387261505
1.4924760556112682,29.088968502114053
1.4923899593377246,29.100384907397352
1.4923028710886863,29.111802637560952
1.4921256721800662,29.134642134718447
1.492036453611455,29.145948547065096
1.4919462168896815,29.157256319362457
1.4917626417020986,29.179876007079553
1.4916702227268024,29.191074273377122
1.4915767590463707,29.202273935205362
1.4913866494810624,29.224677509810988
1.4912909512003187,29.23576941902208
1.4911941812918446,29.246862759848966
1.490997377694385,29.269053801799963
1.4908983203997044,29.28004109327623
1.4907981641868882,29.291029852955386
1.4905945052975986,29.31301184347052
1.4904920085508075,29.323896202952735
1.4903883852319166,29.334782067721797
1.490177708353222,29.356558380772306
1.49007169099243,29.367341445390856
1.4899645190459845,29.37812605287236
1.489746660052907,29.399699965184936
1.4896370402281127,29.410383324919124
1.4895262374488611,29.421068265579333
1.4893010308620938,29.44244295955232
1.489187726083844,29.453028157613293
1.4890732096320407,29.463614975144345
1.4888404887183735,29.484793539609658
1.48872341589389,29.495282074327054
1.4886051023317233,29.505772267533185
1.4883646991778134,29.526757701527526
1.4882437746463408,29.53715102832622
1.4881215799735408,29.547546053100223
1.487873325557901,29.568341269817058
1.4877484651295112,29.578640802889485
1.4876223048224588,29.58894207388461
1.4873660290945996,29.609549904016813
1.4872371481011977,29.619757017062128
1.487106937164462,29.629965908430574
1.4868424691495707,29.650389101645303
1.4867094824900586,29.66050512928095
1.4865751355019292,29.670622976084967
1.4863023033930487,29.69086420384444
1.4861651255677049,29.7008904438693
1.4860265567146904,29.71091854434418
1.485745187942065,29.73098040443125
1.4856037331331975,29.7409181167072
1.485460856291713,29.750857731141483
1.4851707776893104,29.770742745415923
1.485024959795658,29.78059315446379
1.4848776885664656,29.790445507795177
1.4845787264409636,29.810156127385408
1.48442845911598,29.819920424506627
1.4842767068625806,29.82968670844352
1.483968687070455,29.849225317989344
1.4838138838029493,29.858904660603255
1.483657563733143,29.868586032960863
1.4833403118465984,29.88795494928194
1.4831808860156224,29.897550462256206
1.4830199112367557,29.907148048286434
1.4826932526552923,29.926349523040788
1.4825291175726987,29.935862300752067
1.482363401134313,29.945377195204177
1.4820271611702869,29.964413419009087
1.4818582301577206,29.973844525333558
1.4816876851292788,29.98327779244365
1.4813416891655888,30.00215089485177
1.4811678756207811,30.011501363998885
1.4809924151584453,30.020854038323066
1.4806364887835441,30.039566089486822
1.4804577062370208,30.04883692741805
1.4802772436406253,30.05811001525083
1.4799112127632625,30.07666302875819
1.4797273749363018,30.08585521449917
1.479541823707578,30.09504969518525
1.479165514674047,30.11344563068234
1.4789765355790607,30.122560115560148
1.478785809523048,30.131676940730358
1.4783990493231352,30.149917702389114
1.4782048433115753,30.15895541208527
1.4780088565845253,30.16799550770956
1.4776114729473002,30.186082948333826
1.4774119548013778,30.195044782783985
1.4772106220032641,30.204009049070105
1.4768024435844953,30.22194496988981
1.4765975285684128,30.230831805160157
1.4763907647941712,30.239721118430015
1.4759716212788143,30.25750727285392
1.4757612252250185,30.266319961381306
1.4755489461514282,30.27513517431031
1.4751186684292887,30.292773268402136
1.4749027078367087,30.301512638887502
1.474684829821429,30.310254580396894
1.4742432501876634,30.327746272656825
1.4740216422789465,30.336413131758558
1.4737980824177792,30.345082608708754
1.4733450346874803,30.362429513460032
1.473117697513032,30.371024645569577
1.4728883737447989,30.379622442534668
1.4724236934652957,30.396826129469186
1.4721905459612434,30.40535029837017
1.471955377125736,30.413877179297057
1.4714789016924321,30.43093917679376
1.4712398637914834,30.439393125296082
1.4709987697412135,30.447849833137376
1.470510338623798,30.464771627524396
1.4702653313149041,30.473156079057244
1.4700182329747329,30.48154333736435
1.4695176878363163,30.498326376105375
1.469266633293662,30.50664203386282
1.4690134527909242,30.514960545929977
1.468500637751741,30.531606235907667
1.4682434593714475,30.539853785232218
1.467984120072177,30.54810423648071
1.4674588817805532,30.56461394876714
1.467195504326821,30.57279405583235
1.4669299309832573,30.580977112491286
1.4663921189147835,30.597352179703833
1.4661224685815448,30.60546549308452
1.4658505873936785,30.613581803761157
1.4653000539739547,30.62982352320369
1.4650240584848104,30.637870674163324
1.4647457972008437,30.645920870129796
1.4641823980079818,30.662030504363894
1.4638999866785527,30.67001210825058
1.4636152746571294,30.677996804839978
1.463038868545832,30.693975584477627
1.46274997246545,30.70189223870626
1.4624587408591616,30.709812033292376
1.461869190333261,30.725661152947946
1.4615737423822694,30.733513439783394
1.4612759241540316,30.741368914565097
1.4606730953964089,30.757089538427866
1.460371030342179,30.76487802534834
1.460066560361628,30.77266974771245
1.4594503234281522,30.78826301027075
1.4591415780748018,30.795988249001436
1.458830393269217,30.80371677055467
1.4582006223942559,30.81918377465481
1.4578851356436118,30.82684630258736
1.4575671750586294,30.834512160576175
1.4569237487757014,30.849853980263056
1.4566014617255398,30.85745432082686
1.456276666623736,30.865058038508227
1.45561946796371,30.88027571976541
1.455290324012755,30.887814382641377
1.4549586379790718,30.895356469495937
1.45428755468232,30.910451030670146
1.4539514996442042,30.917928511825057
1.453612868700456,30.92540946359073
1.452927793447516,30.9403818954567
1.452584775599897,30.947798678621144
1.4522391482534165,30.955218978771633
1.451539978760842,30.970070247491
1.4511899490075193,30.97742680307272
1.4508372764145374,30.98478692172915
1.4501239157654953,30.999517966668378
1.4497668276842803,31.006814753209518
1.449407063697281,31.014115148598307
1.4486794204346882,31.028726885246442
1.4483152303525886,31.035964350142972
1.4479483315954127,31.04320546931532
1.4472063198718939,31.057698790723183
1.4468349870483672,31.064877368775402
1.4464609131009916,31.07205964615569
1.445704453053068,31.08643542002624
1.44532593969672,31.09355553536979
1.4449446531109589,31.10067939468791
1.4441736708874173,31.11493846724482
1.4437879422764268,31.122000533111898
1.4433994086969248,31.12906638716358
1.44261383670253,31.143209582669442
1.4422208612650769,31.150214001915543
1.4418250495097034,31.157222253089145
1.441024826565871,31.17125037489898
1.4406245759646659,31.178197540393196
1.4402214581090704,31.185148581059867
1.43940652962306,31.199062412401112
1.4389989788492565,31.20595270720959
1.4385885303209467,31.212846919906454
1.437758848474514,31.226647224244516
1.4373439759748858,31.233481021247762
1.4369261756810323,31.24031877829429
1.4360816996879515,31.254006298562423
1.4356594873835107,31.260783961873674
1.4352343177286457,31.267565626791217
1.4343750138672995,31.28114108823321
1.4339454472538027,31.287862973131517
1.4335128942405955,31.294588900575977
1.4326387360563435,31.308053010610077
1.4322018043102096,31.314719463397957
1.4317618576457165,31.321389999016862
1.430872826164415,31.33474344694837
1.4304285221906412,31.34135480568688
1.4299811753337515,31.347970286855034
1.4290772591551997,31.361213745349254
1.428625579656618,31.36777034017198
1.4281708298871545,31.37433109630559
1.427252025322827,31.387465222016406
1.426792970922393,31.393967374639395
1.4263308194639739,31.40047372670509
1.4253971307844908,31.41349915929043
1.4249307060224137,31.41994718430552
1.4244611580384552,31.426399446115138
1.4235125974621574,31.439316810830864
1.4230388109303613,31.44571101495619
1.4225618756593001,31.452109492416152
1.4215984636250032,31.464919398611364
1.4211173279408544,31.471260082141672
1.4206330186684784,31.477605074705085
1.4196547837758895,31.490308118731765
1.4191663157311423,31.496595574522306
1.4186746499405076,31.502887374171422
1.4176816292530263,31.51548413734502
1.4171858497714276,31.521718652312437
1.4166868490989086,31.527957545061565
1.4156790880509862,31.54044859667292
1.4151760223752001,31.546630450262377
1.4146697127988945,31.552816714622846
1.4136472655773586,31.56520260886164
1.4131369431649348,31.571332075180404
1.4126233548983205,31.57746598429723
1.4115862842226536,31.589747264534516
1.4110687388802485,31.595824611390142
1.4105479065072364,31.601906432078913
1.4094962839022198,31.6140836289371
1.4089715538156506,31.620109118167036
1.4084435163201212,31.626139111244118
1.4073774221733362,31.63821274325912
1.4068455498776091,31.644186631664038
1.406310350612199,31.650165052881473
1.40522987410783,31.66213562837732
1.4046909065998878,31.668058166942394
1.4041485933993347,31.673985266208255
1.4030538327466742,31.685853281734897
1.4025078215108406,31.691724715856864
1.4019584467169202,31.697600737462864
1.4008495091987117,31.709366678253108
1.4002965100773272,31.71518724953584
1.3997401304071175,31.72101243395601
1.3986171321088652,31.732676777532333
1.398057205533472,31.738446721622434
1.3974938823126575,31.744221303345682
1.3963569485956981,31.755784515176174
1.3957901594478497,31.76150406356107
1.3952199584690919,31.76722827289253
1.394069223679913,31.778690810003237
1.3934956413708872,31.784360189402676
1.3929186329738312,31.790034251854603
1.3917542406049885,31.80139656160976
1.3911739389839586,31.807015995065466
1.3905901979616526,31.81264013244919
1.3894123004592813,31.823902654741985
1.3888253580014727,31.82947235989543
1.38823496379015,31.835046788596774
1.3870437229384907,31.846209952393
1.3864502225213204,31.85173014375743
1.3858532589732784,31.857255077013047
1.3846488454305113,31.868319304916906
1.3840488744194934,31.873790193036044
1.3834454298894814,31.879265840091318
1.382228023361981,31.89023154665888
1.3816216736235563,31.895653337981607
1.381011840981224,31.901079903965766
1.3797816302473052,31.911947495456268
1.3791689980044828,31.917320393569923
1.3785528744878648,31.922698080732125
1.3773100570981953,31.933467957588803
1.376691243156749,31.93879216110144
1.3760689306005973,31.94412116668996
1.37481371334137,31.95479371928908
1.3741888226783574,31.960069425288356
1.3735604270975348,31.965349945016424
1.372293025141671,31.975925560619924
1.3716621673054934,31.981152961011702
1.3710277992991868,31.986385185390223
1.369748437027397,31.996864240793464
1.369111725702325,32.00204352578997
1.3684715000132894,32.00722764362285
1.3671804101165117,32.017610512166854
1.366537963332624,32.022741868227364
1.3658919990591618,32.027878064549235
1.3645894229687356,32.03816511198733
1.3639413629059243,32.04324872312567
1.3632897833034165,32.0483371805127
1.3619759707866206,32.05852876764201
1.3613224238318498,32.06356481462165
1.3606653563703823,32.06860571238599
1.3593405656468158,32.078702193434474
1.3586816623105638,32.08369085408369
1.3580192385902063,32.08868436859014
1.356683736158817,32.098686091854375
1.356019610883725,32.10362754212333
1.3553519664409215,32.108573847849364
1.35400602668593,32.11848115782386
1.3533368180447665,32.12337556986703
1.3526640925522393,32.12827483748252
1.3513079981488425,32.1380880710105
1.3506338484712748,32.14293561553546
1.34995618536067,32.147788014257
1.3485902265078031,32.15750750525611
1.3479112819991308,32.1623083501443
1.3472288285809078,32.16711404635431
1.3458533032445403,32.17674012304969
1.3451697138667376,32.18149443373864
1.344482621209861,32.186253591369294
1.3430978348782843,32.195786577066805
1.342409754206888,32.200494517038514
1.3417181769941757,32.2052072980622
1.3403244423840157,32.21464751213547
1.3396320276660099,32.21930924198643
1.338936124252564,32.22397580548495
1.337533761427319,32.233323561511256
1.33683717328236,32.23793924044895
1.336137105393734,32.242559744114104
1.3347264411508193,32.251815352888194
1.3340258436346661,32.25638513771111
1.3333217764309648,32.260959736823786
1.331903144431949,32.27012350431289
1.3311987049471459,32.27464754944526
1.330490806932829,32.27917639691127
1.3290645475203742,32.288248624330365
1.3283564366207783,32.292727082507106
1.327644879447301,32.297210329544676
1.326211339244719,32.30619131473919
1.32549973053439,32.31062433702663
1.3247846888981971,32.315062133188384
1.323344220602716,32.3239521706817
1.322629290751118,32.328339905769056
1.3219109424090876,32.33273239823298
1.320463904823488,32.341531777807305
1.3197458331846288,32.34587437373689
1.3190243585696733,32.350221709041534
1.3175711158227323,32.358930719223075
1.3168500847380127,32.363228320890705
1.3161256672649724,32.36753064243126
1.3146665894325122,32.37614956546933
1.3139427837422144,32.380402316967036
1.3132156093148473,32.384659767344274
1.3117510714200509,32.3931888839282
1.3110246785339696,32.39739692744596
1.3102949356164553,32.40160964736679
1.308825317775527,32.41004923442314
1.3080965275141294,32.41421271054055
1.307364406970938,32.41838083911138
1.3058900940689313,32.42673117039629
1.3051590984111114,32.430850218867036
1.3044247932526698,32.43497389438121
1.3029461744284705,32.44323524206395
1.3022131675352415,32.447310000997916
1.301476872942099,32.451389360117176
1.2999943416382094,32.45956199314112
1.2992595196805767,32.463592599317195
1.2985214328299686,32.467627777386284
1.297035386441658,32.4757119621037
1.296298947372245,32.479698551556226
1.295559267207961,32.48368968319186
1.2940701066176654,32.4916856845494
1.2933322501943014,32.49562839176037
1.2925911774507852,32.499575610042726
1.2910993070778694,32.50748368996227
1.2903602345626524,32.51138264882066
1.2896179714617244,32.51528608625601
1.288123798648831,32.52310650557005
1.2873837125563095,32.52696185000069
1.2866404625535355,32.53082163915289
1.2851443970538168,32.53855465887527
1.284403501539344,32.54236652013077
1.2836594697160773,32.54618279090803
1.282161924488479,32.55382866679208
1.2814204242833585,32.55759717831616
1.2806758162731622,32.561370062846706
1.2791772053087984,32.56892905517387
1.2784353064393859,32.57265434816989
1.2776903291536836,32.5763839763614
1.2761910689470184,32.58385634103236
1.2754489778314309,32.58753854838628
1.274703838549051,32.59122505185895
1.2732043462552527,32.59861104829068
1.27246227019492,32.60225030139071
1.2717171770582099,32.6058938102906
1.2702178714992276,32.613193695023796
1.269476018018198,32.6167901263804
1.268731179367344,32.620390772006566
1.2672324796854255,32.62760480398154
1.266491056442231,32.63115854693255
1.2657466807269597,32.63471646144248
1.2642490062075769,32.64184490141109
1.263508220662334,32.6453560910103
1.262764516106923,32.648871408311656
1.2612682855024415,32.65591452063006
1.2605283452004388,32.659383291597365
1.2597855200901231,32.66285614529419
1.2582911522012,32.669814193803646
1.2575522640475643,32.673240683287275
1.2568105259980709,32.67667120944966
1.2553184381971434,32.68354446303827
1.25458080844983,32.68692880991669
1.2538403644009992,32.690317146381915
1.2523509726214708,32.69710587758463
1.2516148064069548,32.700448223985724
1.2508758621354212,32.703794511881895
1.2493895798878996,32.71049899994121
1.2486550815066342,32.713799489133244
1.247917841934346,32.717103870766095
1.246435080932984,32.723724397393
1.2457024530137502,32.7269831769288
1.2449671213566977,32.73024579893397
1.243488289799613,32.73678265463727
1.2427577335678168,32.73999987442187
1.2420245116071782,32.74322088582881
1.2405500147274027,32.74967436603112
1.2398217292817952,32.75285018083548
1.2390908166361823,32.75602973558758
1.2376210552326035,32.7624001456856
1.236895237763728,32.76553471346593
1.2361668321101582,32.768672968736574
1.234702202997141,32.77496062072281
1.2339790481533406,32.77805410469333
1.233253344589618,32.781151222964006
1.2317942393107866,32.787356439599264
1.231073938782372,32.790409009280744
1.2303511294093838,32.79346515939244
1.2288979333965722,32.79958827631744
1.228180676218609,32.80260010553151
1.2274609504463354,32.805615460674716
1.2260140436413904,32.811656822376754
1.2253000156951748,32.81462809069817
1.2245835597417538,32.817602829868775
1.2231433155873883,32.8235627926047
1.2224326988820544,32.826493687659955
1.2217196950516802,32.82942799796342
1.2202864790360513,32.83530693438468
1.2195794522792824,32.83819764878555
1.218870079538037,32.84109172236338
1.2174442503619587,32.846890015347505
1.2167409878597901,32.84974075056982
1.2160354207293207,32.852594788487345
1.214617328075081,32.858312838940805
1.2139179999920942,32.861123803565185
1.213216408812927,32.863938014048095
1.2118063938803976,32.8695762373666
1.2111111659661797,32.87234764755567
1.2104137166237308,32.87512224646811
1.2090121115810666,32.880681073495396
1.208321144433541,32.88341315529947
1.2076279976181552,32.88614836845474
1.2062351241119234,32.891628250119105
1.2055485739488088,32.894321235785426
1.204859885933598,32.89701729524627
1.2034760566638136,32.90241869513411
1.202794073933725,32.905072828014326
1.2021099951783931,32.90772997701116
1.2007355110841627,32.91305338123576
1.200058241110216,32.91566891264777
1.1993789169102744,32.9182874024327
1.1980140684852552,32.923533313318664
1.197341650588659,32.92611050539817
1.1966672201952133,32.92869059810228
1.1953122857156993,32.93385953991734
1.1946448543086194,32.936398660882084
1.1939754520293997,32.938940624768165
1.1926306997811278,32.94403313419373
1.1919683826569933,32.94653446441583
1.1913041361379857,32.94903857996341
1.1899698209531848,32.95405521830318
1.1893127399639278,32.956519047201354
1.1886537708723464,32.958985603990946
1.187330135513061,32.963926950915045
1.1866784062185858,32.966353577829224
1.1860248298919245,32.968782875417794
1.1847121043468827,32.97364953071615
1.1840658364473502,32.976039262878736
1.183417762329732,32.97843160876523
1.1821161646993854,32.98322418826153
1.1814754615421157,32.98557734227189
1.1808329926899481,32.9879330533738
1.179542728194036,32.992652191884616
1.178907686433307,32.99496909459061
1.1782709191748288,32.997288498126075
1.1769921794707392,33.00193485122673
1.1763628896336398,33.00421583731459
1.1757319141394813,33.00649926838559
1.174464878477642,33.01107350755654
1.1738414251565412,33.01331891860122
1.173216325634665,33.01556671924061
1.1719611612559298,33.020069529951016
1.1713436224539162,33.022279716552845
1.1707244764930118,33.024492237864045
1.1694813373092878,33.02892432386074
1.16886978358155,33.031099648448716
1.1682566612895464,33.03327725341343
1.1670256861521773,33.03763934234937
1.1664201834972934,33.03978016865721
1.1658131504090488,33.04192322158774
1.1645944689738075,33.04621604385493
1.1639950763955738,33.04832274551139
1.1633941910233934,33.05043162065753
1.1621879188173376,33.05465592665097
1.1615946892103914,33.05672888387816
1.1610000039355726,33.058803962117025
1.1598062441580652,33.062960515588614
1.159219225332341,33.06500011155166
1.1586307874358552,33.067041776728445
1.1574496330387611,33.07113134744131
1.1568688656617612,33.0731379753786
1.156286715257653,33.07514662144973
1.155118244785342,33.079169999504074
1.1545437649264272,33.081144053833484
1.1539679375195777,33.08312007595343
1.1528122202651816,33.0870780539008
1.1522440581494744,33.089019934576875
1.1516745833844888,33.090963733462615
1.1505316768725327,33.09485711505728
1.1499698569710841,33.096767227260244
1.1494067587239643,33.09867920887821
1.1482767088982717,33.10250880844452
1.1477212507408114,33.10438755984973
1.147164547936395,33.10626813267839
1.146047390809148,33.11003476961543
1.1454983098227884,33.11188256767026
1.1449480172779505,33.11373213997052
1.1438437806296826,33.11743663327312
1.1433010860771307,33.1192538922699
1.1427572124305734,33.121072879170406
1.141665911644309,33.124716061637
1.141129608619097,33.126503196074786
1.140592158336225,33.12829201291954
1.1395138004363756,33.13187471780492
1.1389838903385276,33.13363214098909
1.138452864189655,33.1353912019334
1.1373874488060953,33.13891426012929
1.1368639272361074,33.140642391332314
1.1363393201820933,33.142372116515745
1.1352868352962449,33.14583637093372
1.1347696952273516,33.14753562502889
1.134251499605778,33.149236430188616
1.1332119279649682,33.152642714925165
1.1327011577679005,33.15431350913704
1.1321893613099832,33.15598581236981
1.131162676437571,33.15933496626496
1.130658261144281,33.160977716198424
1.130152848244208,33.16262193398133
1.129139016995208,33.16591479263527
1.1286409379561082,33.167529913618786
1.1281418893272217,33.16914646215402
1.1271408711974618,33.17238386062122
1.1266491070670148,33.17397176472995
1.1261564007315346,33.17556105696188
1.125168149849595,33.178743823766816
1.1246826755342008,33.18030492347061
1.1241962857672558,33.181867372739354
1.1232207487708659,33.18499633720071
1.1227415355020667,33.18653104532014
1.1222614329055383,33.188067065316666
1.1212985490911953,33.191143057454546
1.1208255675050625,33.19265177753547
1.1203517220985688,33.19416177265899
1.1194014296385035,33.19718560385797
1.1189346459309837,33.19866874276168
1.1184670232930063,33.20015312073074
1.1175292514745,33.20312560902526
1.1170686296622443,33.20458356990731
1.1166071931994817,33.20604273472594
1.1156818669893027,33.20896469069457
1.11522737018842,33.21039786924004
1.1147720824189833,33.211832217426505
1.1138591250431675,33.21470443662928
1.1134107127615025,33.21611322988674
1.1129615325976183,33.217523159321466
1.1120608600779696,33.22034644003851
1.1116184907551752,33.22173123863687
1.1111753760521466,33.223117140766256
1.1102869023309707,33.22589226836543
1.1098505316909533,33.227253461953616
1.1094134375938938,33.22861572723794
1.1085370712102232,33.23134348509607
1.1081066543542593,33.23268145604122
1.1076755353981673,33.23402046764258
1.1068111837088885,33.23670162449012
1.1063866738262407,33.238016752177344
1.1059614826421507,33.239332890265906
1.1051090492208244,33.241968208819145
1.104690397687835,33.24326086957382
1.1042710851021844,33.244554511249675
1.103430469938599,33.24714474805307
1.1030176269090632,33.24841531355036
1.102604142535848,33.2496868312504
1.1017752432256873,33.252232733482224
1.1013681588541526,33.253481567243185
1.1009604523217935,33.25473132523173
1.1001431665311192,33.257233623669144
1.0997417879377247,33.2584610906358
1.0993398058443653,33.25968945459384
1.0985340251914297,33.262148882834005
1.0981383003023,33.26335533780771
1.0977419900677763,33.264562663254075
1.0969476078618527,33.266979934504306
1.0965574829642488,33.26816572988971
1.0961667903775731,33.26935236993623
1.0953836966907928,33.27172819255872
1.0949991171860949,33.27289367627467
1.094613987160539,33.27405997953399
1.0938420703443814,33.276395052851655
1.0934629807872802,33.277540568431625
1.0930833573994798,33.27868687911768
1.0923225041627127,33.280981893615476
1.0919488492770355,33.282107777360295
1.091574676785437,33.28323443243707
1.0908247742388928,33.2854900640475
1.0904564971572575,33.28659665056002
1.0900877182365971,33.28770398528388
1.0893486503465268,33.28992090649479
1.0889856943456404,33.29100852364672
1.0886222518268558,33.292096866526286
1.087893902908641,33.29427573627963
1.087536212587119,33.29534470192192
1.0871780506379254,33.29641437142432
1.0864603077255297,33.29855582851623
1.0861078237339357,33.29960646644797
1.0857548825746477,33.30065778698887
1.0850476248094094,33.3027624821134
1.0847002895850768,33.303795105090195
1.0843525112384567,33.30482839001968
1.0836556214140471,33.30689695167295
1.0833133785955273,33.30791186341159
1.0829707062991571,33.30892741702189
1.0822840696800706,33.310960455526576
1.0819468601680757,33.31195796258865
1.0816092344250943,33.312956092012975
1.080932730817352,33.31495422336185
1.080600496246999,33.315934624994235
1.0802678583069614,33.31691563003431
1.0796013690457875,33.31887945550639
1.079274050728069,33.319843046961104
1.0789463415255034,33.320807223411336
1.0782897473436435,33.32273733623322
1.0779672884847282,33.32368440241091
1.0776444508634468,33.32463203569433
1.0769976363548779,33.326529008289334
1.076679977984219,33.32745983589599
1.0763619526154704,33.3283912132358
1.0757247980417093,33.33025562161178
1.0754118823536203,33.33117048947606
1.075098611085364,33.33208589020142
1.0744709990971966,33.33391829452755
1.0741627686731272,33.33481747605929
1.0738541937501622,33.33571717406699
1.073236007821424,33.33751812360665
1.0729324044697424,33.338401890331035
1.07262846737066,33.33928615762383
1.0720195894636102,33.34105619782391
1.0717205558117573,33.341924814873714
1.071421198844439,33.34279391704758
1.070821512610823,33.34453358049779
1.0705269900201433,33.34538731281624
1.070232154231829,33.346241515270265
1.069641540818666,33.34795133414437
1.0693514737241683,33.34879043402648
1.0690611032502788,33.34962998949061
1.0684794500247854,33.35131047056082
1.0681937806070918,33.3521351932465
1.0679078173315868,33.35296035739198
1.067335007166984,33.3546120133021
1.0670536795272305,33.3554226050042
1.0667720672660876,33.35623362445871
1.0662079869343861,33.357856949715554
1.0659309434359185,33.35865365830719
1.0656536242711065,33.359450781353786
1.065098157087787,33.36104627375986
1.0648253434854522,33.36182933411818
1.0645522629043216,33.36261279602373
1.0640052990375224,33.36418092728843
1.0637366590732908,33.36495057697242
1.0634677605531766,33.36572061568208
1.062929186159719,33.36726186286019
1.0626646632020138,33.36801833747189
1.062399889852771,33.36877518896536
1.061869590372877,33.370290025155235
1.0616091308151687,33.371033548729656
1.0613484287839863,33.371777437401775
1.0608262957696204,33.37326631247808
1.0605698447986003,33.37399710971122
1.0603131590298926,33.374728260612386
1.0597990816396077,33.3761916257445
1.0595465859937412,33.376909914207815
1.059293862992676,33.37762854525093
1.0587877335336444,33.37906683729408
1.0585391392586763,33.37977283393222
1.058290324842376,33.38047916239689
1.0577920342598315,33.381892816920136
1.057547286762166,33.38258673796665
1.057302326113131,33.383280980414845
1.056811764097335,33.38467043153203
1.0565708113675953,33.3853524834529
1.056329652262727,33.38603484666415
1.0558467137234635,33.38740050887947
1.0556095052758676,33.38807089150694
1.0553720970236329,33.38874157561552
1.0548966799578703,33.39008385010784
1.0546631616983517,33.39074277122574
1.0544294499981088,33.391401984319224
1.0539614451821848,33.392721288179075
1.0537315659329873,33.3933689451364
1.0535014994104994,33.39401688485274
1.0530408035040006,33.395313614226836
1.0528145133016147,33.39595019885753
1.0525880418038218,33.3965870573096
1.0521345539296034,33.39786159726421
1.051911800547892,33.398487305743096
1.0516888716603192,33.399113279383236
1.0512424864221075,33.4003660236592
1.051023220822162,33.400981041235504
1.0508037853273549,33.40159631557606
1.0503644037524413,33.402827635990825
1.050148576910243,33.4034321459981
1.0499325856101598,33.404036904629315
1.0495001087783136,33.40524716913661
1.049287671469122,33.40584135365425
1.0490750749690991,33.40643577890632
1.0486494035792349,33.40762535292217
1.048440306985717,33.40820939112952
1.0482310563034223,33.40879366242553
1.0478120918939744,33.409962905530314
1.0476062888123447,33.4105369704052
1.0474003365855313,33.41111126095714
1.046987983954824,33.41226052028021
1.0467854253362547,33.41282478831419
1.0465827223589974,33.4133892748461
1.046176882622139,33.41451890453552
1.0459775214033584,33.41507354509522
1.045778020462112,33.41562839719609
1.045378598739544,33.41673873709977
1.0451823910143592,33.41728390925678
1.0449860480608255,33.417829286208566
1.0445929558280889,33.418920655523856
1.0443998524286295,33.4194565315151
1.0442066181492167,33.419992605770815
1.0438197563404246,33.421065350054405
1.0436297130416607,33.42159208695672
1.0434395430760102,33.42211901579383
1.0430588225630395,33.423173450204786
1.0428717946630737,33.42369120506369
1.0426846441767248,33.42420914572436
1.0423099748916005,33.425245585339255
1.0421259171504396,33.425754515371025
1.0419417407734957,33.42626362526446
1.041573031585402,33.427282385482414
1.0413918994027802,33.42778264485277
1.041210652409203,33.42828307833157
1.0408478134874928,33.429284468420384
1.0406695655230311,33.42977620106616
1.0404912064539422,33.430268102243204
1.0401341545241927,33.4312524109587
1.039958746277736,33.43173576836287
1.0397832305135464,33.432219288898835
1.039431875977132,33.433186820097234
1.0392592647987957,33.43366194748687
1.039086549575494,33.434137232778674
1.0387408065609267,33.4350882777651
1.0385709517858495,33.435555313803334
1.0384009963296996,33.43602250267618
1.038060782961867,33.436957339588844
1.0378936410094277,33.43741642989588
1.0377264016302579,33.43787566813326
1.037391630199164,33.43879458903058
1.0372271607056507,33.439245869348206
1.0370625969367269,33.43969729284546
1.0367331861989049,33.44060056998025
1.0365713491421138,33.44104417412894
1.0364094208611896,33.441487916855706
1.0360852902711302,33.44237581861627
1.0359260454895944,33.44281187984511
1.0357667124375323,33.44324807519627
1.0354477811830907,33.444120868810984
1.0352910870773784,33.44454952337619
1.035134307557988,33.44497830775247
1.0348204919556878,33.44583626645763
1.034666311831254,33.44625763629804
1.0345120490610045,33.44667913177114
1.0342032752760633,33.44752250010995
1.0340515665273942,33.44793672246542
1.0338997778077477,33.44835106641433
1.0335959601632578,33.449180119563444
1.0334466898503571,33.449587304438865
1.033297342160783,33.44999460698877
1.032998414373406,33.45080956556047
1.0328515409519692,33.451209845657814
1.0327045926607668,33.45161023964153
1.0324104712042206,33.45241136969508
1.0322659574688007,33.45280486509049
1.0321213712897956,33.453198470705
1.0318319813489127,33.453986012997866
1.031689793258496,33.45437283441249
1.0315475350751204,33.454759762492
1.0312628081895039,33.455533939032826
1.0311229053556983,33.45591421374317
1.0309829346997044,33.45629459168394
1.0307027896926924,33.45705565762536
1.0305651377660017,33.45742949577449
1.0304274202159254,33.457803433827415
1.0301517880281394,33.45855160999563
1.0300163522936325,33.45891912205991
1.0298808530640278,33.4592867308071
1.0296096639125079,33.460022238684346
1.0294764096106845,33.46038353461824
1.0293430938732733,33.4607449241173
1.0290762778946287,33.46146798412915
1.0289451685498334,33.4618231779111
1.028813999760373,33.46217846224349
1.028551483659869,33.46288930286255
1.028422485103855,33.46323850160386
1.0282934290293595,33.463587787978085
1.0280351441463498,33.46428662391374
1.0279082238350212,33.46462992974875
1.0277812478697304,33.46497332039177
1.0275271288072751,33.46566035637646
1.0274022545313943,33.46599786998031
1.027277326406244,33.466335465657146
1.0270273084463244,33.46701090349124
1.0269044458212644,33.46734273087791
1.0267815310914599,33.467674637693015
1.0265355451635807,33.468338689857546
1.0264146591826933,33.46866493818148
1.0262937227824658,33.46899126337828
1.0260516985773454,33.46964414462759
1.0259327591583811,33.46996490723659
1.025813770951964,33.47028574424339
1.0255756480371658,33.47092764167613
1.025458621177196,33.471243022008466
1.0253415471063076,33.471558474346885
1.0251072571988624,33.47218959525695
1.0249921153038921,33.47249967900191
1.024876927725732,33.472809832434685
1.0246464153933124,33.473430348568336
1.0245331233629678,33.47373524118517
1.0244197871236773,33.474040201252166
1.0241929818977873,33.474650323931606
1.0240815078255108,33.4749501218187
1.023969990968948,33.47524998499306
1.0237468287882523,33.475849907389275
1.023637147008912,33.476144689736124
1.0235274238263703,33.476439535272974
1.023307853142464,33.477029416093515
1.023199929538597,33.47731928440971
1.0230919658637976,33.47760921389232
1.0228759181973992,33.478189256525226
1.0227697271048897,33.478474289204556
1.0226634972324071,33.478759381089
1.0224509210484924,33.479329742633624
1.0223464277319452,33.479610042042964
1.022241896879553,33.47989039876686
1.0220327224729178,33.48045128431113
1.0219299024852435,33.48072692482993
1.0218270461675931,33.481002620830445
1.0216212244525442,33.48155417942214
1.021520043863647,33.481825260504635
1.0214188281067047,33.48209639530243
1.0212162910031288,33.48263882618254
1.0211167222966535,33.48290542972936
1.0210171195457352,33.48317208528295
1.0208178118290698,33.483705552542574
1.0207198303808263,33.4839677523851
1.0206218159763385,33.48423000257935
1.0204256882209974,33.484754654148915
1.0203292665572394,33.485012531435565
1.0202328129890132,33.48527045747397
1.020039810065202,33.48578645592593
1.0199449195890162,33.48604009449453
1.0198499982239273,33.486293780269676
1.0196600627565797,33.486801293553874
1.019566671571074,33.4870507857469
1.0194732504748645,33.48730032365786
1.0192863184831866,33.48779953674246
1.0191944048199844,33.48804494753995
1.0191024621943385,33.488290402611995
1.0189184899917292,33.48878144568358
1.0188280208891574,33.48902286967993
1.0187375237362315,33.48926433656229
1.0185564452183222,33.48974739908404
1.0184674001747407,33.48998489733274
1.0183783279653607,33.49022243712054
1.018200101991064,33.490697641407856
1.0181124473028058,33.490931309921635
1.0180247662984858,33.49116501868044
1.0178493252862189,33.491632557023074
1.0177630415767671,33.491862453345625
1.0176767323756508,33.49209238865745
1.0175040374455633,33.4925523763347
1.0174190975386794,33.49277857856702
1.0173341329352374,33.493004818577276
1.0171641295882647,33.49345741201341
1.0170805038662463,33.493680004506544
1.016996854212878,33.493902633611626
1.016829483063997,33.49434800173575
1.0167471497599831,33.49456704770118
1.016664793265193,33.49478612914992
1.0165000106573991,33.495224398571864
1.0164189424614793,33.49543997575356
1.016337851788259,33.49565558733105
1.0161756029661295,33.496086913744534
1.0160957791542853,33.49629908215352
1.0160159335558587,33.49651128390529
1.0158561769574717,33.49693578750509
1.0157775735386354,33.49714461564131
1.0156989489999824,33.49735347610367
1.0155416365233354,33.49777129407159
1.0154642222414187,33.49797686952534
1.015386787479283,33.49818247632985
1.01523185647626,33.49859378405311
1.0151556148975336,33.498796154843426
1.0150793534595377,33.498998556037435
1.0149267709693577,33.49940344969562
1.0148516785547312,33.49960268253805
1.0147765668799098,33.49980194487029
1.0146262857149333,33.50020055806073
1.0145523277447026,33.500396696099855
1.0144783510965134,33.50059286274047
1.0143303417330698,33.50098528188016
1.0142574926985468,33.50117839672115
1.0141846255464595,33.501371539308536
1.014038836857883,33.501757907773985
1.0139670755487906,33.50194805944995
1.0138952966633972,33.50213823804626
1.0137516861334044,33.50251867604916
1.013681005715336,33.50270588635895
1.013610308250528,33.502893122780755
1.0134688621517471,33.50326767400743
1.0133992450421716,33.50345199311209
1.0133296113987778,33.50363633754569
1.013190294482883,33.504005102444715
1.0131217369950751,33.50418654359417
1.0130531634766313,33.50436800930424
1.0129159683214348,33.50473101444914
1.012848463681833,33.5049095989833
1.0127809435037105,33.50508820732651
1.0127202360276772,33.50524877954431
1.01265951598639,33.50540937101624
1.0125380381897315,33.50573061175233
1.0124731908147329,33.5059020738461
1.0124083291049755,33.506073557907484
1.0122785626588549,33.506416591969405
1.0122137879536377,33.50658779828864
1.0121489989487942,33.50675902652375
1.0120908738864818,33.50691262938416
1.0120327373111975,33.50706624989036
1.0119164296056404,33.50737354386628
1.0118540587114275,33.507538311550704
1.011791674563204,33.50770309955117
1.0116668664848703,33.50803273653254
1.0116046668954237,33.50819699309139
1.0115424541273441,33.50836126985259
1.01148683129645,33.50850813310684
1.0114311979277464,33.50865501251587
1.011319899562833,33.508948819821164
1.0112599982419899,33.509106929021264
1.0112000847019225,33.50926505695538
1.0110802209465362,33.50958136905424
1.0110207426667617,33.509738308017575
1.0109612523420899,33.50989526544927
1.010908039348062,33.510035649687836
1.010854816714125,33.51017604870785
1.010748342514202,33.510456891112206
1.0106909620840365,33.510608223333236
1.0106335704467164,33.51075957274024
1.0105187535351667,33.51106232313729
1.010462209134095,33.511211401802456
1.0104056538520978,33.51136049715475
1.0102925106305511,33.51165873794471
1.0102372621002724,33.511804353313146
1.010182003184009,33.51194998461098
1.0100714541797475,33.51224129501723
1.0100175021891071,33.512383448616156
1.0099635402960159,33.512525617404094
1.0098555867896506,33.51281000056789
1.009802936562972,33.51294868184568
1.0097502769075961,33.51308737758695
1.0096449292988328,33.51336481247937
1.009593577927225,33.513500032234525
1.009542217587926,33.51363526574706
1.0094394699951972,33.51390577406227
1.0093894019758654,33.514037576154074
1.0093393254329028,33.514169391322994
1.0092391467658375,33.51443306090894
1.009190350724108,33.51456147820571
1.0091415465876523,33.51468990792248
1.0090439140210787,33.51494680463152
1.0089963604527907,33.515071917586496
1.0089487991979749,33.515197042336034
1.0088536536199806,33.515447327233055
1.0088073332960878,33.515569162811786
1.0087610056803067,33.515691009580294
1.008668328564968,33.515934736699876
1.0086232090652882,33.51605338275032
1.008578082647935,33.51617203941702
1.0084878090527116,33.51640938461139
1.0084438582321642,33.51652492809992
1.0083999008486235,33.51664048166105
1.0083119663856375,33.516871619012434
1.0082691593503474,33.51698412769634
1.0082263460900998,33.51709664593468
1.0081407008883319,33.51732171108506
1.0080990095329003,33.51743126103289
1.008057312273583,33.517540820042925
1.0079739000373793,33.51775996525923
1.0079332930473208,33.5178666408391
1.00789268045725,33.51797332501526
1.00781143847161,33.51818671916538
1.0077718758378174,33.51829062744734
1.0077323078890543,33.51839454388853
1.0076531560415678,33.51860240125685
1.0076146217561741,33.51870358614126
1.0075760824291657,33.518804778765706
1.0074989886456402,33.51900718724235
1.0074614527353476,33.51910572920432
1.0074239120418944,33.51920427850997
1.0073488163011939,33.519401399159314
1.007312242417496,33.51949739529133
1.007275663993224,33.51959339839496
1.0072024935189698,33.519785425523565
1.0071668473969526,33.51987896732626
1.0071311969623062,33.519972515750936
1.0070598831514344,33.52015963247227
1.0070251430487471,33.520250778477674
1.0069903988503421,33.52034193077232
1.0069208981629634,33.52052425423496
1.006887034021093,33.520613084704834
1.0068531659878788,33.520701921150454
1.0067854182442566,33.52087961197403
1.0067524142895632,33.520966169609345
1.006719406639106,33.52105273292033
1.0066533802479718,33.5212258765741
1.006621187518772,33.52131029103216
1.0065889912736283,33.52139471089
1.0065245882327916,33.52156356680946
1.0064932111916647,33.5216458275629
1.0064618308108522,33.521728093445674
1.006399060027655,33.52189264060331
1.0063684406480489,33.521972900897026
1.0063378180884157,33.522053166075075
1.0062765634267299,33.522213711088014
1.0062467104424346,33.522291949072525
1.0062168544356063,33.52237019169969
1.0061571333521835,33.5225266908855
1.0061280053467756,33.52260301610782
1.0060988744641302,33.522679345749815
1.0060406040651149,33.522832018296086
1.0060121829228506,33.52290647916155
1.0059837590415555,33.52298094423456
1.005926903060004,33.5231298870063
1.0058991504599857,33.52320258479236
1.005871395248516,33.52327528659016
1.0058158769894834,33.52342070222383
1.0057887926716638,33.523491638440376
1.0057617058668658,33.5235625784776
1.0057075247947167,33.52370447001673
1.0056810965820844,33.52377367735895
1.0056546660017098,33.52384288833883
1.0056017977362326,33.52398132121395
1.0055759913186402,33.524048890288135
1.0055501826435995,33.52411646283066
1.0054985585197753,33.524251618323
1.0054733626888392,33.524317579186715
1.0054481647061912,33.52438354335643
1.0053977622844579,33.52451548161601
1.0053731443700185,33.52457992046921
1.0053485244016067,33.52464436247836
1.0052992783016526,33.524773255966515
1.0052752271612824,33.524836202604114
1.0052511740605807,33.524899152253894
1.0052030619770516,33.525025060591844
1.0051795845110854,33.52508649756353
1.0051561051773314,33.5251479374053
1.0051091409054083,33.52527082570083
1.0050861910457223,33.52533087414111
1.0050632394013874,33.525390925323826
1.0050173307577868,33.525511035918136
1.004994903644165,33.525569709080095
1.0049724748263922,33.525628384860866
1.0049276120774762,33.525745744280364
1.004905682607075,33.52580310834883
1.0048837515074278,33.52586047492109
1.0048398844195359,33.52597521557839
1.0048184557846467,33.52603126268844
1.0047970255941883,33.526087312189134
1.0047541605457626,33.52619941836376
1.0047332187719178,33.5262541855372
1.0047122755124862,33.5263089549938
1.0046703845361167,33.526418500757735
1.0046498950950085,33.526472078733704
1.0046294042318904,33.526525658895196
1.004588418238926,33.52663282577589
1.0045683878670775,33.526685197352016
1.004548356136314,33.52673757101677
1.0045082885973882,33.52684232461317
1.0044886974036527,33.52689354219784
1.004469104910021,33.52694476178048
1.0044299160224575,33.527047206940644
1.0044107370217021,33.52709734145385
1.004391556775251,33.527147477881776
1.0043531925446867,33.5272477564827
1.004334454846471,33.5272967321901
1.0043157159592977,33.52734570972506
1.0042782346175438,33.5274436702785
1.004259891829199,33.52749160879063
1.0042415479015516,33.52753954905404
1.0042048566278479,33.527635434835524
1.0041869027692167,33.527682352099866
1.0041689478191482,33.52772927104196
1.0041330346442279,33.527823113960174
1.0041154827805574,33.52786897614686
1.0040979298738368,33.52791483993697
1.004062820930805,33.52800657232812
1.004045620323128,33.5280515123128
1.0040284187137865,33.52809645383732
1.003994012489695,33.52818634150653
1.0039771783633633,33.52823031978101
1.0039603432776472,33.52827429953036
1.0039266702276746,33.52836226345431
1.0039101912985127,33.52840530976707
1.0038937114500739,33.528448357493076
1.0038607489950009,33.528534457185444
1.0038446079848058,33.528576616924234
1.003828466092694,33.52861877801887
1.0037961796623793,33.52870310427624
1.003780383478296,33.528744359642175
1.0037645864496179,33.528785616306614
1.0037329898581562,33.52886813353151
1.0037175217621364,33.52890852847564
1.003702052856282,33.52894892466486
1.0036711126147682,33.52902972077906
1.0036559711027706,33.5290692594524
1.0036408288148115,33.529108799318784
1.0036105419107273,33.529187882631135
1.0035956976193465,33.529226641920225
1.0035808525822039,33.52926540235595
1.0035511602703684,33.52934292666773
1.0035366178436145,33.529380894642166
1.0035220747011544,33.52941886371704
1.0034929862688666,33.52949480516853
1.0034787333631827,33.52953201424564
1.0034644797700378,33.529569224379784
1.00343597052113,33.52964364781958
1.0034220266044647,33.5296800473618
1.0034080820298514,33.52971644791569
1.0033801909065616,33.52978925205887
1.0033665166611934,33.5298249448827
1.0033528417831081,33.52986063867944
1.0033254901285784,33.52993202919197
1.0033120619008569,33.52996707719556
1.003298633063006,33.53000212613735
1.0032717735567205,33.53007222683583
1.0032586537701473,33.530106467251116
1.0032455334011763,33.53014070856198
1.0032192909158575,33.5302091938707
1.0032064017731677,33.530242829896565
1.0031935120683997,33.53027646678678
1.0031677309724565,33.53034374316049
1.0031551120966449,33.530376671534036
1.0031424926821022,33.53040960073602
1.0031172522366594,33.53047546162562
1.003104867922465,33.53050777566047
1.0030924830894015,33.53054009049325
1.0030677118665128,33.53060472255282
1.0030555996946273,33.53063632432582
1.003043487026445,33.530667926862044
1.0030192602010473,33.530731134224396
1.0030073415339191,33.530762229037336
1.0029954223862438,33.53079332458931
1.0029715826491135,33.53085551791052
1.0029599181139621,33.5308859477049
1.002948253118555,33.53091637820712
1.0029249217468432,33.53097724133525
1.002913491998192,33.53100705670485
1.0029020618076423,33.53103687275405
1.0028792001007272,33.531096506891465
1.0028679669029847,33.53112580768727
1.0028567332784268,33.53115510913948
1.002834264748749,33.53121371401336
1.0028232645464101,33.53124240527653
1.002812263934792,33.53127109716915
1.0027902614836104,33.531328482842966
1.002779460369742,33.531356653117456
1.0027686588612887,33.53138482399882
1.002747054660525,33.53144116758234
1.0027364520226885,33.53146881855953
1.0027258490046478,33.531496470121496
1.0027046418278573,33.53155177499986
1.0026942315656855,33.53157892268018
1.002683820936993,33.53160607092424
1.0026629985799562,33.53166036910369
1.002652798814421,33.531686966322354
1.002642598697049,33.53171356408217
1.0026221974067098,33.5317667612254
1.0026121762920819,33.531792891113
1.0026021548378454,33.53181902152295
1.002582110910464,33.531871283910036
1.0025722996090956,33.531896865294634
1.0025624879822006,33.53192244717993
1.0025428637517544,33.53197361245275
1.0025332295933838,33.531998730601664
1.0025235951211446,33.53202384923335
1.0025043252349883,33.532074087945155
1.0024948679219747,33.53209874370895
1.0024854103065188,33.53212339993795
1.002466494168211,33.53217271379169
1.0024571825303104,33.53219698850135
1.0024478705992212,33.532221263661995
1.0024292458574124,33.53226981533632
1.0024201372894845,33.532293559435885
1.0024110284410246,33.532317303966956
1.0023928099024484,33.532364794323755
1.0023838628882638,33.53238811611194
1.0023749156034178,33.532411438316444
1.0023570202216847,33.53245808397459
1.0023482526509166,33.532480936884895
1.0023394848202427,33.532503790194994
1.0023219483791226,33.532549498014696
1.0023133091854666,33.532572015214306
1.0023046697394669,33.53259453280209
1.0022873900903848,33.53263956914226
1.0022789180347138,33.53266164965867
1.0022704457363751,33.532683730548364
1.0022535004116457,33.532727893447706
1.0022451894610878,33.53274955306522
1.0022368782770097,33.53277121304197
1.0022202552082464,33.532814534073204
1.0022120818759803,33.532835834057394
1.0022039083178695,33.532857134389005
1.002187560524069,33.53289973609458
1.0021795247023602,33.53292067677528
1.0021714886623474,33.5329416177918
1.0021554159273687,33.532983500832394
1.0021475486150473,33.533004001481466
1.0021396810934868,33.53302450245242
1.002123945422609,33.53306550536005
1.0021161800519327,33.53308573948915
1.0021084144774095,33.533105973931846
1.0020928827167852,33.53314644375807
1.0020852735458285,33.53316627002895
1.0020776641791482,33.53318609660092
1.0020624448585802,33.533225750648235
1.0020549587006853,33.53324525557899
1.0020474723533483,33.533264760801195
1.0020324990903133,33.533303772119964
1.002025168367548,33.53332287128006
1.00201783746313,33.533341970719626
1.0020031751093028,33.53338017043717
1.0019959579370845,33.533398972995684
1.0019887405888013,33.53341777582506
1.001974305364009,33.533455382296474
1.0019672072263606,33.533473874002475
1.0019601089184105,33.53349236597049
1.0019459117915779,33.53352935069256
1.0019389505719978,33.533547484995744
1.001931989188627,33.53356561955091
1.0019180659304838,33.53360188941726
1.0019112279835765,33.533619701904506
1.001904389878631,33.53363751463489
1.0018907131945998,33.53367314082513
1.0018840009698313,33.533690625152694
1.0018772885927858,33.53370810971454
1.0018638633818397,33.533743079541104
1.0018572353227115,33.53376034398961
1.0018506071151043,33.53377760866656
1.0018373502544298,33.533812138705805
1.0018308575702823,33.53382904991739
1.0018243647436624,33.53384596134817
1.0018113786629816,33.53387978486738
1.0018049658263943,33.53389648750436
1.00179855285082,33.53391319035517
1.0017857264826884,33.53394659669837
1.001779430013262,33.53396299566921
1.0017731334098499,33.533979394846185
1.0017605398010456,33.534012193818626
1.0017543548073,33.53402830189443
1.0017481696842732,33.53404441016913
1.0017357990503557,33.53407662731531
1.0017297256516533,33.534092444215204
1.0017236521282948,33.534108261306905
1.0017115047075924,33.534139896065724
1.0017055406625084,33.53415542765633
1.0016995764972192,33.53417095943189
1.0016876478060084,33.53420202353788
1.0016817879823137,33.53421728321243
1.0016759280425804,33.53423254306553
1.001664207814982,33.53426306330737
1.0016584168210383,33.5342781432531
1.001652625713768,33.534293223373204
1.0016410431592322,33.53432338413653
1.001635336582027,33.534338243783175
1.0016296298947769,33.53435310359914
1.0016182161901275,33.53438282373906
1.001612627758118,33.53439737528341
1.0016070392205754,33.53441192699014
1.0015958618288752,33.53444103089077
1.0015903718383248,33.534455325665725
1.0015848817459279,33.534469620597385
1.0015739012555809,33.534498210930856
1.0015685023437921,33.53451226813016
1.0015631033335097,33.53452632548102
1.0015523050174513,33.5345544406374
1.0015469923023828,33.53456827299341
1.0015416794919423,33.53458210549617
1.0015310535849327,33.53460977094197
1.0015258192712018,33.53462339877023
1.0015205848648947,33.53463702674093
1.0015101157745387,33.53466428310971
1.0015049941526184,33.53467761715377
1.0014998724420663,33.534690951334206
1.001489628755056,33.53471762010425
1.0014845579593457,33.53473082144999
1.0014794870767554,33.53474402292942
1.0014693450509242,33.53477042628935
1.0014643682021946,33.53478338269057
1.0014593912697756,33.534796339220556
1.00144943715386,33.5348222526669
1.001444555428759,33.53483496108079
1.0014396736231388,33.534847669618586
1.001429909770331,33.53487308706589
1.001425089123505,33.53488563613895
1.001420268398163,33.534898185332835
1.0014106267119225,33.53492328408308
1.0014059175637,33.53493554257818
1.001401208340553,33.53494780118858
1.0013917896694757,33.534972318755266
1.0013871335863531,33.534984438800414
1.0013824774299858,33.53499655895827
1.0013731648975088,33.535020799612134
1.001368592493994,33.535032701529076
1.0013640200198444,33.53504460355471
1.0013548748596337,33.53506840793207
1.0013503680216433,33.53508013888685
1.0013458611150305,33.535091869947216
1.0013368470959303,33.53511533238476
1.0013324156560206,33.5351268667975
1.0013279841497662,33.53513840131234
1.001319120938217,33.535161470648305
1.0013147606033512,33.53517281970737
1.0013104002042534,33.53518416886529
1.0013016792133562,33.53520686747766
1.001297373699526,33.53521807357931
1.0012930681230698,33.535229279777326
1.0012844567822734,33.5352516924625
1.0012802076816234,33.535262751473155
1.0012759585199784,33.535273810577664
1.001267460013698,33.535295929068276
1.0012633044148849,33.535306744471285
1.0012591487577327,33.535317559964064
1.001250837268405,33.53533919121897
1.0012467388943735,33.53534985744381
1.0012426404635992,33.53536052375596
1.0012344434318168,33.53538185664224
1.0012304141592587,33.53539234279016
1.0012263848318559,33.53540282902248
1.001218326012511,33.535423801740336
1.0012143610366586,33.53543412032748
1.0012103960076983,33.53544443899635
1.00120246579045,33.535465076579285
1.0011985323818549,33.53547531279083
1.0011945989209947,33.53548554908281
1.001186731842475,33.53550602190806
1.0011828744398081,33.53551606010604
1.0011790169868773,33.535526098381375
1.0011713019302193,33.5355461751641
1.0011674980897176,33.5355560737657
1.0011636942003388,33.535565972442505
1.0011560862749453,33.5355857700218
1.0011523733043024,33.53559543195362
1.00114866028709,33.535605093957095
1.0011412341129533,33.53562441817907
1.0011375465874741,33.53563401370067
1.0011338590160626,33.53564360929296
1.0011264837354374,33.53566280068962
1.0011228691536547,33.535672206209256
1.0011192545277392,33.535681611796804
1.0011120251435055,33.53570042317566
1.0011084572039675,33.535709707142345
1.0011048892214283,33.535718991175195
1.0010977531273442,33.53573755943943
1.0010941951076682,33.53574681741183
1.001090637045231,33.535756075450024
1.0010835207920683,33.535774591723865
1.0010800731175566,33.53578356240248
1.001076625402895,33.535792533142875
1.0010697298531188,33.53581047480905
1.001066312570653,33.53581936624004
1.001062895248742,33.53582825773174
1.001056060486583,33.53584604089726
1.0010527088727612,33.535854761300854
1.0010493572209964,33.535863481762846
1.0010426538036354,33.53588092286202
1.0010393611740729,33.53588948963917
1.0010360685078914,33.53589805647268
1.0010294830656692,33.535915190308785
1.0010262158794325,33.53592369073307
1.0010229486571407,33.535932191212844
1.001016414104391,33.53594919233886
1.0010132125487154,33.53595752185857
1.0010100109584197,33.53596585143156
1.0010036076739646,33.5359825107374
1.0010004297566153,33.5359907786111
1.0009972518051555,33.5359990465373
1.0009908957999012,33.536015582547186
1.0009877808830743,33.53602368637293
1.0009846659334758,33.536031790249105
1.0009784359359624,33.53604799815276
1.0009753708870999,33.536055972104286
1.0009723058065072,33.53606394610465
1.0009661755501293,33.536079894251884
1.0009631378798765,33.53608779684243
1.0009601001784578,33.53609569948094
1.0009540246821218,33.53611150490187
1.0009510535754749,33.536119234196
1.0009480824390138,33.53612696353603
1.0009421400766463,33.53614242235373
1.0009392385022962,33.53614997063714
1.0009363368995112,33.53615751896433
1.0009305336086343,33.53617261575
1.00092762515907,33.536180181797754
1.0009247166809359,33.53618774788947
1.0009188996389569,33.536202880204826
1.0009160535613169,33.53621028387962
1.0009132074563198,33.53621768759652
1.0009075151642521,33.536232495156646
1.0009047031656997,33.53623981006476
1.000901891140441,33.53624712501397
1.0008962670098056,33.53626175503573
1.0008935119662912,33.53626892167468
1.0008907568971421,33.53627608835309
1.0008852466819387,33.53629042182827
1.000882516638504,33.536297523327214
1.000879786569898,33.5363046248649
1.0008743263571704,33.5363188280565
1.0008716632572863,33.53632575531518
1.0008690001334506,33.536332682610734
1.0008636738139223,33.53634653731243
1.0008610371839513,33.53635339561693
1.0008584005305026,33.53636025395757
1.00085312715317,33.53637397074724
1.0008505009798312,33.53638080175303
1.0008478747832008,33.536387632794685
1.0008456152602514,33.536393510055824
1.0008433557200602,33.5363993873435
1.0008388365879506,33.53641114199845
1.000836252474942,33.53641786346781
1.0008336683393815,33.53642458497188
1.000831415503661,33.53643044472406
1.000829162650801,33.53643630450262
1.0008246568936603,33.53644802413888
1.0008221649156335,33.536454505832026
1.0008196729166348,33.53646098755745
1.0008146888557208,33.536473951105116
1.000812192949317,33.53648044292682
1.0008096970218756,33.53648693478091
1.0008047051038784,33.536499918586216
1.0008023215023936,33.536506118219364
1.0007999378817214,33.536512317882035
1.0007951705828155,33.53652471729598
1.000792763383779,33.53653097822283
1.0007903561651736,33.5365372391798
1.0007855416692562,33.536549761184084
1.0007832016296936,33.53655584735415
1.0007808615716394,33.536561933552676
1.0007761814000538,33.53657410603512
1.0007738730335338,33.536580109749956
1.0007715646490194,33.5365861134925
1.0007669478260064,33.53659812106065
1.0007646791745637,33.536604021407584
1.0007624105057402,33.53660992178128
1.0007578731159508,33.53662172260892
1.0007555928742518,33.53662765302576
1.0007533126149946,33.53663358346963
1.0007487520438032,33.53664544443845
1.0007465181935438,33.5366512541283
1.0007442843264331,33.53665706384409
1.000739816541658,33.53666868335349
1.000737596696131,33.53667445654946
1.0007353768339635,33.53668022977106
1.0007309370597068,33.53669177629107
1.0007287745948565,33.53669740018738
1.0007266121142153,33.53670302410799
1.0007222871055583,33.53671427202215
1.0007201665179726,33.53671978694317
1.0007180459152014,33.53672530188758
1.0007138046641026,33.53673633184649
1.0007116834038992,33.536741848452266
1.0007095621285007,33.536747365081425
1.0007053195321183,33.536758398409916
1.0007032617619689,33.536763749839416
1.000701203977521,33.53676910129092
1.0006970883657273,33.53677980425997
1.000695050182122,33.53678510469272
1.0006930119844886,33.53679040514706
1.0006889355471376,33.536801006120506
1.0006868906031445,33.53680632407431
1.0006848456450308,33.53681164204987
1.0006807556864394,33.536822278066175
1.0006787819516427,33.536827410780184
1.0006768082036914,33.53683254351444
1.0006728606683246,33.5368428090437
1.000670870560329,33.53684798427998
1.00066888043896,33.536853159536854
1.0006649001561003,33.53686351011235
1.0006629567284675,33.536868563902004
1.000661013288081,33.536873617711294
1.0006571263690474,33.53688372538876
1.000655218410864,33.5368886868888
1.0006533104403885,33.536893648407755
1.0006494944625601,33.53690357150243
1.000647596803006,33.53690850616981
1.0006456991312922,33.5369134408559
1.0006419037513847,33.53692331028423
1.0006400497812815,33.536928131291425
1.000638195799572,33.536932952316484
1.0006344878013338,33.5369425944202
1.0006326614348016,33.53694734359947
1.0006308350570061,33.53695209279608
1.000627182267626,33.536961591241315
1.0006253239268807,33.536966423515764
1.0006234655744746,33.536971255808155
1.0006197488346789,33.536980920446794
1.000617949563252,33.536985599074576
1.000616150280894,33.53699027771918
1.0006125516833835,33.53699963505888
1.000610807941958,33.53700416924776
1.0006090641902659,33.53700870345244
1.0006055766560804,33.53701777190923
1.0006038531628694,33.53702225340439
1.0006021296596286,33.53702673491499
1.000598682623057,33.53703569798251
1.0005969660972531,33.53704016131838
1.0005952495614998,33.537044624669555
1.0005918164601468,33.537053551417856
1.0005901736638707,33.537057823000914
1.0005885308584823,33.537062094598
1.000587277559051,33.537065353401246
1.0005860242543159,33.53706861221265
1.0005835176289346,33.53707512985994
1.000581527025826,33.537080305746564
1.0005795364093377,33.537085481653776
1.0005777727231382,33.53709006749568
1.0005760090264355,33.53709465335377
1.0005744694349803,33.53709865649776
1.0005729298355215,33.53710265965407
1.0005716279276224,33.537106044775165
1.0005703260140002,33.53710942990508
1.0005677221695866,33.53711620019133
1.0005661464927822,33.53712029711519
1.0005645708075948,33.53712439405195
1.000561419412071,33.53713258796419
1.000559858427767,33.53713664665081
1.0005582974352356,33.537140705350104
1.0005551754254904,33.53714882278667
1.000553618852498,33.53715286996872
1.0005520622713246,33.537156917163365
1.0005489490844353,33.53716501159044
1.0005474145136868,33.537169001531204
1.0005458799349873,33.537172991484205
1.0005428107537349,33.53718097142691
1.00054124150268,33.53718505150316
1.0005396722433104,33.5371891315922
1.0005365336996275,33.537197291808674
1.0005350284869372,33.537201205350534
1.0005335232665973,33.537205118904176
1.000530512802968,33.537212946046786
1.0005290195984553,33.53721682833532
1.0005275263864144,33.53722071063544
1.0005263638853776,33.53722373309275
1.0005252013797785,33.53722675555709
1.0005228763548912,33.53723280050684
1.000521303226536,33.53723689055181
1.0005197300898252,33.53724098060964
1.0005165837913363,33.53724916076387
1.0005151726109442,33.53725282972187
1.0005137614238289,33.537256498690226
1.0005109390294262,33.53726383665799
1.0005095022982295,33.53726757201698
1.0005080655600633,33.537271307386696
1.0005051920628225,33.5372787781583
1.0005037659110574,33.53728248598249
1.000502339752425,33.53728619381724
1.0004994874145592,33.537293609518464
1.0004980869444362,33.53729725054491
1.000496686467691,33.537300891581545
1.0004938854943348,33.53730817368539
1.000492526263558,33.537311707468135
1.0004911670265433,33.53731524126047
1.0004884485338013,33.53732230887397
1.000487125216023,33.53732574926298
1.0004858018923324,33.53732918966111
1.0004847036398057,33.53733204491084
1.0004836053832065,33.53733490016685
1.0004814088577916,33.53734061069767
1.0004799679188923,33.53734435684389
1.000478526972983,33.5373481030009
1.0004756450601342,33.53735559534729
1.0004743525607978,33.5373589555547
1.0004730600558212,33.537362315770785
1.0004704750289475,33.53736903622902
1.000469230856651,33.53737227077408
1.0004679866791282,33.53737550532719
1.0004654983084038,33.53738197445754
1.0004642547554323,33.53738520737035
1.0004630111972395,33.5373884402912
1.000460524065191,33.53739490615701
1.0004599498592817,33.537396398932806
1.0004596627559095,33.53739714532136
1.0004590885483302,33.537398638099724
1.0004579401298326,33.537401623661594
1.000455643279479,33.53740759480591
1.0004550258847127,33.537409199849904
1.0004547171868468,33.537410002372646
1.00045409979015,33.53741160741961
1.0004528649928957,33.53741481751946
1.000450395382944,33.53742123774297
1.0004491446333161,33.53742448929756
1.0004478938784067,33.53742774086029
1.0004468216912257,33.537430528199565
1.0004457495001637,33.537433315544824
1.000443605106396,33.53743889025328
1.00044234339707,33.53744217026893
1.0004410816823692,33.53744545029286
1.0004401749355063,33.53744780751907
1.0004392681858674,33.537450164749565
1.0004374546782622,33.53745487922336
1.0004369497844927,33.53745619176523
1.0004366973372854,33.53745684803666
1.0004361924422247,33.53745816058051
1.000435182649522,33.537460785672195
1.0004343071470398,33.53746306165546
1.00043343164197,33.53746533764271
1.0004316806240667,33.53746988962915
1.0004303742168514,33.53747328578827
1.0004290678038739,33.537476681956264
1.0004280420421436,33.53747934853538
1.0004270162768611,33.53748201511996
1.00042617992225,33.53748418930882
1.0004253435652777,33.53748636350132
1.0004246112768411,33.53748826715533
1.0004238789865942,33.53749017081213
1.000422414400669,33.53749397813408
1.0004194852070931,33.53750159281143
1.0004184135670768,33.53750437861928
1.0004173419231832,33.537507164433116
1.0004151986237648,33.537512736078675
1.000414107083127,33.53751557360289
1.0004130155384665,33.5375184111333
1.0004120889266683,33.5375208199083
1.0004111623119716,33.537523228687775
1.0004093090738817,33.53752804626011
1.0004081795328499,33.5375309825447
1.0004070499875104,33.53753391883592
1.0004060713331633,33.53753646287721
1.0004050926755825,33.537539006923495
1.0004043757336194,33.53754087063093
1.0004036587899214,33.53754273434104
1.0004033746250596,33.53754347303302
1.0004032325425265,33.53754384237916
1.000402948377256,33.537544581071764
1.000402380045897,33.53754605845825
1.000401243379907,33.53754901323623
1.0003989700348412,33.53755492281235
1.0003978716549855,33.537557778051706
1.000396773271057,33.53756063329733
1.0003958145437586,33.537563125502444
1.000394855813357,33.53756561771233
1.0003929383432446,33.537570602146445
1.00039181626251,33.53757351897198
1.0003906941775247,33.53757643580406
1.0003897169263232,33.53757897614065
1.0003887396718978,33.5375815164822
1.0003867851533739,33.53758659718019
1.0003857492189163,33.537589290047606
1.000384713280836,33.53759198292062
1.0003838058484518,33.53759434174587
1.000383400089808,33.53759539649429
1.0003829943306084,33.537596451243566
1.000382182810542,33.53759856074468
1.0003815420576427,33.5376002263444
1.0003809013033576,33.53760189194626
1.0003803844302768,33.53760323552538
1.0003798675562938,33.537604579105896
1.0003788338056225,33.53760726627108
1.0003779105060866,33.537609666322744
1.0003775221705566,33.53761067577251
1.0003771338345175,33.537611685223055
1.000376789572533,33.53761258010593
1.0003764453101487,33.53761347498943
1.0003757567841793,33.53761526475826
1.0003743797274396,33.53761884430331
1.00037339096612,33.53762141450237
1.0003724022015004,33.53762398470651
1.0003715875929413,33.5376261022051
1.000370772982142,33.537628219707145
1.0003691437538227,33.537632454721575
1.0003681899193715,33.537634934113456
1.0003672360818492,33.537637413510076
1.0003653283975897,33.53764237231749
1.000364925848158,33.537643418697115
1.000364724573237,33.53764394188725
1.0003643220229845,33.537644988268134
1.0003635169208387,33.53764708103244
1.0003628859972404,33.537648721039346
1.0003622550722986,33.537650361048314
1.0003609932183828,33.53765364107246
1.0003584694944252,33.53766020114557
1.0003575828913638,33.5376625057428
1.0003566962856487,33.537664810344125
1.0003549230662572,33.537669419559016
1.0003539584514654,33.537671926924155
1.0003529938335318,33.53767443429413
1.0003510645882419,33.53767944904859
1.0003501607852006,33.53768179833072
1.0003492569794017,33.53768414761711
1.0003484792477717,33.53768616919322
1.0003477015140998,33.53768819077247
1.0003461460406298,33.53769223394042
1.0003452938562274,33.53769444903377
1.0003449138907181,33.53769543668194
1.0003445339247212,33.53769642433086
1.0003437739912653,33.53769839963094
1.0003422541185047,33.5377023502401
1.0003413478686527,33.537704705853734
1.000340441616028,33.53770706147163
1.0003386291024605,33.53771177272023
1.0003377458609968,33.53771406851677
1.0003368626168994,33.53771636431736
1.0003362374074256,33.5377179894115
1.0003356121966325,33.53771961450765
1.0003343617710871,33.53772286470606
1.0003339741324613,33.53772387228387
1.0003337803129582,33.53772437607306
1.0003333926735714,33.53772538365203
1.000332617393276,33.53772739881233
1.0003320112885574,33.53772897423868
1.0003317798486735,33.53772957581175
1.0003315484086088,33.53773017738511
1.0003310855279368,33.537731380532655
1.000330159764423,33.53773378683108
1.0003298496265762,33.537734592958735
1.000329694557531,33.53773499602275
1.0003293844191974,33.53773580215116
1.0003287641415557,33.537737414409484
1.0003275235823754,33.537740638932135
1.0003250424484293,33.53774708800143
1.0003242805916166,33.53774906824777
1.0003235187328445,33.53775104849713
1.000321995009422,33.53775500900488
1.0003209384202065,33.537757755318474
1.0003205195190683,33.53775884413587
1.0003201006173377,33.53775993295419
1.0003197667237502,33.537760800817075
1.0003194328297864,33.53776166868054
1.0003191466957564,33.53776241240517
1.0003188605614501,33.537763156130225
1.0003182882920079,33.5377646435816
1.0003171437498066,33.53776761848948
1.0003148546521377,33.53777356832567
1.0003141153865733,33.53777548982508
1.000313376119164,33.53777741132733
1.000313090106664,33.537778154729885
1.0003129471003105,33.53777852643131
1.0003126610873965,33.537779269834495
1.0003124158148422,33.537779907345325
1.000312170542085,33.53778054485648
1.0003116799959615,33.537781819879704
1.0003112850986706,33.53778284629269
1.0003108902008533,33.53778387270649
1.0003105428807955,33.537784775456274
1.0003101955603302,33.53778567820668
1.000309500918178,33.53778748370939
1.000308111628987,33.53779109472231
1.0003070107511325,33.5377939560973
1.0003065675034442,33.53779510817471
1.0003061242550926,33.53779626025314
1.0003059833331882,33.53779662653317
1.000305912872211,33.537796809673225
1.0003057719502055,33.537797175953415
1.0003054901059942,33.5377979085141
1.0003049264167678,33.537799373636716
1.0003045193929603,33.53780043155898
1.0003041123685936,33.5378014894821
1.0003032983181825,33.537803605330936
1.0003026866167655,33.537805195240416
1.0003020749140854,33.53780678515183
1.0003016009053827,33.53780801717403
1.0003011268959212,33.5378092491974
1.000300178874723,33.53781171324765
1.0002995553128717,33.53781333397731
1.000299300498802,33.53781399627644
1.0002990456845127,33.53781465857591
1.0002988390028007,33.537815195771636
1.0002986323209448,33.53781573296757
1.0002982189568,33.53781680736012
1.0002979348458505,33.53781754580476
1.0002976507346288,33.537818284249816
1.0002973973156937,33.537818942921064
1.0002971438965418,33.537819601592645
1.0002969172151854,33.53782019076879
1.0002966905336557,33.5378207799452
1.0002962371700754,33.53782195829881
1.0002953304408337,33.53782431500923
1.0002935169740244,33.5378290284429
1.0002932476417303,33.53782972847119
1.0002931129754913,33.53783007848548
1.0002928436428298,33.53783077851434
1.0002923049767727,33.53783217857319
1.0002912276417195,33.53783497869543
1.0002909528697228,33.53783569285994
1.0002908154836285,33.53783604994234
1.0002906959777762,33.537836360551864
1.0002905764718757,33.53783667116146
1.00029033745993,33.53783729238088
1.00028985943546,33.537838534820615
1.0002889033842055,33.53784101970365
1.0002886271227314,33.53784173773718
1.0002884889918975,33.537842096754105
1.0002882127300368,33.53784281478823
1.0002876602055424,33.53784425085769
1.000286555153462,33.53784712300138
1.00028578766546,33.537849117778826
1.0002855036074592,33.53784985607321
1.000285219549186,33.53785059436802
1.0002849993815017,33.537851166604824
1.0002847792136538,33.537851738841894
1.0002845903675384,33.53785222967068
1.0002844015213026,33.53785272049966
1.0002842394786247,33.537853141663575
1.0002840774358581,33.537853562827635
1.0002837533500588,33.53785440515616
1.000283643518659,33.5378546906179
1.000283588602944,33.53785483334879
1.0002834787714832,33.53785511881062
1.000283259108439,33.537855689734464
1.0002828197818618,33.53785683158289
1.0002824563466257,33.53785777618253
1.000282092910944,33.53785872078285
1.0002813660382426,33.53786060998556
1.000281133780534,33.537861213642294
1.0002810176516113,33.537861515470766
1.0002807853936295,33.53786211912792
1.0002803208771198,33.53786332644308
1.0002793918419155,33.53786574107675
1.000278636391897,33.53786770454695
1.0002778809399517,33.537869668020114
1.0002773439313501,33.5378710637423
1.000276806921775,33.53787245946599
1.0002766369215044,33.537872901307814
1.0002765519213326,33.537873122228774
1.000276381920916,33.537873564070814
1.000276231809583,33.53787395421976
1.0002760816981742,33.537874344368824
1.0002759508896053,33.53787468434851
1.0002758200809785,33.53787502432829
1.0002755584635519,33.53787570428812
1.0002753393704118,33.53787627372453
1.0002751202771099,33.53787684316118
1.0002749461681564,33.53787729568068
1.0002747720591005,33.537877748200344
1.000274423840682,33.53787865324014
1.0002741502479837,33.537879364323075
1.0002738766550328,33.5378800754064
1.0002733294683723,33.53788149757421
1.000272945023627,33.537882496766315
1.0002725605783824,33.53788349595919
1.0002717916863972,33.53788549434724
1.0002715706661969,33.53788606878922
1.0002714601560347,33.537886356010304
1.0002712391355868,33.53788693045266
1.0002707970941964,33.53788807933813
1.000270427246825,33.53788904058755
1.0002700573989918,33.53789000183769
1.0002693177019404,33.53789192434008
1.0002678383022963,33.53789576935341
1.0002671807973318,33.53789747823015
1.0002665232909076,33.53789918710913
1.0002662873505368,33.53789980032489
1.000266169380281,33.53790010693287
1.0002659334396284,33.537900720149054
1.0002654615577593,33.53790194658229
1.0002650730079807,33.53790295643265
1.0002646844576928,33.53790396628381
1.000263907355588,33.537905985988466
1.000263459857239,33.53790714904507
1.000263012358214,33.537908312102715
1.0002621173581356,33.537910638221135
1.0002615986365446,33.53791198638489
1.0002610799140454,33.53791333455006
1.000260708528672,33.537914299783914
1.0002603371428334,33.537915265018476
1.0002595943697583,33.537917195489754
1.0002581088180216,33.537921056440915
1.0002575245018033,33.53792257507747
1.0002569401844323,33.5379240937158
1.0002557715462335,33.53792713099779
1.0002551292559243,33.53792880030344
1.0002544869642225,33.53793046961124
1.0002532023766406,33.53793380823326
1.0002526393894564,33.53793527142585
1.0002524155157555,33.53793585326886
1.0002521916418852,33.537936435112144
1.0002517438936371,33.53793759879948
1.0002513450893382,33.53793863528202
1.0002509462845024,33.53793967176538
1.0002505945623383,33.53794058588164
1.0002502428397568,33.537941499998546
1.0002499358971537,33.53794229773321
1.0002496289542324,33.53794309546836
1.0002490150674361,33.53794469094013
1.0002488539676897,33.53794510963289
1.0002487734177836,33.53794531897932
1.0002486123179055,33.53794573767229
1.000248290117887,33.537946575058626
1.0002476457167984,33.537948249832915
1.0002472257820163,33.5379493412269
1.0002470502253844,33.53794979749149
1.0002468746686484,33.53795025375624
1.0002467229800567,33.53795064798858
1.0002465712913875,33.53795104222104
1.000246435601314,33.53795139487375
1.0002462999111787,33.53795174752656
1.0002460285307213,33.537952452832464
1.0002458050493999,33.53795303365041
1.00024558156791,33.53795361446862
1.0002454027224716,33.537954079279636
1.0002452238769257,33.53795454409082
1.000245070469141,33.537954942790364
1.000244917061277,33.537955341490026
1.0002446102453106,33.53795613888972
1.000244380442364,33.53795673613612
1.0002441506392392,33.537957333382785
1.000243957666283,33.53795783490958
1.0002437646932008,33.53795833643656
1.0002433787466594,33.5379593394911
1.0002431270285748,33.53795999369273
1.0002428753102763,33.537960647894685
1.000242649227584,33.53796123547092
1.000242423144719,33.537961823047425
1.000241970978471,33.53796299820123
1.000241654626473,33.537963820381265
1.0002415188390716,33.53796417328454
1.0002413830516084,33.53796452618791
1.0002411114764953,33.53796523199493
1.000240568325522,33.53796664361013
1.0002403863000053,33.537967116682765
1.0002402952872052,33.537967353219145
1.0002401132615208,33.537967826292025
1.0002397492098163,33.53796877243831
1.0002394681611362,33.537969502864904
1.0002391871121894,33.5379702332919
1.0002386250134958,33.53797169414714
1.000237500812909,33.537974615862545
1.0002368492034126,33.53797630934607
1.0002365791900751,33.53797701108976
1.0002363091764914,33.53797771283382
1.0002357691485855,33.537979116323086
1.0002346890898204,33.53798192330617
1.0002344826400458,33.53798245985152
1.000234379415104,33.537982728124284
1.0002341729651136,33.537983264669975
1.0002339945381409,33.53798372838614
1.0002338161110607,33.537984192102456
1.0002334592565776,33.537985119535605
1.0002331597541845,33.53798589791541
1.0002328602514887,33.53798667629568
1.0002326316697687,33.53798727035857
1.000232403087872,33.53798786442173
1.0002322081285278,33.53798837110284
1.0002320131690554,33.537988877784144
1.000231623249726,33.537989891147355
1.000231327705106,33.53799065923932
1.0002310321601913,33.53799142733174
1.0002309455776124,33.537991652351366
1.0002309022863134,33.5379917648612
1.0002308157036968,33.53799198988089
1.0002307440872278,33.537992176005005
1.0002306724707415,33.53799236212915
1.0002306085828243,33.53799252816749
1.0002305446948934,33.53799269420586
1.0002304169189895,33.537993026282656
1.000230161367017,33.53799369043651
1.0002299867967694,33.53799414412687
1.000229812226419,33.537994597817395
1.0002296628233662,33.53799498610059
1.000229513420238,33.53799537438391
1.000229381697896,33.537995716716615
1.0002292499754952,33.53799605904941
1.0002289865305183,33.537996743715276
1.000228767406773,33.53799731319473
1.000228548282866,33.537997882674425
1.0002283648330075,33.537998359440934
1.0002281813830354,33.53799883620762
1.0002278144827503,33.53799978974152
1.0002276841209121,33.53800012853763
1.0002276189399715,33.53800029793572
1.000227488578047,33.53800063673196
1.0002272278540265,33.53800131432471
1.0002267064052972,33.53800266951127
1.0002265607146796,33.538003048144624
1.0002264878693439,33.53800323746133
1.0002263421786188,33.53800361609484
1.0002262265988848,33.53800391647328
1.0002261110191057,33.53800421685179
1.0002258798594126,33.538004817609014
1.0002257116237798,33.538005254833784
1.0002255433880514,33.538005692058704
1.0002252069163078,33.538006566508976
1.0002249775847691,33.53800716251429
1.000224748253053,33.538007758519875
1.0002245826348874,33.53800818894148
1.000224509468165,33.53800837909292
1.0002244363014243,33.5380085692444
1.0002242899678895,33.53800894954742
1.000224165209645,33.53800927377883
1.0002240404513483,33.538009598010326
1.000223790934597,33.53801024647356
1.0002235873255685,33.53801077562813
1.0002233837164003,33.538011304782906
1.000223223968194,33.538011719948415
1.000223155938513,33.538011896748976
1.0002230879088168,33.53801207354957
1.0002229518493768,33.538012427150825
1.0002226797303093,33.53801313435362
1.0002224964801008,33.53801361059742
1.0002224196849683,33.538013810178086
1.0002223428898158,33.53801400975878
1.000222189299451,33.53801440892027
1.0002220650572846,33.53801473180952
1.0002219408150659,33.53801505469886
1.0002218437754438,33.53801530689216
1.00022174673579,33.5380155590855
1.0002216596248337,33.53801578547544
1.000221572513852,33.5380160118654
1.0002213982918113,33.53801646464547
1.0002212553257233,33.53801683619536
1.0002211123595663,33.538017207745355
1.0002209901601622,33.53801752532527
1.0002208679607079,33.53801784290526
1.0002206235616475,33.538018478065474
1.0002205395870247,33.53801869630415
1.0002204975997047,33.5380188054235
1.0002204136250463,33.53801902366222
1.000220245675658,33.53801946013979
1.0002201208736183,33.53801978448322
1.0002199960715263,33.538020108826736
1.0002197464671845,33.538020757514
1.0002195727537706,33.538021208971074
1.000219399040255,33.5380216604283
1.0002190516129181,33.53802256334323
1.0002187592493954,33.53802332315469
1.0002186471629413,33.538023614451454
1.0002185350764448,33.53802390574828
1.0002183109033247,33.53802448834214
1.0002181543547344,33.53802489518941
1.0002179978060612,33.538025302036814
1.0002176847084672,33.538026115732
1.0002174702297926,33.53802667313073
1.0002172557509628,33.53802723052969
1.0002168267928373,33.53802834532836
1.0002159688747232,33.538030574928555
1.000215780374522,33.53803106481189
1.0002156861243763,33.53803130975363
1.0002154976239952,33.53803179963723
1.0002151206228729,33.538032779405
1.0002150214744758,33.53803303707631
1.0002149719002649,33.53803316591198
1.000214872751818,33.538033423583364
1.0002146744548253,33.53803393892628
1.0002146021950626,33.53803412671809
1.0002145660651744,33.538034220613994
1.0002144938053852,33.538034408405835
1.0002143492857538,33.5380347839896
1.0002142249371009,33.53803510715212
1.000214100588396,33.538035430314714
1.0002138518908292,33.53803607664015
1.0002133544950698,33.53803736929197
1.0002132129649155,33.53803773710599
1.0002131421998128,33.53803792101303
1.0002130006695573,33.53803828882719
1.000212717608843,33.53803902445585
1.0002121514866031,33.538040495714405
1.0002110192388778,33.53804343823652
1.0002109315716234,33.53804366606883
1.0002109096548055,33.53804372302692
1.0002108658211655,33.53804383694309
1.0002107781538658,33.53804406477548
1.0002106028191888,33.53804452044035
1.000210252149523,33.538045431770605
1.0002100127050204,33.53804605404551
1.000209913893486,33.53804631083955
1.0002098150819185,33.53804656763365
1.0002096174586854,33.538047081222004
1.0002094571184854,33.53804749791814
1.0002092967781988,33.53804791461442
1.000208976097365,33.53804874800736
1.0002087502428274,33.53804933496327
1.000208665396283,33.53804955546435
1.0002085805497138,33.53804977596547
1.0002084108565032,33.53805021696781
1.0002082660746419,33.53805059322993
1.0002081212927096,33.538050969492154
1.000207831728633,33.53805172201694
1.0002076115829461,33.53805229413564
1.0002075307476568,33.53805250421185
1.0002074499123452,33.53805271428809
1.0002072882416562,33.538053134440695
1.000206964900013,33.53805397474629
1.000206318215668,33.53805565535911
1.0002061964431577,33.53805597182314
1.0002061355568834,33.53805613005518
1.0002060137842979,33.53805644651932
1.0002057702389768,33.53805707944784
1.0002056864535074,33.538057297190484
1.0002056445607637,33.53805740606182
1.0002055607752585,33.53805762380451
1.0002053932041772,33.53805805929002
1.0002050580617308,33.53805893026147
1.0002048238901449,33.53805953882863
1.0002045897183738,33.53806014739606
1.000204121374276,33.53806136453178
1.0002039948448391,33.53806169335718
1.0002039315801003,33.538061857769904
1.0002038050505822,33.53806218659544
1.0002037054527357,33.53806244543077
1.000203605854856,33.53806270426614
1.000203406658996,33.538063221937044
1.0002032350395802,33.53806366794208
1.000203063420065,33.53806411394727
1.0002029227819194,33.53806447943792
1.000202782143707,33.53806484492868
1.0002025008670818,33.5380655759105
1.0002022752664677,33.53806616220128
1.0002021826249663,33.538066402957924
1.0002020899834358,33.53806664371461
1.0002019047002884,33.538067125228096
1.0002015341336452,33.538068088255635
1.000201236798246,33.53806886096967
1.0002009394625486,33.538069633684174
1.0002008647716123,33.53806982779056
1.000200827426137,33.53806992484376
1.0002007527351724,33.53807011895018
1.000200603353187,33.538070507163106
1.0002005041055673,33.53807076508712
1.0002004048579143,33.53807102301119
1.0002003223493972,33.5380712374337
1.0002002398408574,33.53807145185623
1.0002000748237085,33.53807188070141
1.000199744789135,33.53807273839219
1.0001996506208852,33.538072983115676
1.0001996035367493,33.538073105477444
1.0001995612737797,33.53807321531
1.0001995190108042,33.53807332514258
1.0001994344848353,33.538073544807744
1.0001993629279813,33.5380737307689
1.0001992913711097,33.53807391673008
1.000199148257315,33.53807428865253
1.0001990405534325,33.53807456855206
1.000198932849511,33.53807484845165
1.0001988465869838,33.53807507262959
1.0001987603244313,33.53807529680756
1.000198690295165,33.53807547879867
1.0001986202658824,33.5380756607898
1.0001985620015792,33.53807581220625
1.0001985037372645,33.538075963622724
1.0001983872086007,33.53807626645572
1.0001981541511353,33.53807687212192
1.000197953515193,33.53807739353141
1.0001978723681915,33.53807760441491
1.0001977912211677,33.53807781529843
1.000197725880003,33.538077985105936
1.0001976605388243,33.53807815491347
1.0001975298564232,33.5380784945286
1.0001974353981071,33.53807874000517
1.000197340939761,33.538078985481796
1.0001971520229784,33.53807947643517
1.000196774189052,33.538080458342485
1.0001967295854306,33.53808057425746
1.0001967184345244,33.53808060323621
1.0001966961327104,33.5380806611937
1.0001966515290774,33.53808077710868
1.000196562321791,33.5380810089387
1.000196383907138,33.53808147259885
1.000196320201767,33.538081638154964
1.0001962883490765,33.538081720933036
1.0001962246436844,33.53808188648919
1.0001961685647338,33.5380820322259
1.0001961124857726,33.53808217796262
1.0001960003278187,33.53808246943612
1.000195914950086,33.538082691313775
1.000195829572329,33.53808291319147
1.0001956588167409,33.538083356946956
1.0001953173052691,33.53808424445839
1.0001950642973836,33.53808490196866
1.0001948112892822,33.53808555947926
1.0001946370300205,33.53808601233938
1.000194565329937,33.53808619867153
1.0001944936298357,33.53808638500371
1.0001943502295816,33.53808675766814
1.000194063428865,33.53808750299733
1.0001938222819153,33.538088129682635
1.0001935811347697,33.53808875636823
1.000193400727917,33.53808922520375
1.0001933221074126,33.53808942952014
1.0001932434868874,33.53808963383656
1.0001930862457746,33.5380900424695
1.000192771763299,33.53809085973578
1.0001925584566789,33.53809141406951
1.0001924652397434,33.53809165631836
1.0001923720227783,33.53809189856723
1.0001921855887608,33.538092383065134
1.0001921315548654,33.53809252348642
1.0001921045379136,33.53809259369707
1.0001920505040032,33.53809273411838
1.0001919424361525,33.53809301496105
1.0001918585972958,33.538093232838285
1.0001917747584148,33.538093450715564
1.0001917048773112,33.538093632319885
1.000191634996191,33.53809381392423
1.0001914952339013,33.538094177133
1.000191387406035,33.53809445735178
1.0001912795781296,33.53809473757063
1.0001911883690744,33.53809497460105
1.0001910971599908,33.53809521163151
1.0001909147417396,33.538095685692554
1.0001905499049004,33.538096633815165
1.0001898202298738,33.53809853006246
1.000189754247024,33.53809870153569
1.0001897377513091,33.538098744404
1.0001897047598767,33.538098830140626
1.000189638777001,33.538099001613894
1.0001895068112057,33.53809934456049
1.000189389909432,33.538099648359356
1.0001893387247471,33.538099781375706
1.0001892875400538,33.53809991439208
1.0001891851706397,33.538100180424856
1.0001891076874523,33.53810038178446
1.00018907357971,33.53810047042202
1.0001890394719637,33.53810055905959
1.0001889712564593,33.53810073633475
1.000188916410836,33.53810087886489
1.0001888615652026,33.53810102139505
1.0001888158373058,33.538101140230474
1.000188770109402,33.53810125906591
1.0001886786535734,33.538101496736815
1.0001884957418312,33.53810197207874
1.0001883332470005,33.53810239436211
1.000188170752081,33.538102816645626
1.00018806734885,33.53810308536462
1.0001879639455826,33.53810335408367
1.0001878741506718,33.538103587438
1.0001877843557336,33.53810382079237
1.000187604765776,33.53810428750124
1.0001874812484202,33.538104608491544
1.0001874258655776,33.5381047524175
1.0001873704827244,33.53810489634347
1.0001872597169872,33.538105184195445
1.0001870381853883,33.538105759899594
1.000186966769073,33.538105945492354
1.0001869310609093,33.53810603828874
1.0001868596445682,33.53810622388154
1.0001867972469298,33.53810638603703
1.0001867348492786,33.53810654819253
1.0001866100539365,33.53810687250359
1.0001865659542493,33.53810698710735
1.0001865439044033,33.53810704440923
1.0001864998047065,33.538107159012995
1.0001864116052928,33.538107388220574
1.0001863440807812,33.53810756369938
1.0001862765562541,33.53810773917821
1.0001861415071538,33.538108090135935
1.0001858714087681,33.53810879205167
1.000185664489027,33.538109329782316
1.0001856244234084,33.53810943390242
1.0001856043905972,33.53810948596249
1.0001855643249706,33.53810959008261
1.000185484193701,33.538109798322886
1.000185323931097,33.53811021480354
1.0001852675685527,33.538110361275045
1.0001852393872765,33.538110434510806
1.0001851830247162,33.53811058098234
1.0001850702995632,33.538110873925454
1.0001849924125703,33.5381110763333
1.000184914525557,33.538111278741184
1.0001847587514694,33.53811168355704
1.0001844472030479,33.538112493189125
1.000184363922279,33.5381127096138
1.0001843222818854,33.53811281782614
1.000184239001081,33.53811303425086
1.0001841755406498,33.538113199167675
1.0001841120802049,33.53811336408451
1.0001839851592742,33.53811369391825
1.0001838904299662,33.53811394009447
1.0001838524369202,33.53811403882827
1.0001838144438688,33.538114137562076
1.000183738457752,33.53811433502971
1.000183680746447,33.53811448500597
1.0001836230351304,33.53811463498224
1.0001835076124637,33.538114934934846
1.0001834687163127,33.538115036015526
1.0001834492682353,33.53811508655586
1.0001834103720768,33.53811518763655
1.0001833325797442,33.53811538979794
1.0001831769950178,33.53811579412082
1.0001830639696025,33.538116087843434
1.0001829509441444,33.53811638156611
1.000182724893099,33.53811696901167
1.0001825466396002,33.53811743224419
1.0001823683859943,33.53811789547689
1.000182309854888,33.5381180475833
1.0001822805893306,33.538118123636515
1.000182222058207,33.53811827574295
1.0001821743452843,33.53811839973583
1.0001821266323536,33.53811852372873
1.000182031206469,33.538118771714544
1.000181840354608,33.53811926768631
1.0001817138527485,33.538119596429965
1.0001815873508344,33.5381199251737
1.0001814859141154,33.538120188779835
1.0001813844773617,33.53812045238603
1.0001811816037498,33.538120979598574
1.0001807758561092,33.5381220340243
1.000180668907322,33.53812231195447
1.000180615432914,33.53812245091957
1.0001805703835585,33.538122567990314
1.0001805253341962,33.538122685061055
1.000180435235451,33.53812291920258
1.000180354770713,33.53812312830798
1.000180274305953,33.53812333741342
1.0001801133763673,33.53812375562438
1.0001797915169337,33.53812459204672
1.0001797439058462,33.53812471577454
1.0001797320030732,33.53812474670651
1.0001797081975254,33.53812480857042
1.0001796605864244,33.53812493229826
1.0001795653641992,33.53812517975399
1.0001794860715107,33.53812538581331
1.0001794067788015,33.538125591872664
1.000179248193319,33.538126003991465
1.0001792020498566,33.53812612390526
1.0001791789781227,33.538126183862154
1.0001791328346497,33.53812630377596
1.000179040547682,33.5381265436036
1.0001788559736606,33.53812702325902
1.0001787988997324,33.53812717157791
1.000178770362764,33.538127245737364
1.0001787132888191,33.53812739405628
1.0001785991408962,33.538127690694175
1.0001783708449183,33.538128283970146
1.000178219512402,33.53812867723998
1.0001780681798085,33.53812907050994
1.000177940522607,33.53812940225429
1.0001778128653505,33.53812973399872
1.0001777022090321,33.53813002156257
1.0001775915526723,33.53813030912648
1.0001775503560744,33.53813041618453
1.0001775297577733,33.53813046971356
1.0001774885611663,33.538130576771614
1.0001774061679356,33.538130790887756
1.000177338503213,33.53813096672875
1.0001772708384746,33.538131142569775
1.0001772138235938,33.5381312907349
1.0001771568087021,33.538131438900045
1.0001770427788859,33.53813173523037
1.000176941162417,33.53813199930198
1.0001768395459136,33.53813226337364
1.0001766363128022,33.538132791517114
1.0001765772317475,33.53813294505149
1.0001765476912154,33.53813302181868
1.0001764886101425,33.538133175353074
1.0001763704479616,33.538133482421934
1.000176272456738,33.53813373707235
1.000176174465482,33.53813399172282
1.0001761401333984,33.53813408094181
1.0001761229673551,33.5381341255513
1.0001760886352655,33.538134214770295
1.0001760199710745,33.538134393208296
1.0001758826426448,33.53813475008439
1.0001757823019943,33.538135010840094
1.0001756819613097,33.53813527159585
1.000175481279839,33.53813579310753
1.000175311841496,33.538136233427466
1.000175252890183,33.5381363866244
1.0001751939388586,33.53813653982135
1.0001750760361745,33.53813684621531
1.0001748402306654,33.53813745900344
1.000174368619084,33.53813868458055
1.000174266351776,33.53813895034252
1.0001742152181088,33.53813908322353
1.000174170345038,33.53813919983513
1.0001741254719603,33.53813931644674
1.0001740357257842,33.53813954966998
1.0001738562333509,33.53814001611657
1.0001737359135352,33.53814032879136
1.0001736831358692,33.53814046594452
1.0001736303581936,33.53814060309771
1.000173524802814,33.53814087740411
1.0001734389743318,33.53814110044627
1.0001733531458246,33.53814132348845
1.0001732831732588,33.538141505325854
1.0001732132006764,33.538141687163275
1.000173154135147,33.53814184065658
1.0001730950696057,33.5381419941499
1.0001729769384877,33.5381423011366
1.0001729347841088,33.53814241068295
1.0001729137069173,33.53814246545613
1.0001728715525293,33.53814257500249
1.000172836649565,33.53814266570461
1.000172801746597,33.53814275640674
1.0001727319406477,33.53814293781102
1.0001726765594108,33.53814308172987
1.0001726211781634,33.538143225648746
1.000172573331593,33.538143349987294
1.0001725254850145,33.53814347432585
1.0001724297918344,33.53814372300301
1.000172357797744,33.538143910093495
1.000172285803636,33.53814409718401
1.0001721418153675,33.53814447136512
1.0001718538386204,33.53814521972768
1.0001717692793872,33.53814543947094
1.0001717269997616,33.53814554934258
1.0001716424404923,33.538145769085894
1.0001715762573022,33.538145941075456
1.0001715100740973,33.53814611306504
1.0001713777076429,33.53814645704428
1.0001713346380574,33.53814656896872
1.0001713131032623,33.53814662493095
1.0001712700336673,33.53814673685541
1.0001711838944587,33.538146960704346
1.000171011615966,33.53814740840234
1.0001708988000988,33.53814770157549
1.0001707859841888,33.53814799474871
1.0001706966216448,33.53814822697394
1.0001706072590737,33.53814845919921
1.0001704285338509,33.538148923649885
1.0001703698105904,33.53814907625315
1.000170340448956,33.538149152554794
1.0001702817256777,33.538149305158086
1.0001701642790866,33.538149610364734
1.0001700767124202,33.538149837922845
1.0001699891457279,33.538150065481
1.0001698140122661,33.53815052059741
1.0001697565429508,33.53815066994194
1.000169727808289,33.53815074461421
1.0001696703389573,33.538150893958765
1.00016955540026,33.53815119264793
1.0001693255227324,33.53815179002646
1.0001692491134995,33.538151988589696
1.0001692109088758,33.538152087871325
1.0001691344996135,33.53815228643461
1.000169066700927,33.53815246262173
1.000168998902225,33.53815263880889
1.0001689383917842,33.53815279605616
1.000168877881331,33.53815295330346
1.0001687568603874,33.538153267798116
1.0001687175650307,33.53815336991414
1.0001686979173505,33.53815342097216
1.000168658621986,33.5381535230882
1.0001685800312416,33.53815372732031
1.0001684228496903,33.5381541357846
1.0001681084863374,33.5381549527136
1.0001674797586313,33.538156586573116
1.0001670686348292,33.53815765494985
1.000166937603111,33.53815799545845
1.0001668065713347,33.53815833596713
1.000166713864233,33.5381585768825
1.0001666211571025,33.538158817797914
1.0001665530035468,33.538158994906624
1.0001664848499756,33.53815917201535
1.000166430617173,33.538159312948565
1.00016637638436,33.5381594538818
1.0001662679187042,33.538159735748316
1.0001660509872743,33.538160299481525
1.0001658650597618,33.53816078264564
1.0001657862667679,33.53816098740254
1.0001657074737529,33.53816119215948
1.000165644307028,33.53816135630885
1.0001655811402894,33.538161520458246
1.000165454806772,33.538161848757085
1.0001653604830056,33.53816209387317
1.0001653202610046,33.538162198396755
1.000165280038998,33.53816230292035
1.000165199594969,33.53816251196758
1.0001650387068448,33.53816293006212
1.000164920618264,33.53816323693488
1.0001648025296357,33.53816354380771
1.0001647691757247,33.53816363048336
1.000164752498768,33.53816367382119
1.0001647191448513,33.53816376049684
1.0001646524370067,33.53816393384816
1.000164519021273,33.53816428055087
1.000164472370471,33.53816440178064
1.0001644490450672,33.53816446239553
1.0001644023942542,33.53816458362531
1.0001643622503553,33.5381646879458
1.0001643221064511,33.5381647922663
1.0001642418186263,33.53816500090733
1.0001640812429113,33.538165418189465
1.000163966998391,33.53816571507241
1.0001639472397952,33.53816576641833
1.000163937360497,33.538165792091284
1.0001639176018988,33.538165843437206
1.0001638780846986,33.53816594612905
1.0001638444934369,33.538166033421376
1.0001638109021709,33.53816612071371
1.0001637437196276,33.5381662952984
1.0001636093544954,33.53816664446786
1.0001635653899978,33.53816675871668
1.0001635434077465,33.53816681584109
1.000163499443239,33.53816693008993
1.0001634115142042,33.53816715858763
1.0001632356560564,33.53816761558315
1.0001631966145288,33.53816771703879
1.000163177093763,33.53816776776661
1.0001631380522278,33.53816786922226
1.0001630599691418,33.53816807213358
1.0001629038029078,33.53816847795631
1.0001627633677956,33.53816884289916
1.000162705819776,33.538168992446764
1.0001626805205264,33.53816905819086
1.0001626552212746,33.538169123934956
1.000162604622764,33.53816925542316
1.0001625034257173,33.5381695183996
1.0001624263010813,33.53816971882006
1.0001623491764249,33.538169919240545
1.0001621949270523,33.53817032008162
1.000162135055608,33.53817047566689
1.0001621051198812,33.53817055345953
1.0001620452484188,33.53817070904483
1.0001619950526157,33.53817083948641
1.0001619448568044,33.53817096992801
1.0001618444651559,33.53817123081125
1.0001617565721985,33.538171459214674
1.0001616686792152,33.538171687618146
1.000161640386246,33.53817176114178
1.0001616262397606,33.53817179790361
1.0001615979467873,33.53817187142725
1.0001615413608327,33.538172018474555
1.0001614934664564,33.53817214293544
1.0001614455720726,33.538172267396334
1.000161349783282,33.53817251631816
1.0001612803285822,33.53817269680681
1.0001612108738662,33.53817287729548
1.0001610719643856,33.53817323827289
1.000160959290966,33.538173531071855
1.0001608466175034,33.538173823870885
1.0001607631744986,33.538174040710125
1.0001606797314706,33.5381742575494
1.000160611890092,33.53817443384542
1.000160544048698,33.53817461014146
1.000160497865123,33.53817473015639
1.000160451681541,33.538174850171345
1.000160359314355,33.53817509020127
1.0001602796831628,33.5381752971348
1.0001602454719325,33.53817538603778
1.0001602112606984,33.538175474940765
1.0001601821607633,33.53817555056128
1.0001601530608253,33.5381756261818
1.0001601288143434,33.538175689189885
1.0001601045678594,33.53817575219798
1.000160056074886,33.538175878214155
1.0001599590889152,33.538176130246555
1.0001598762163668,33.538176345603105
1.0001597933437953,33.5381765609597
1.000159721088195,33.53817674872651
1.0001596488325768,33.53817693649334
1.0001595043212876,33.5381773120271
1.0001594652993646,33.53817741343127
1.000159445788401,33.53817746413336
1.00015940676647,33.538177565537545
1.0001593728994893,33.53817765354584
1.0001593390325048,33.538177741554136
1.0001593096028802,33.5381778180313
1.0001592801732528,33.538177894508465
1.0001592213139894,33.538178047462814
1.0001591035954271,33.538178353371556
1.0001590259369437,33.538178555178355
1.0001589928236823,33.53817864122795
1.000158959710417,33.53817872727755
1.0001588934838754,33.53817889937676
1.0001588691036027,33.53817896273241
1.0001588569134658,33.53817899441024
1.00015883253319,33.538179057765895
1.0001587837726325,33.538179184477215
1.000158686251493,33.538179437899885
1.0001584912091182,33.53817994474538
1.000158372410454,33.538180253460624
1.0001583201965736,33.53818038914581
1.0001582679826841,33.538180524831006
1.0001581635548773,33.53818079620145
1.000158133703759,33.5381808737738
1.0001581187781985,33.53818091255998
1.000158088927076,33.53818099013233
1.0001580292248213,33.538181145277065
1.0001579098202764,33.53818145556658
1.0001576710110416,33.53818207614584
1.0001571933919944,33.53818331730523
1.0001570819029815,33.53818360702479
1.0001570261584591,33.538183751884596
1.0001569146693832,33.53818404160425
1.0001568270851129,33.53818426920395
1.000156739500817,33.5381844968037
1.0001565643321473,33.53818495200332
1.0001564650625057,33.53818520996894
1.0001563657928307,33.5381854679346
1.0001561672533812,33.5381859838661
1.0001561025706887,33.53818615195276
1.0001560702293368,33.53818623599609
1.0001560055466232,33.538186404082786
1.0001558761811533,33.53818674025623
1.0001557911187602,33.53818696130219
1.0001557060563424,33.538187182348175
1.0001556352323782,33.53818736639363
1.000155605096443,33.53818744470585
1.000155574960505,33.53818752301807
1.000155514688619,33.53818767964252
1.0001553941448107,33.53818799289148
1.0001553025658918,33.538188230871334
1.000155210986944,33.538188468851224
1.0001551542194052,33.5381886163691
1.0001550974518554,33.53818876388699
1.0001549839167234,33.538189058922825
1.0001548966280605,33.53818928575376
1.000154809339372,33.53818951258474
1.0001546347619175,33.53818996624679
1.0001545199455402,33.53819026461191
1.0001545001108307,33.538190316154946
1.0001544901934756,33.53819034192647
1.0001544703587641,33.538190393469506
1.000154430689337,33.5381904965556
1.0001543954066856,33.53819058824208
1.00015436012403,33.53819067992858
1.000154289558706,33.538190863301594
1.0001541484280074,33.53819123004769
1.0001538661664087,33.538191963540186
1.000153795522586,33.53819214711706
1.0001537602006685,33.5381922389055
1.0001536895568206,33.5381924224824
1.0001535482690744,33.5381927896363
1.0001532656933798,33.5381935239444
1.0001532380025446,33.53819359590246
1.0001532310798353,33.53819361389198
1.0001532172344165,33.53819364987102
1.0001531895435767,33.538193721829096
1.000153166023633,33.538193782948575
1.0001531425036871,33.53819384406806
1.0001530954637903,33.53819396630704
1.000153001383974,33.53819421078502
1.0001529687103425,33.53819429569147
1.0001529523735253,33.538194338144706
1.0001529196998884,33.53819442305116
1.0001528543526037,33.53819459286408
1.0001528293800852,33.538194657758226
1.0001528168938254,33.5381946902053
1.0001527919213038,33.538194755099454
1.0001527419762544,33.53819488488777
1.0001526420861304,33.53819514446444
1.0001525541787133,33.53819537290254
1.0001524662712702,33.53819560134069
1.0001524409257245,33.53819566720415
1.0001524282529508,33.53819570013589
1.0001524029074018,33.53819576599936
1.0001523522162972,33.53819589772632
1.0001523073867953,33.538196014221185
1.0001522625572865,33.53819613071606
1.0001521728982488,33.538196363705836
1.000152101941609,33.53819654809517
1.0001520309849525,33.538196732484536
1.0001518890715884,33.53819710126334
1.0001518446595459,33.53819721667332
1.0001518224535222,33.53819727437831
1.00015177804147,33.5381973897883
1.0001517402324185,33.5381974880396
1.0001517024233624,33.5381975862909
1.0001516268052357,33.53819778279354
1.0001515646957826,33.53819794419228
1.0001515025863166,33.538198105591036
1.0001514542952885,33.538198231080955
1.0001514060042525,33.53819835657089
1.0001513877470845,33.53819840401428
1.0001513786185,33.53819842773597
1.0001513603613306,33.538198475179364
1.000151323846988,33.538198570066164
1.0001512508182888,33.538198759839766
1.0001511047608371,33.53819913938706
1.0001510042550503,33.538199400563016
1.000150962034891,33.538199510276996
1.0001509198147258,33.53819961999098
1.0001508877543837,33.53819970330348
1.000150855694038,33.53819978661599
1.000150791573336,33.53819995324102
1.0001507431914345,33.53820007896696
1.0001506948095251,33.538200204692906
1.0001506523869397,33.53820031493286
1.0001506099643482,33.538200425172825
1.0001505251191471,33.53820064565278
1.0001504982044715,33.53820071559363
1.000150484747133,33.53820075056406
1.0001504578324538,33.53820082050491
1.0001504040030884,33.538200960386646
1.0001503562456937,33.53820108448966
1.0001503084882912,33.53820120859268
1.0001502129734632,33.538201456798774
1.0001501402285464,33.538201645834654
1.0001500674836117,33.53820183487057
1.0001500437530184,33.53820189653718
1.000150031887721,33.53820192737049
1.0001500081571248,33.538201989037105
1.000149960695927,33.53820211237035
1.000149925541527,33.53820220372299
1.0001498903871222,33.53820229507564
1.000149860181518,33.53820237356829
1.0001498299759104,33.53820245206094
1.0001498039834207,33.538202519605335
1.0001497779909287,33.538202587149726
1.0001497260059378,33.538202722238516
1.0001497058998632,33.53820277448638
1.0001496958468254,33.538202800610314
1.0001496757407489,33.538202852858184
1.0001496355285917,33.538202957353946
1.0001495551042612,33.53820316634548
1.0001493942555346,33.538203584328656
1.0001493501694003,33.53820369889132
1.0001493281263307,33.53820375617266
1.0001492840401864,33.53820387073535
1.0001492509753396,33.53820395665798
1.0001492179104892,33.53820404258062
1.0001491517807772,33.538204214425896
1.000149019521309,33.53820455811655
1.0001487550021952,33.538205245498105
1.0001485249436217,33.53820584333001
1.000148456173886,33.538206022035524
1.0001483874041344,33.53820620074106
1.0001483297624267,33.53820635052917
1.000148272120708,33.5382065003173
1.0001481568372363,33.5382067998936
1.0001480687630824,33.53820702876357
1.0001479806889022,33.538207257633594
1.000147804540464,33.53820771537376
1.0001474522432732,33.53820863085457
1.0001471752593452,33.53820935062574
1.0001470708089812,33.53820962205066
1.0001470301491133,33.53820972770946
1.0001469894892396,33.53820983336827
1.0001469081694756,33.53821004468592
1.000146836105824,33.5382102319506
1.0001468049648852,33.53821031287347
1.000146773823943,33.53821039379634
1.0001467115420484,33.53821055564211
1.000146658731392,33.53821069287591
1.0001466059207267,33.53821083010972
1.0001465630980702,33.53821094138867
1.0001465202754074,33.538211052667634
1.0001464346300635,33.5382112752256
1.0001462633393008,33.53821172034164
1.0001462122827793,33.53821185301706
1.0001461867545154,33.53821191935478
1.0001461356979808,33.53821205203021
1.0001460924341263,33.538212164455594
1.0001460491702656,33.538212276880984
1.0001459626425255,33.5382125017318
1.0001458973053756,33.538212671516774
1.0001458701251509,33.53821274214724
1.0001458429449233,33.5382128127777
1.0001457885844611,33.53821295403865
1.000145679863507,33.538213236560594
1.0001456467552872,33.53821332259551
1.0001456302011758,33.53821336561297
1.0001455970929505,33.53821345164789
1.0001455308764888,33.538213623717745
1.0001453984435207,33.53821396785754
1.0001453151223767,33.5382141843755
1.0001452838167066,33.538214265726275
1.0001452525110333,33.53821434707705
1.0001451898996765,33.538214509778626
1.0001451351278203,33.5382146521085
1.000145080355954,33.53821479443838
1.000144970812191,33.5382150790982
1.0001447517245432,33.538215648418024
1.000144593217699,33.53821606031283
1.000144522501953,33.53821624407426
1.000144494931577,33.538216315718444
1.0001444673611986,33.538216387362624
1.000144412220434,33.538216530651
1.0001443654077158,33.53821665229816
1.0001443185949903,33.53821677394533
1.0001442852855797,33.53821686050289
1.0001442519761656,33.538216947060455
1.0001441853573263,33.53821712017561
1.0001441270482736,33.538217271697015
1.000144101288532,33.53821733863606
1.000144075528788,33.53821740557511
1.0001440240092934,33.53821753945321
1.0001439805804841,33.53821765230691
1.0001439371516685,33.53821776516063
1.000143850294018,33.53821799086809
1.0001436765786411,33.538218442283124
1.0001433291475812,33.53821934511367
1.000143293118018,33.53821943873967
1.0001432841106266,33.538219462146174
1.000143266095843,33.53821950895917
1.0001432300662723,33.53821960258519
1.0001431580071174,33.538219789837235
1.0001431086489785,33.53821991809869
1.0001430872471249,33.53821997371329
1.0001430658452697,33.53822002932789
1.0001430466323264,33.5382200792544
1.0001430274193819,33.538220129180914
1.000142988993489,33.53822022903395
1.0001429121416883,33.53822042874005
1.000142758438027,33.53822082815233
1.0001427156493297,33.53822093934246
1.0001426942549787,33.538220994937525
1.000142651466272,33.538221106127665
1.000142617207707,33.53822119515149
1.0001425829491386,33.53822128417532
1.0001425144319895,33.538221462223
1.0001423773976437,33.53822181831843
1.0001422897853354,33.53822204598645
1.0001422021730013,33.53822227365451
1.0001421416469305,33.538222430936614
1.000142116449955,33.53822249641307
1.000142091252978,33.53822256188953
1.0001420408590167,33.538222692842474
1.0001419981566084,33.53822280380826
1.000141955454194,33.538222914774046
1.0001419208307678,33.53822300474591
1.0001418862073377,33.538223094717786
1.0001418557578234,33.538223173843384
1.000141825308306,33.53822325296898
1.0001418005245108,33.53822331737173
1.0001417757407132,33.53822338177448
1.0001417261731123,33.538223510579996
1.0001416270378853,33.53822376819107
1.0001414287673323,33.53822428341335
1.0001413844521765,33.538224398569895
1.000141362294596,33.53822445614817
1.0001413179794303,33.53822457130474
1.000141278444906,33.53822467403841
1.0001412389103765,33.53822477677208
1.0001411598413015,33.53822498223946
1.0001411051556341,33.53822512434458
1.0001410504699566,33.538225266449714
1.000141006487374,33.538225380741984
1.0001409882920662,33.53822542802396
1.000140970096757,33.53822547530593
1.000140933706135,33.53822556986987
1.0001409058686892,33.538225642207706
1.0001408780312406,33.53822571454554
1.000140822356336,33.538225859221214
1.0001408055776764,33.53822590282189
1.0001407971883465,33.53822592462224
1.0001407804096856,33.53822596822292
1.0001407468523609,33.53822605542428
1.0001407200834802,33.538226124985336
1.0001406933145967,33.53822619454639
1.0001406693113746,33.53822625692065
1.0001406453081507,33.53822631929492
1.0001405973016972,33.53822644404348
1.0001405012887672,33.5382266935406
1.0001403092628138,33.53822719253501
1.0001401556584926,33.538227591687715
1.0001400895828423,33.538227763390374
1.000140064267877,33.53822782917325
1.0001400389529091,33.53822789495614
1.0001399883229676,33.538228026521914
1.0001398870630582,33.53822828965351
1.00013980947038,33.538228491283974
1.0001397789158173,33.538228570682314
1.0001397483612515,33.53822865008066
1.0001396872521104,33.53822880887737
1.0001395650337908,33.53822912647086
1.000139470386443,33.53822937241908
1.000139375739065,33.53822961836734
1.0001393163590986,33.53822977267059
1.0001392569791208,33.538229926973855
1.000139215079082,33.5382300358542
1.000139196334224,33.53823008456409
1.000139177589365,33.538230133273984
1.0001391400996433,33.538230230693785
1.0001390651201856,33.538230425533406
1.0001389151612132,33.53823081521272
1.000138807923588,33.53823109387746
1.0001387696562036,33.53823119331802
1.0001387313888144,33.53823129275859
1.0001387172765406,33.538231329430346
1.0001387102204036,33.53823134776623
1.0001386961081284,33.538231384437985
1.0001386678835764,33.538231457781514
1.0001386114344644,33.53823160446858
1.000138498536208,33.53823189784274
1.0001384606459272,33.53823199630333
1.0001384417007848,33.53823204553363
1.0001384038104963,33.53823214399423
1.0001383280299052,33.53823234091546
1.0001381764686645,33.53823273475798
1.0001380798541502,33.53823298581755
1.0001379832396045,33.538233236877154
1.0001379189237019,33.53823340400647
1.0001378546077853,33.53823357113582
1.0001378020908192,33.53823370760476
1.0001377495738437,33.53823384407372
1.0001376445398653,33.53823411701168
1.0001375512066606,33.538234359544354
1.0001375161417552,33.538234450662884
1.0001374810768455,33.53823454178143
1.0001374509507897,33.53823462006602
1.0001374208247307,33.53823469835062
1.0001373605726038,33.53823485491982
1.0001373145754118,33.53823497444661
1.0001372685782124,33.5382350939734
1.0001371765837923,33.53823533302702
1.0001371193109854,33.538235481854215
1.0001370620381673,33.53823563068142
1.0001369474924984,33.53823592833588
1.0001368502791497,33.538236180951124
1.0001368096247178,33.53823628659431
1.00013676897028,33.538236392237515
1.000136687661388,33.538236603523934
1.0001366276853991,33.538236759375415
1.0001365677093985,33.53823691522691
1.0001365179540265,33.538237044519434
1.000136468198646,33.53823717381197
1.0001364331231337,33.53823726495792
1.0001363980476174,33.53823735610388
1.0001363278965727,33.53823753839582
1.0001362767894888,33.53823767120082
1.000136225682396,33.53823780400582
1.0001361819145274,33.53823791773938
1.0001361381466523,33.53823803147296
1.0001360506108827,33.538238258940126
1.000135995166363,33.538238403016166
1.0001359397218332,33.53823854709223
1.0001358965033573,33.53823865939811
1.0001358532848752,33.53823877170401
1.0001357668478916,33.538238996315826
1.000135698338524,33.53823917434161
1.0001356298291406,33.53823935236743
1.0001354928103263,33.53823970841913
1.0001352187725072,33.53824042052281
1.0001351597577612,33.53824057387613
1.0001351302503843,33.538240650552794
1.000135103705991,33.53824071952997
1.000135077161595,33.53824078850715
1.0001350240727969,33.538240926461505
1.000134917895171,33.53824120237028
1.0001348493021145,33.538241380613336
1.0001347807090422,33.538241558856406
1.00013464352285,33.538241915342624
1.0001345285427043,33.5382422141251
1.0001344849270795,33.53824232746278
1.0001344413114484,33.538242440800474
1.000134354080167,33.538242667475885
1.00013429678276,33.53824281636642
1.0001342394853416,33.53824296525697
1.000134124890472,33.538243263038126
1.0001340913633578,33.53824335016019
1.000134074599799,33.538243393721224
1.0001340410726793,33.53824348084329
1.000134028928072,33.53824351240172
1.0001340228557682,33.53824352818094
1.0001340107111598,33.53824355973937
1.0001339864219416,33.53824362285624
1.0001339378434992,33.53824374908999
1.0001338406865905,33.53824400155753
1.0001338083741178,33.53824408552325
1.0001337922178801,33.53824412750612
1.0001337599054019,33.53824421147184
1.0001336952804347,33.53824437940331
1.0001336403849475,33.538244522052196
1.00013358548945,33.538244664701104
1.0001334756984248,33.53824494999894
1.0001332561162521,33.538245520594806
1.0001332261739793,33.53824559840137
1.0001332186884107,33.538245617853015
1.0001332037172728,33.538245656756295
1.0001331737749948,33.538245734562864
1.0001331138904297,33.538245890176015
1.0001330700979703,33.538246003972986
1.0001330263055044,33.53824611776997
1.0001329901326377,33.53824621176703
1.0001329539597668,33.5382463057641
1.0001328816140118,33.53824649375825
1.0001328211692906,33.53824665082694
1.0001327962155149,33.538246715670596
1.0001327712617374,33.53824678051426
1.000132721354176,33.53824691020158
1.0001326215390283,33.53824716957627
1.0001324219086312,33.538247688325804
1.0001323788392305,33.53824780024377
1.0001323573045275,33.53824785620276
1.000132314235117,33.53824796812073
1.0001322822403527,33.53824805126069
1.0001322502455847,33.538248134400654
1.0001321862560384,33.53824830068061
1.000132142190981,33.5382484151858
1.0001321241225234,33.53824846213756
1.0001321060540649,33.53824850908932
1.0001320699171443,33.53824860299285
1.0001320389659067,33.53824868342112
1.000132008014666,33.5382487638494
1.0001319810546556,33.53824883390627
1.0001319540946427,33.53824890396315
1.0001319321498832,33.53824896098765
1.000131910205122,33.53824901801215
1.0001318663155947,33.538249132061175
1.000131826911486,33.53824923445462
1.000131787507372,33.53824933684806
1.0001317086991286,33.53824954163499
1.0001316607897826,33.538249666129666
1.0001316424803102,33.538249713707685
1.0001316241708365,33.538249761285705
1.0001315875518857,33.53824985644175
1.0001315143139713,33.538250046753866
1.0001314526679312,33.53825020694394
1.0001314277475812,33.53825027170061
1.0001314028272295,33.53825033645729
1.0001313812762147,33.538250392458586
1.0001313597251984,33.538250448459884
1.000131316623161,33.53825056046249
1.000131230419068,33.53825078446773
1.0001311801842478,33.53825091500517
1.0001311604465861,33.53825096629437
1.0001311407089233,33.53825101758357
1.0001311012335938,33.53825112016198
1.0001310222829187,33.538251325318825
1.000130956283385,33.53825149682154
1.0001309304927717,33.53825156383958
1.0001309047021558,33.53825163085763
1.0001308531209177,33.53825176489375
1.0001307499584144,33.53825203296602
1.0001307261798635,33.53825209475561
1.000130714290587,33.53825212565041
1.0001306905120333,33.53825218744001
1.0001306429549197,33.538252311019214
1.00013054784067,33.538252558177675
1.000130521223953,33.53825262734235
1.0001305079155938,33.53825266192469
1.0001304812988734,33.538252731089365
1.0001304575256695,33.538252792865045
1.0001304337524635,33.538252854640724
1.0001303862060458,33.5382529781921
1.000130291113188,33.53825322529488
1.0001302293127763,33.538253385885824
1.000130204307242,33.53825345086375
1.0001301793017057,33.538253515841674
1.0001301575153456,33.53825357245444
1.0001301357289842,33.5382536290672
1.0001301162755052,33.53825367961787
1.000130096822025,33.53825373016854
1.0001300579150605,33.53825383126989
1.0001300267805548,33.53825391217418
1.0001299956460459,33.53825399307846
1.0001299693165409,33.538254061496744
1.0001299429870336,33.53825412991503
1.000129890328012,33.538254266751636
1.0001298742681026,33.538254308483964
1.0001298662381475,33.538254329350124
1.0001298501782365,33.53825437108245
1.0001298180584124,33.53825445454711
1.0001297538187535,33.53825462147642
1.0001297121841437,33.53825472966562
1.0001296705495282,33.538254837854815
1.0001295872802798,33.53825505423324
1.0001295363387883,33.5382551866067
1.0001294853972882,33.53825531898018
1.0001294453963463,33.53825542292417
1.0001294053953986,33.538255526868184
1.0001293253934875,33.53825573475623
1.0001291653896005,33.53825615053242
1.0001288453815669,33.5382569820852
1.0001286236208784,33.53825755833839
1.0001285842629235,33.538257660611436
1.000128564583944,33.53825771174797
1.0001285252259815,33.53825781402103
1.0001284933744707,33.53825789678831
1.0001284615229566,33.538257979555596
1.0001284370272907,33.53825804320844
1.0001284125316228,33.53825810686128
1.0001283920362847,33.53825816011913
1.0001283715409448,33.538258213376984
1.000128330550261,33.538258319892705
1.0001282940418914,33.53825841476097
1.000128257533517,33.53825850962924
1.0001281845167553,33.53825869936581
1.0001280384831779,33.538259078839026
1.0001280102481849,33.5382591522086
1.0001279961306873,33.5382591888934
1.0001279678956903,33.53825926226299
1.000127911425688,33.53825940900217
1.0001278721846907,33.53825951097121
1.0001278329436882,33.538259612940244
1.0001277988161414,33.5382597016218
1.0001277646885907,33.53825979030336
1.0001277355422575,33.53825986604105
1.0001277063959215,33.53825994177875
1.000127648103241,33.53826009325417
1.0001276091432207,33.53826019449304
1.0001275917539512,33.53826023967962
1.0001275743646805,33.538260284866205
1.000127560341017,33.53826032130715
1.0001275463173527,33.538260357748094
1.0001275182700222,33.538260430629975
1.000127462175353,33.53826057639375
1.000127421898574,33.53826068105423
1.0001273816217897,33.538260785714726
1.000127347929261,33.53826087326582
1.0001273142367286,33.53826096081691
1.0001273020495776,33.538260992485604
1.000127295956002,33.53826100831995
1.0001272837688504,33.53826103998864
1.0001272728060797,33.53826106847574
1.0001272618433086,33.53826109696284
1.0001272399177652,33.53826115393705
1.0001271960666733,33.53826126788545
1.0001271608823248,33.53826135931306
1.0001271256979718,33.53826145074068
1.0001270553292536,33.53826163359594
1.0001270003471927,33.53826177646849
1.0001269756748818,33.53826184058022
1.0001269510025688,33.53826190469196
1.0001269016579366,33.53826203291545
1.000126885555632,33.538262074757775
1.0001268775044794,33.53826209567893
1.0001268614021737,33.53826213752126
1.0001268469575109,33.53826217505615
1.0001268325128476,33.538262212591036
1.0001268202846822,33.53826224436628
1.000126808056516,33.53826227614152
1.0001267836001824,33.538262339692025
1.000126734687509,33.53826246679304
1.0001266368621382,33.5382627209951
1.0001266103018076,33.53826279001289
1.0001265970216415,33.53826282452178
1.0001265704613076,33.538262893539574
1.000126517340632,33.538263031575156
1.000126498297869,33.53826308105832
1.0001264887764871,33.5382631057999
1.0001264697337222,33.53826315528306
1.000126431648189,33.538263254249394
1.0001263554771078,33.53826345218207
1.0001263365015824,33.5382635014905
1.0001263270138192,33.53826352614471
1.0001263080382923,33.538263575453136
1.0001262700872349,33.53826367407
1.0001261941851058,33.53826387130376
1.000126126471157,33.53826404726029
1.000126058757192,33.53826422321684
1.0001259233292163,33.53826457513002
1.0001258892368843,33.53826466371984
1.0001258721907167,33.53826470801475
1.0001258380983788,33.53826479660457
1.0001257699136914,33.53826497378424
1.000125709011998,33.538265132038845
1.0001256481102918,33.53826529029347
1.0001256091977275,33.53826539140874
1.0001255702851581,33.538265492524026
1.0001254924600038,33.538265694754614
1.0001254695771575,33.53826575421625
1.0001254581357337,33.538265783947075
1.000125435252885,33.53826584340871
1.000125415703975,33.53826589420703
1.0001253961550638,33.53826594500536
1.0001253570572375,33.538266046602
1.0001253268693022,33.53826612504608
1.0001252966813639,33.53826620349017
1.0001252363054782,33.53826636037835
1.0001251155536697,33.53826667415477
1.0001250826004346,33.53826675978452
1.000125066123816,33.53826680259939
1.0001250528701613,33.538266837039316
1.0001250396165058,33.538266871479244
1.0001250131091932,33.53826694035911
1.000124960094561,33.538267078118835
1.0001248540652685,33.53826735363834
1.0001247952687722,33.53826750642234
1.0001247712633954,33.53826756880085
1.000124760947093,33.53826759560799
1.0001247506307902,33.538267622415134
1.0001247299981837,33.53826767602941
1.000124688732966,33.53826778325798
1.0001246556966272,33.53826786910361
1.0001246226602847,33.538267954949255
1.0001245987069636,33.53826801719247
1.0001245747536405,33.53826807943569
1.0001245670812764,33.538268099372495
1.0001245632450941,33.53826810934089
1.0001245555727298,33.5382681292777
1.0001245402280003,33.5382681691513
1.0001245095385394,33.53826824889851
1.0001244834607907,33.53826831666209
1.0001244573830397,33.53826838442568
1.0001244368369695,33.53826843781507
1.0001244162908978,33.53826849120446
1.0001243996444795,33.53826853446053
1.0001243829980606,33.53826857771659
1.0001243686548804,33.538268614987636
1.0001243543116995,33.53826865225868
1.0001243414869565,33.53826868558404
1.0001243286622126,33.53826871890941
1.0001243030127231,33.538268785560135
1.0001242837692823,33.5382688355646
1.0001242645258401,33.53826888556907
1.000124226038952,33.538268985578014
1.000124149065161,33.53826918559595
1.0001240915281957,33.53826933510689
1.0001240339912192,33.53826948461784
1.000124016077812,33.53826953116618
1.0001240071211082,33.538269554440355
1.0001239892076996,33.53826960098869
1.0001239533808792,33.53826969408537
1.0001238817272253,33.53826988027876
1.0001238290485632,33.53827001716526
1.0001237763698916,33.538270154051766
1.0001237366674107,33.538270257219395
1.0001236969649245,33.53827036038703
1.0001236175599362,33.538270566722325
1.0001234587498953,33.53827097939302
1.0001233359194501,33.53827129857004
1.0001232954454362,33.53827140374244
1.000123254971417,33.53827150891485
1.0001232286100592,33.53827157741528
1.000123202248699,33.53827164591572
1.0001231495259717,33.53827178291659
1.0001231142035611,33.538271874702446
1.0001230788811464,33.53827196648831
1.0001230082363046,33.53827215006006
1.0001229564225818,33.538272284698834
1.00012290460885,33.53827241933762
1.0001228692329442,33.538272511262456
1.0001228338570343,33.53827260318729
1.0001228086868268,33.538272668592455
1.000122783516617,33.53827273399762
1.000122733176191,33.53827286480797
1.0001226324953139,33.5382731264287
1.000122553575091,33.53827333150403
1.0001224746548472,33.53827353657938
1.000122316814296,33.53827394673019
1.0001221939778175,33.53827426592239
1.0001221423867888,33.53827439998234
1.000122121350464,33.538274454645496
1.000122100314138,33.53827450930866
1.0001220582414816,33.538274618634986
1.0001219740961504,33.53827483728766
1.0001219640027466,33.53827486351548
1.0001219614793957,33.538274870072435
1.0001219564326937,33.538274883186354
1.0001219463392892,33.53827490941418
1.0001219261524792,33.53827496186985
1.0001218857788554,33.53827506678119
1.000121805031591,33.53827527660389
1.000121782993696,33.53827533386961
1.0001217719747482,33.538275362502475
1.0001217499368509,33.5382754197682
1.0001217312034107,33.53827546844726
1.0001217124699695,33.53827551712632
1.0001216750030835,33.53827561448444
1.0001216000692976,33.5382758092007
1.000121579299383,33.53827586317154
1.0001215689144252,33.53827589015696
1.0001215481445083,33.538275944127804
1.00012150660467,33.53827605206951
1.0001214235249765,33.53827626795295
1.00012139708912,33.538276336646796
1.0001213838711909,33.53827637099372
1.0001213574353311,33.53827643968757
1.0001213370588573,33.53827649263603
1.0001213166823821,33.538276545584495
1.0001212759294278,33.53827665148144
1.0001212452139128,33.538276731295994
1.0001212144983946,33.53827681111055
1.0001211875651375,33.53827688109686
1.0001211606318778,33.53827695108318
1.000121106765351,33.538277091055846
1.0001210703538248,33.53827718567152
1.0001210549650175,33.53827722565947
1.0001210395762097,33.53827726564742
1.0001210087985912,33.538277345623335
1.0001209472433448,33.538277505575174
1.0001208241328141,33.53827782547889
1.0001207476498783,33.5382780242204
1.000120733614055,33.53827806069259
1.0001207265961432,33.53827807892869
1.0001207125603189,33.538278115400885
1.0001207000836656,33.53827814782156
1.0001206876070117,33.53827818024223
1.0001206766996829,33.53827820858501
1.0001206657923536,33.538278236927795
1.0001206439776935,33.53827829361335
1.0001206252908672,33.53827834217121
1.00012060660404,33.53827839072907
1.000120569230382,33.538278487844785
1.0001204944830515,33.53827868207624
1.0001203449883338,33.53827907053923
1.000120045998672,33.538279847465574
1.0001200167061357,33.53827992358238
1.0001200093830012,33.53827994261158
1.0001199947367314,33.538279980669984
1.00011996544419,33.538280056786796
1.000119906859098,33.53828020902043
1.0001197896888796,33.53828051348776
1.0001197095984617,33.538280721603044
1.0001196295080221,33.53828092971836
1.0001195801312046,33.538281058024204
1.0001195307543789,33.53828118633006
1.0001194967726208,33.53828127463177
1.0001194627908587,33.53828136293349
1.0001193948273228,33.53828153953694
1.0001193377004995,33.53828168798115
1.0001193282102774,33.53828171264151
1.0001193234651664,33.5382817249717
1.000119313974944,33.53828174963206
1.0001192949944984,33.5382817989528
1.0001192570336033,33.53828189759429
1.0001191811117984,33.53828209487727
1.00011902926813,33.53828248944332
1.0001190219244749,33.53828250852581
1.000119021006518,33.53828251091112
1.0001190191706042,33.53828251568174
1.0001190154987767,33.538282525222996
1.0001190081551214,33.538282544305495
1.0001189934678105,33.5382825824705
1.0001189640931867,33.5382826588005
1.0001189053439297,33.53828281146051
1.0001188624241444,33.53828292298762
1.0001188195043529,33.53828303451474
1.00011878999104,33.538283111205104
1.000118760477724,33.53828318789547
1.0001187375243068,33.538283247539944
1.0001187145708879,33.538283307184415
1.0001186686640442,33.53828342647336
1.0001186344234367,33.53828351544758
1.0001186211931423,33.538283549826495
1.0001186079628477,33.53828358420541
1.0001185815022562,33.53828365296326
1.0001185285810663,33.538283790478964
1.00011848429616,33.53828390555328
1.0001184654776083,33.53828395445327
1.0001184466590554,33.53828400335326
1.0001184090219462,33.53828410115327
1.0001183337477138,33.538284296753304
1.0001181831991912,33.538284687953464
1.0001181421809506,33.53828479453931
1.0001181216718282,33.53828484783223
1.0001180806535794,33.53828495441808
1.0001180471839786,33.538285041388775
1.000118032998255,33.53828507825035
1.0001180188125312,33.53828511511192
1.000117990441081,33.538285188835076
1.0001179336981725,33.5382853362814
1.0001178975848743,33.53828543012171
1.0001178614715716,33.53828552396203
1.0001177892449529,33.53828571164271
1.0001177272762165,33.53828587266829
1.0001176653074673,33.53828603369388
1.0001176221853172,33.53828614574663
1.000117579063161,33.5382862577994
1.0001175459604392,33.5382863438167
1.0001175321591738,33.538286379679235
1.0001175183579074,33.53828641554177
1.0001175063240677,33.53828644681166
1.0001174942902273,33.53828647808155
1.0001174702225453,33.538286540621336
1.0001174220871754,33.53828666570089
1.0001173258164124,33.53828691586005
1.000117268528061,33.53828706472357
1.0001172112396985,33.5382872135871
1.0001171907928443,33.53828726671814
1.0001171805694165,33.53828729328367
1.00011716012256,33.53828734641473
1.000117119228843,33.53828745267683
1.000117037441392,33.538287665201075
1.0001168738664223,33.53828809024967
1.0001168531768996,33.53828814401127
1.0001168480045184,33.53828815745167
1.0001168376597562,33.53828818433247
1.0001168169702315,33.53828823809407
1.0001167990238333,33.53828828472767
1.000116781077434,33.53828833136127
1.000116765283869,33.53828837240074
1.0001167494903027,33.53828841344021
1.0001167179031678,33.538288495519176
1.0001166925303053,33.538288561450386
1.0001166815007427,33.538288590110625
1.0001166704711797,33.53828861877086
1.0001166484120525,33.538288676091355
1.0001166302618967,33.53828872325441
1.00011661211174,33.538288770417466
1.0001165758114232,33.53828886474358
1.000116547789262,33.53828893755896
1.000116519767098,33.53828901037434
1.0001164637227622,33.53828915600513
1.0001164133506728,33.538289286896614
1.000116362978575,33.538289417788114
1.0001163213031776,33.53828952608129
1.0001163042302657,33.538289570445116
1.0001162871573523,33.538289614808946
1.0001162530115233,33.538289703536606
1.0001162265100405,33.53828977240048
1.0001162000085553,33.53828984126436
1.000116147005578,33.53828997899213
1.0001161301328871,33.53829002283567
1.0001161216965413,33.53829004475744
1.0001161048238487,33.538290088600974
1.0001160910780693,33.53829012431925
1.0001160773322892,33.53829016003753
1.0001160498407267,33.53829023147411
1.0001159948575942,33.53829037434728
1.000115978354936,33.53829041722928
1.0001159701036069,33.53829043867028
1.0001159536009474,33.53829048155228
1.0001159205956254,33.538290567316295
1.000115895918923,33.53829063143847
1.0001158712422178,33.53829069556065
1.000115849424741,33.53829075225315
1.0001158276072628,33.53829080894565
1.0001157839723016,33.53829092233065
1.0001157511468255,33.53829100762732
1.0001157183213454,33.538291092924
1.0001156526703743,33.538291263517365
1.000115605175669,33.538291386931846
1.0001155576809562,33.53829151034633
1.0001155395987413,33.53829155733277
1.0001155305576335,33.53829158082599
1.0001155124754169,33.538291627812434
1.000115476310981,33.53829172178532
1.0001154467038353,33.538291798719165
1.000115417096687,33.53829187565301
1.0001153578823814,33.538292029520704
1.0001153107572924,33.538292151974694
1.0001152636321962,33.5382922744287
1.000115227719147,33.53829236774833
1.0001152115585605,33.53829240974142
1.0001151953979732,33.53829245173451
1.0001151814778757,33.53829248790572
1.0001151675577777,33.53829252407693
1.0001151397175798,33.538292596419346
1.0001151176913845,33.538292653654146
1.0001150956651872,33.53829271088895
1.000115051612788,33.53829282535856
1.0001149635079698,33.5382930542978
1.0001149407463068,33.538293113443686
1.0001149293654747,33.538293143016624
1.0001149066038093,33.538293202162514
1.0001148895966057,33.53829324635551
1.0001148725894011,33.5382932905485
1.000114838574989,33.538293378934505
1.0001148111880167,33.538293450099175
1.0001147838010416,33.53829352126385
1.0001147290270842,33.53829366359324
1.0001147104382284,33.53829371189612
1.0001147011438003,33.53829373604755
1.0001146931143983,33.53829375691184
1.000114685084996,33.53829377777613
1.000114669026191,33.53829381950471
1.0001146369085787,33.53829390296187
1.0001146119233,33.53829396788576
1.0001145869380192,33.538294032809645
1.0001145659620394,33.53829408731543
1.000114544986058,33.53829414182121
1.000114526813944,33.53829418904119
1.0001145086418288,33.538294236261166
1.000114493102666,33.538294276639455
1.0001144775635022,33.538294317017744
1.0001144464851723,33.53829439777433
1.000114421563493,33.538294462532946
1.0001143966418116,33.53829452729156
1.0001143467984421,33.53829465680881
1.000114312459644,33.53829474603765
1.0001142781208416,33.538294835266505
1.000114251855805,33.53829490351579
1.000114225590766,33.538294971765076
1.0001142055344412,33.538295023881126
1.0001141854781148,33.538295075997176
1.0001141678580505,33.53829512178264
1.0001141502379853,33.5382951675681
1.0001141149978516,33.53829525913903
1.0001140445175718,33.538295442280905
1.0001140276536913,33.538295486101426
1.0001140192217508,33.538295508011686
1.000114002357869,33.538295551832206
1.0001139874567313,33.538295590552565
1.0001139725555934,33.53829562927293
1.0001139427533152,33.53829570671365
1.0001138831487502,33.53829586159511
1.0001137639395838,33.5382961713581
1.0001137486423244,33.53829621110776
1.0001137448180095,33.53829622104518
1.0001137371693793,33.53829624092001
1.0001137218721181,33.53829628066968
1.000113709391902,33.538296313099295
1.0001136969116853,33.53829634552891
1.0001136867781069,33.538296371860845
1.000113676644528,33.53829639819278
1.0001136563773692,33.538296450856635
1.0001136158430477,33.53829655618435
1.0001136021940846,33.53829659165094
1.000113595369603,33.53829660938423
1.000113581720639,33.538296644850824
1.0001135700598751,33.5382966751511
1.000113558399111,33.53829670545138
1.000113535077581,33.53829676605195
1.000113515367761,33.538296817267565
1.0001134956579396,33.53829686848318
1.0001134562382932,33.5382969709144
1.0001134237550005,33.538297055321635
1.0001133912717042,33.53829713972887
1.0001133788561962,33.53829717199033
1.000113372648442,33.538297188121064
1.0001133602329328,33.53829722038253
1.0001133354019132,33.53829728490547
1.0001133134224918,33.53829734201858
1.0001132914430686,33.5382973991317
1.0001132744710726,33.53829744323311
1.0001132574990756,33.538297487334525
1.0001132235550787,33.53829757553735
1.0001132000706605,33.538297636561154
1.0001131765862405,33.538297697584966
1.0001131296173953,33.5382978196326
1.0001130356796823,33.53829806372789
1.0001129565749176,33.53829826928005
1.000112944314361,33.538298301138866
1.0001129381840823,33.53829831706827
1.0001129259235249,33.538298348927086
1.0001129014024086,33.53829841264471
1.0001128825478676,33.538298461637844
1.000112874455457,33.5382984826658
1.0001128663630463,33.53829850369376
1.0001128501782244,33.53829854574969
1.0001128359540665,33.53829858271087
1.0001128217299078,33.53829861967206
1.0001127932815885,33.53829869359443
1.0001127708191242,33.53829875196267
1.0001127483566583,33.538298810330915
1.0001127323996521,33.53829885179486
1.000112716442645,33.53829889325881
1.0001126845286288,33.53829897618671
1.0001126207005853,33.53829914204253
1.0001124930444572,33.53829947375423
1.0001123851578761,33.53829975409513
1.0001123514633217,33.53829984164968
1.0001123373568774,33.53829987830496
1.0001123232504328,33.53829991496024
1.0001122950375412,33.5382999882708
1.000112270779587,33.538300051304546
1.0001122465216312,33.53830011433829
1.0001121980057137,33.538300240405796
1.0001121009738547,33.53830049254084
1.0001120783553954,33.53830055131438
1.000112067046165,33.538300580701154
1.0001120444277032,33.5383006394747
1.0001119991907745,33.5383007570218
1.000111984610497,33.5383007949083
1.0001119773203582,33.538300813851556
1.0001119627400799,33.53830085173806
1.0001119335795212,33.538300927511074
1.0001119115326214,33.53830098479941
1.0001118894857197,33.53830104208776
1.0001118453919113,33.53830115666446
1.0001117572042748,33.53830138581789
1.0001115808289232,33.53830184412488
1.000111492415946,33.53830207386377
1.0001114617523377,33.538302153542375
1.0001114310887262,33.53830223322098
1.0001114213386941,33.538302258556186
1.0001114164636782,33.53830227122379
1.0001114067136458,33.538302296559
1.00011138721358,33.538302347229425
1.0001113482134452,33.53830244857026
1.0001113197313558,33.53830252258023
1.0001112912492636,33.538302596590206
1.000111269547014,33.538302652982935
1.0001112478447627,33.538302709375664
1.000111228633231,33.53830275929632
1.000111209421698,33.53830280921698
1.0001111709986283,33.5383029090583
1.0001111606759125,33.5383029358816
1.000111155514554,33.538302949293254
1.0001111451918374,33.538302976116555
1.0001111245464032,33.53830302976316
1.0001110832555302,33.53830313705639
1.0001110006737672,33.538303351642874
1.0001109494179292,33.538303484829775
1.0001109293985726,33.538303536849526
1.0001109093792149,33.538303588869276
1.000110869340495,33.538303692908784
1.000110789263039,33.53830390098783
1.0001107355076164,33.538304040669786
1.0001107137623326,33.5383040971743
1.0001106920170473,33.53830415367881
1.0001106485264712,33.538304266687845
1.0001105615453003,33.53830449270593
1.0001105365535357,33.53830455764632
1.0001105240576527,33.53830459011651
1.000110499065885,33.5383046550569
1.0001104490823431,33.53830478493768
1.0001104113986954,33.538304882857545
1.0001103951399917,33.53830492510531
1.0001103788812866,33.53830496735307
1.000110346363874,33.53830505184862
1.000110322548434,33.53830511373233
1.0001102987329922,33.53830517561604
1.0001102812066616,33.538305221157685
1.0001102636803298,33.53830526669933
1.000110249503322,33.53830530353787
1.0001102353263138,33.538305340376404
1.000110206972295,33.538305414053475
1.0001101502642489,33.538305561407626
1.0001101345687837,33.53830560219182
1.0001101267210506,33.53830562258391
1.0001101110255841,33.53830566336811
1.0001100970707362,33.538305699629355
1.0001100831158878,33.5383057358906
1.0001100711739057,33.53830576692149
1.0001100592319232,33.538305797952376
1.0001100353479568,33.538305860014134
1.000110018439399,33.5383059039505
1.0001100015308402,33.53830594788687
1.0001099677137197,33.53830603575962
1.0001099000794673,33.53830621150513
1.0001098784472016,33.5383062677159
1.000109867631068,33.538306295821286
1.0001098459987998,33.53830635203206
1.0001098027342588,33.53830646445362
1.0001097162051578,33.53830668929675
1.0001096619793521,33.53830683020078
1.0001096400557765,33.538306887168496
1.0001096302808856,33.53830691256824
1.0001096205059943,33.53830693796798
1.0001096118564794,33.538306960443464
1.0001096032069643,33.53830698291895
1.0001095859079336,33.53830702786993
1.0001095723226414,33.538307063170876
1.0001095587373487,33.538307098471826
1.0001095315667614,33.53830716907372
1.0001094772255792,33.53830731027751
1.0001093685431846,33.53830759268515
1.0001093575719953,33.538307621193425
1.000109354829198,33.538307628320496
1.0001093493436033,33.53830764257464
1.0001093383724136,33.53830767108291
1.0001093297621586,33.538307693456375
1.000109321151903,33.53830771582984
1.0001093039313909,33.538307760576764
1.0001092694903637,33.53830785007063
1.0001092006082977,33.53830802905838
1.0001091790510146,33.53830808507425
1.0001091682723726,33.53830811308219
1.0001091467150873,33.53830816909806
1.0001091036005119,33.53830828112983
1.0001090670073434,33.53830837621593
1.0001090304141704,33.53830847130204
1.0001089996615629,33.53830855121163
1.0001089689089522,33.538308631121225
1.0001089414598665,33.53830870244673
1.0001089140107784,33.53830877377223
1.000108892735575,33.53830882905511
1.0001088714603699,33.538308884337994
1.0001088547149064,33.538308927850494
1.000108837969442,33.538308971363
1.0001088231232922,33.5383090099402
1.0001088082771417,33.5383090485174
1.0001087785848386,33.53830912567181
1.0001087537815418,33.5383091901223
1.0001087289782433,33.538309254572795
1.0001087083974671,33.53830930805122
1.0001086878166896,33.53830936152965
1.0001086721107422,33.538309402341
1.0001086564047938,33.53830944315235
1.00010864246096,33.53830947938491
1.0001086285171252,33.53830951561746
1.0001086006294535,33.53830958808258
1.000108579972774,33.53830964175823
1.0001085709481292,33.53830966520845
1.0001085619234842,33.53830968865867
1.000108553919634,33.538309709456385
1.0001085459157835,33.5383097302541
1.000108529908082,33.53830977184954
1.0001084978926769,33.53830985504041
1.0001084762511396,33.538309911275164
1.0001084546096008,33.53830996750992
1.0001084113265186,33.53831007997944
1.0001083247603348,33.538310304918504
1.0001082613036671,33.53831046980831
1.000108197846986,33.53831063469815
1.0001081779187215,33.538310686481005
1.0001081679545887,33.538310712372436
1.0001081480263225,33.53831076415529
1.0001081081697856,33.53831086772101
1.0001080783339287,33.538310945248355
1.0001080649723764,33.53831097996784
1.0001080516108238,33.538311014687324
1.0001080248877163,33.53831108412631
1.000108006051237,33.5383111330722
1.000107987214757,33.538311182018084
1.0001079729383473,33.538311219114796
1.000107958661937,33.53831125621151
1.0001079301091143,33.53831133040493
1.0001078730034607,33.53831147879179
1.0001078273080775,33.53831159752949
1.0001077816126869,33.538311716267195
1.0001077491581913,33.53831180059893
1.0001077167036925,33.538311884930685
1.0001076961742537,33.538311938275626
1.0001076756448133,33.53831199162057
1.0001076593326355,33.53831203400713
1.000107643020457,33.53831207639369
1.0001076103960969,33.538312161166814
1.00010759953398,33.5383121893916
1.0001075941029218,33.53831220350399
1.0001075832408044,33.538312231728774
1.0001075615165687,33.538312288178346
1.000107554340742,33.53831230682445
1.0001075507528288,33.538312316147504
1.000107543577002,33.53831233479361
1.0001075292253476,33.53831237208581
1.0001075005220366,33.53831244667023
1.0001074762709625,33.53831250968569
1.0001074520198865,33.538312572701145
1.0001074035177286,33.53831269873207
1.000107306513389,33.538312950793944
1.000107282942413,33.538313012042174
1.0001072711569243,33.53831304266628
1.0001072475859456,33.53831310391452
1.0001072313756587,33.53831314603629
1.0001072151653712,33.53831318815806
1.0001071827447932,33.53831327240161
1.000107158043478,33.538313336586974
1.0001071333421607,33.538313400772346
1.00010708393952,33.538313529143075
1.0001070499356515,33.53831361750073
1.000107015931779,33.538313705858386
1.0001069924252406,33.538313766939154
1.0001069689187,33.53831382801992
1.0001069219056136,33.53831395018146
1.0001069054367502,33.53831399297512
1.0001068972023182,33.53831401437195
1.0001068807334532,33.53831405716561
1.0001068681295566,33.538314089916305
1.0001068555256594,33.538314122667
1.0001068303178633,33.5383141881684
1.0001068080762812,33.53831424596222
1.0001067981087906,33.53831427186232
1.0001067881412997,33.53831429776242
1.0001067682063172,33.53831434956263
1.0001067515639128,33.538314392807216
1.0001067349215078,33.5383144360518
1.0001067209570897,33.53831447233774
1.0001067069926712,33.53831450862368
1.0001066790638318,33.53831458119558
1.000106623206145,33.53831472633939
1.0001066081104586,33.53831476556488
1.0001066005626151,33.538314785177626
1.000106585466928,33.538314824403116
1.0001065732081158,33.53831485625712
1.0001065609493032,33.53831488811112
1.0001065364316768,33.53831495181912
1.000106487396418,33.53831507923512
1.0001064729051048,33.53831511689017
1.0001064656594478,33.538315135717696
1.0001064511681335,33.538315173372744
1.0001064221855025,33.53831524868285
1.0001064013827192,33.53831530273798
1.0001063805799344,33.538315356793106
1.0001063389743605,33.53831546490337
1.0001063252689786,33.538315500516205
1.0001063184162873,33.53831551832262
1.0001063047109047,33.538315553935455
1.000106292732156,33.53831558506171
1.000106280753407,33.538315616187965
1.0001062567959076,33.53831567844047
1.0001062395940803,33.53831572313866
1.0001062223922519,33.53831576783685
1.0001062095665714,33.538315801163805
1.0001061967408904,33.53831583449076
1.0001061865324816,33.53831586101686
1.0001061763240726,33.538315887542964
1.0001061559072528,33.53831594059516
1.0001061150736095,33.53831604669956
1.0001060824422912,33.53831613149058
1.0001060498109693,33.53831621628161
1.0001060271489852,33.53831627516775
1.0001060044869996,33.5383163340539
1.000105959163023,33.538316451826205
1.0001059257069802,33.53831653876022
1.0001058922509336,33.538316625694236
1.0001058253388289,33.5383167995623
1.0001058093332045,33.53831684115219
1.000105801330392,33.53831686194713
1.0001057853247668,33.538316903537016
1.0001057533135134,33.53831698671679
1.0001057324434417,33.53831704094671
1.0001057234025976,33.53831706443893
1.0001057143617533,33.53831708793115
1.0001056962800638,33.53831713491558
1.0001056812920937,33.538317173861124
1.0001056663041226,33.53831721280667
1.0001056363281782,33.538317290697776
1.000105615531749,33.53831734473633
1.0001056079210155,33.538317364512466
1.0001056003102817,33.538317384288604
1.0001055850888136,33.53831742384088
1.000105572115544,33.538317457551315
1.0001055591422738,33.53831749126175
1.0001055331957314,33.53831755868263
1.0001054813026395,33.5383176935244
1.0001054638931537,33.53831773876213
1.0001054551884103,33.538317761380995
1.000105437778923,33.538317806618736
1.000105402959945,33.53831789709421
1.000105376888193,33.538317964840424
1.0001053508164386,33.538318032586645
1.000105298672923,33.538318168079094
1.0001052600839277,33.538318268350764
1.0001052432755957,33.53831831202641
1.000105226467263,33.53831835570206
1.0001052202835825,33.53831837177005
1.0001052171917424,33.53831837980405
1.000105211008062,33.53831839587205
1.0001051986407006,33.53831842800804
1.000105188454903,33.53831845447535
1.000105178269105,33.538318480942664
1.0001051578975078,33.53831853387728
1.000105142718562,33.53831857331903
1.0001051275396158,33.53831861276079
1.000105097181721,33.53831869164432
1.000105077439686,33.53831874294305
1.0001050689659157,33.53831876496173
1.000105060492145,33.53831878698041
1.000105043544603,33.538318831017776
1.000105009649516,33.53831891909251
1.0001050007007994,33.53831894234532
1.0001049962264408,33.53831895397172
1.000104987277724,33.53831897722453
1.0001049693802888,33.53831902373014
1.0001049566426436,33.53831905682829
1.000104943904998,33.538319089926446
1.0001049331812144,33.53831911779167
1.0001049224574305,33.53831914565691
1.000104913114035,33.53831916993527
1.0001049089817449,33.53831918067283
1.0001049048494548,33.53831919141039
1.000104896584874,33.5383192128855
1.000104880055712,33.53831925583571
1.000104866927679,33.53831928994826
1.0001048537996458,33.538319324060815
1.0001048275435769,33.53831939228592
1.000104775031432,33.53831952873614
1.0001047565385512,33.538319576788986
1.0001047472921103,33.538319600815406
1.0001047287992275,33.53831964886825
1.0001046918134582,33.53831974497394
1.0001046178419062,33.538319937185335
1.0001046020323545,33.53831997826566
1.0001045941275784,33.538319998805825
1.0001045783180256,33.53832003988615
1.0001045466989174,33.53832012204682
1.0001044834606905,33.53832028636817
1.0001044334112879,33.53832041641902
1.000104414258709,33.53832046618602
1.0001043951061293,33.538320515953025
1.0001043568009655,33.538320615487045
1.000104331157321,33.53832068212074
1.000104320325023,33.53832071026791
1.0001043094927242,33.53832073841508
1.000104287828126,33.538320794709435
1.0001042444989248,33.53832090729814
1.0001042166759662,33.53832097959467
1.0001041888530051,33.53832105189121
1.000104168154631,33.538321105674875
1.0001041601774676,33.538321126403126
1.000104152200304,33.53832114713138
1.0001041362459764,33.53832118858787
1.0001041043373184,33.53832127150087
1.0001040405199926,33.53832143732688
1.0001039128853,33.53832176897896
1.000103899322035,33.53832180422239
1.000103895931219,33.53832181303325
1.0001038891495861,33.538321830654965
1.0001038755863203,33.5383218658984
1.0001038484597866,33.53832193638528
1.0001037942067115,33.53832207735903
1.0001037620018995,33.53832216104153
1.0001037477270462,33.538322198133976
1.0001037334521923,33.538322235226424
1.0001037049024826,33.53832230941132
1.0001036960271636,33.53832233247337
1.0001036915895043,33.53832234400439
1.0001036827141851,33.53832236706644
1.0001036649635457,33.53832241319053
1.0001036522752742,33.53832244616032
1.0001036395870024,33.538322479130116
1.0001036142104567,33.53832254506972
1.000103563457359,33.53832267694892
1.0001035304725825,33.53832276265809
1.0001034974878025,33.538322848367265
1.0001034848181602,33.53832288128864
1.000103478483339,33.53832289774933
1.000103465813696,33.53832293067071
1.0001034404744085,33.53832299651348
1.0001033897958271,33.53832312819902
1.000103374634349,33.5383231675953
1.0001033670536101,33.53832318729344
1.000103351892131,33.53832322668973
1.0001033215691704,33.53832330548229
1.000103311816517,33.53832333082402
1.0001033069401901,33.53832334349489
1.0001032971875363,33.53832336883663
1.0001032884151675,33.538323391631145
1.0001032796427987,33.53832341442566
1.0001032719573757,33.538323434395814
1.0001032642719525,33.538323454365965
1.0001032489011057,33.53832349430627
1.0001032362488314,33.53832352718251
1.0001032235965568,33.53832356005876
1.0001032122220592,33.53832358961476
1.000103200847561,33.53832361917077
1.0001031908243723,33.53832364521548
1.0001031808011835,33.53832367126019
1.0001031607548048,33.5383237233496
1.0001031447381212,33.53832376496807
1.0001031287214366,33.53832380658654
1.0001031156014306,33.538323840678146
1.000103102481424,33.53832387476975
1.0001030762414092,33.53832394295298
1.0001030237613726,33.53832407931944
1.00010300364539,33.5383241315897
1.0001029935873977,33.53832415772483
1.0001029734714126,33.5383242099951
1.0001029598609659,33.538324245361096
1.0001029462505189,33.53832428072709
1.0001029350987878,33.53832430970424
1.0001029239470565,33.538324338681385
1.00010291491003,33.53832436216359
1.0001029058730033,33.5383243856458
1.000102887798949,33.538324432610224
1.0001028720947707,33.53832447341665
1.0001028563905916,33.53832451422308
1.0001028249822308,33.53832459583593
1.00010280363746,33.53832465129912
1.0001027947085763,33.53832467450032
1.0001027857796925,33.538324697701526
1.0001027787028045,33.53832471609042
1.0001027716259165,33.53832473447932
1.0001027574721397,33.5383247712571
1.0001027449330055,33.53832480383933
1.000102732393871,33.53832483642156
1.0001027217582377,33.53832486405765
1.000102711122604,33.53832489169374
1.0001027029385423,33.53832491295957
1.0001026947544802,33.53832493422539
1.0001026783863551,33.53832497675703
1.0001026651770373,33.53832501108069
1.0001026519677187,33.53832504540434
1.0001026255490801,33.53832511405167
1.0001026048771138,33.5383251677666
1.000102584205146,33.53832522148153
1.0001025428612063,33.538325328911384
1.0001025277963216,33.538325368056626
1.0001025202638787,33.53832538762925
1.0001025051989925,33.53832542677449
1.000102492304192,33.53832546028089
1.0001024794093911,33.53832549378729
1.0001024536197873,33.53832556080009
1.0001024351241987,33.53832560885981
1.0001024166286092,33.538325656919525
1.0001023796374267,33.53832575303897
1.000102356209639,33.53832581391472
1.0001023458666267,33.538325840790435
1.0001023355236143,33.53832586766615
1.000102314837588,33.53832592141759
1.000102273465531,33.53832602892048
1.0001022675179698,33.53832604437487
1.0001022660310797,33.53832604823847
1.000102263057299,33.53832605596566
1.0001022571097375,33.53832607142005
1.0001022452146142,33.53832610232884
1.0001022214243664,33.53832616414641
1.0001022001861084,33.53832621933278
1.000102178947849,33.53832627451915
1.0001021364713252,33.538326384891896
1.0001021019579792,33.53832647457279
1.000102067444629,33.5383265642537
1.0001020411054538,33.53832663269449
1.0001020294608471,33.53832666295231
1.00010201781624,33.53832669321013
1.0001019945270246,33.53832675372577
1.0001019479485886,33.53832687475707
1.0001019368243043,33.538326903662856
1.0001019312621617,33.53832691811575
1.000101920137877,33.53832694702154
1.0001019102391906,33.53832697274268
1.000101900340504,33.53832699846382
1.0001018805431303,33.538327049906115
1.0001018409483788,33.53832715279071
1.0001017617588601,33.53832735855992
1.000101706605844,33.53832750187171
1.0001016514528178,33.53832764518352
1.0001016370608176,33.53832768258026
1.000101629864817,33.53832770127864
1.0001016154728157,33.53832773867538
1.0001016042331474,33.53832776788097
1.000101592993479,33.538327797086566
1.0001015705141405,33.538327855497755
1.0001015255554582,33.53832797232015
1.000101435638073,33.53832820596497
1.000101425617401,33.53832823200308
1.0001014231122327,33.538328238512605
1.0001014181018963,33.53832825153165
1.0001014080812234,33.53832827756976
1.000101399409782,33.53832830010197
1.0001013907383405,33.538328322634186
1.0001013833949273,33.53832834171559
1.0001013760515138,33.538328360796996
1.0001013613646865,33.53832839895981
1.0001013319910295,33.538328475285454
1.0001013063940596,33.538328541797604
1.0001012807970875,33.538328608309754
1.0001012627007941,33.53832865533185
1.0001012446044995,33.53832870235395
1.0001012084119068,33.53832879639816
1.0001011811841496,33.53832886714779
1.0001011689389365,33.53832889896622
1.0001011566937228,33.53832893078465
1.0001011472037171,33.53832895544384
1.000101137713711,33.538328980103024
1.000101118733698,33.538329029421405
1.0001010807736683,33.538329128058166
1.0001010575664595,33.53832918836064
1.000101034359249,33.53832924866312
1.000101025863131,33.538329270739744
1.0001010216150719,33.538329281778054
1.0001010131189536,33.53832930385468
1.0001009961267162,33.53832934800795
1.000100962142239,33.53832943631447
1.0001009513127124,33.538329464454314
1.0001009458979486,33.53832947852424
1.0001009350684213,33.538329506664084
1.0001009134093657,33.53832956294377
1.0001008979784278,33.53832960304009
1.0001008911039604,33.53832962090296
1.0001008842294927,33.53832963876582
1.000100870480557,33.53832967449156
1.0001008429826836,33.53832974594304
1.000100818765136,33.538329808870806
1.0001008083164147,33.53832983602115
1.0001007978676932,33.53832986317149
1.000100776970249,33.53832991747217
1.0001007351753566,33.53833002607353
1.000100721595921,33.53833006135882
1.000100714806203,33.53833007900147
1.0001007012267669,33.53833011428676
1.000100674067892,33.53833018485736
1.0001006637876368,33.53833021156994
1.0001006586475094,33.538330224926234
1.000100648367254,33.53833025163882
1.0001006278067421,33.538330305063994
1.0001005866857142,33.538330411914345
1.0001005499333404,33.53833050741302
1.000100513180962,33.53833060291171
1.0001004842971013,33.53833067796455
1.0001004720379987,33.538330709819036
1.0001004597788958,33.53833074167352
1.0001004498272972,33.5383307675321
1.0001004398756983,33.538330793390685
1.0001004199724999,33.53833084510786
1.0001004031142926,33.53833088891282
1.0001003862560842,33.53833093271778
1.0001003731276117,33.53833096683126
1.0001003599991387,33.538331000944744
1.0001003337421908,33.53833106917171
1.0001002812282878,33.53833120562566
1.0001002696755872,33.5383312356446
1.0001002638992367,33.53833125065407
1.0001002523465354,33.538331280673006
1.0001002292411314,33.53833134071088
1.0001002097341656,33.53833139139845
1.0001001902271984,33.53833144208602
1.0001001512132608,33.53833154346116
1.0001000731853693,33.538331746211476
1.0001000569135412,33.53833178849274
1.0001000487776273,33.53833180963337
1.000100032505798,33.53833185191464
1.0001000180952595,33.538331889359476
1.0001000036847203,33.53833192680431
1.0000999913823578,33.53833195877119
